episode,global_step,avg_reward,avg_deliveries,avg_ttfd,buffer_size,entropy_coef
10,500,0.8,0.8,19.0,3.5,0.00999000449880021
20,1000,0.55,0.55,24.8,6.25,0.009980018988604844
30,1500,0.5,0.5,24.642857142857142,7.966666666666667,0.009970043459427395
40,2000,0.45,0.45,23.176470588235293,9.95,0.009960077901291331
50,2500,0.4,0.4,23.68421052631579,11.66,0.009950122304230098
60,3000,0.38333333333333336,0.38333333333333336,24.045454545454547,13.033333333333333,0.0099401766582871
70,3500,0.38571428571428573,0.38571428571428573,23.653846153846153,14.614285714285714,0.0099302409535157
80,4000,0.3625,0.3625,24.285714285714285,16.175,0.009920315179979195
90,4500,0.36666666666666664,0.36666666666666664,24.419354838709676,17.68888888888889,0.009910399327750822
100,5000,0.35,0.35,24.606060606060606,19.12,0.009900493386913728
110,5500,0.35,0.35,26.2,22.45,0.00989059734756099
120,6000,0.37,0.37,25.818181818181817,25.76,0.009880711199795571
130,6500,0.37,0.37,25.595744680851062,29.08,0.009870834933730338
140,7000,0.39,0.39,25.73076923076923,32.4,0.009860968539488035
150,7500,0.4,0.4,25.672727272727272,35.91,0.009851112007201283
160,8000,0.45,0.45,24.629032258064516,39.84,0.00984126532701256
170,8500,0.42,0.42,24.603174603174605,43.69,0.009831428489074201
180,9000,0.41,0.41,24.59375,47.38,0.009821601483548383
190,9500,0.42,0.42,24.573529411764707,51.09,0.00981178430060712
200,10000,0.41,0.41,24.36231884057971,54.7,0.009801976930432239
210,10500,0.37,0.37,24.47945205479452,58.14,0.009792179363215393
220,11000,0.34,0.34,24.56,61.31,0.009782391589158038
230,11500,0.34,0.34,24.60759493670886,64.6,0.009772613598471416
240,12000,0.33,0.33,24.573170731707318,67.78,0.009762845381376556
250,12500,0.34,0.34,24.458823529411763,70.83,0.009753086928104265
260,13000,0.29,0.29,24.28409090909091,73.64,0.009743338228895112
270,13500,0.32,0.32,24.358695652173914,76.35,0.009733599273999426
280,14000,0.36,0.36,24.31958762886598,79.46,0.009723870053677272
290,14500,0.34,0.34,24.353535353535353,82.59,0.00971415055819846
300,15000,0.35,0.35,24.41,85.77,0.00970444077784252
310,15500,0.34,0.34,24.78,88.65,0.0096947407028987
320,16000,0.35,0.35,24.89,91.27,0.009685050323665952
330,16500,0.34,0.34,24.44,93.52,0.009675369630452929
340,17000,0.31,0.31,24.48,95.43,0.009665698613577968
350,17500,0.29,0.29,24.27,97.02,0.009656037263369088
360,18000,0.31,0.31,24.68,98.29,0.009646385570163965
370,18500,0.3,0.3,24.44,99.32,0.009636743524309944
380,19000,0.3,0.3,24.37,99.81,0.009627111116164013
390,19500,0.29,0.29,24.17,99.99,0.009617488336092802
400,20000,0.3,0.3,23.99,100.0,0.009607875174472565
410,20500,0.27,0.27,23.99,100.0,0.00959827162168918
420,21000,0.28,0.28,23.96,100.0,0.00958867766813813
430,21500,0.26,0.26,23.81,100.0,0.0095790933042245
440,22000,0.27,0.27,23.69,100.0,0.009569518520362976
450,22500,0.3,0.3,23.35,100.0,0.009559953306977807
460,23000,0.28,0.28,23.17,100.0,0.009550397654502822
470,23500,0.29,0.29,23.11,100.0,0.009540851553381417
480,24000,0.28,0.28,23.5,100.0,0.009531314994066535
490,24500,0.31,0.31,24.58,100.0,0.00952178796702066
500,25000,0.31,0.31,24.76,100.0,0.009512270462715812
510,25500,0.33,0.33,24.92,100.0,0.009502762471633532
520,26000,0.34,0.34,24.96,100.0,0.00949326398426488
530,26500,0.34,0.34,24.94,100.0,0.009483774991110418
540,27000,0.35,0.35,24.73,100.0,0.0094742954826802
550,27500,0.35,0.35,24.38,100.0,0.009464825449493772
560,28000,0.36,0.36,24.42,100.0,0.00945536488208015
570,28500,0.37,0.37,24.6,100.0,0.009445913770977825
580,29000,0.36,0.36,24.56,100.0,0.009436472106734735
590,29500,0.34,0.34,24.72,100.0,0.009427039879908271
600,30000,0.34,0.34,24.71,100.0,0.009417617081065264
610,30500,0.36,0.36,24.81,100.0,0.00940820370078197
620,31000,0.35,0.35,24.43,100.0,0.009398799729644067
630,31500,0.37,0.37,24.62,100.0,0.009389405158246643
640,32000,0.39,0.39,24.2,100.0,0.009380019977194187
650,32500,0.39,0.39,24.34,100.0,0.00937064417710058
660,33000,0.39,0.39,24.05,100.0,0.009361277748589079
670,33500,0.39,0.39,23.78,100.0,0.009351920682292323
680,34000,0.42,0.42,23.78,100.0,0.009342572968852304
690,34500,0.43,0.43,23.85,100.0,0.00933323459892038
700,35000,0.43,0.43,24.22,100.0,0.009323905563157238
710,35500,0.41,0.41,24.56,100.0,0.009314585852232911
720,36000,0.4,0.4,24.38,100.0,0.009305275456826759
730,36500,0.4,0.4,24.23,100.0,0.00929597436762745
740,37000,0.41,0.41,24.59,100.0,0.009286682575332965
750,37500,0.39,0.39,24.56,100.0,0.009277400070650586
760,38000,0.37,0.37,24.79,100.0,0.009268126844296875
770,38500,0.35,0.35,24.31,100.0,0.009258862886997676
780,39000,0.31,0.31,24.22,100.0,0.009249608189488109
790,39500,0.32,0.32,23.8,100.0,0.009240362742512548
800,40000,0.32,0.32,23.72,100.0,0.009231126536824622
810,40500,0.39,0.39,22.8,100.0,0.009221899563187195
820,41000,0.39,0.39,22.85,100.0,0.00921268181237238
830,41500,0.37,0.37,23.09,100.0,0.009203473275161498
840,42000,0.33,0.33,23.28,100.0,0.009194273942345088
850,42500,0.34,0.34,23.08,100.0,0.009185083804722898
860,43000,0.37,0.37,22.64,100.0,0.009175902853103872
870,43500,0.37,0.37,22.67,100.0,0.009166731078306137
880,44000,0.37,0.37,22.62,100.0,0.009157568471157
890,44500,0.34,0.34,22.48,100.0,0.009148415022492942
900,45000,0.35,0.35,22.48,100.0,0.009139270723159591
910,45500,0.28,0.28,22.67,100.0,0.009130135564011736
920,46000,0.28,0.28,22.27,100.0,0.009121009535913306
930,46500,0.32,0.32,21.95,100.0,0.009111892629737356
940,47000,0.35,0.35,21.88,100.0,0.009102784836366064
950,47500,0.35,0.35,21.93,100.0,0.009093686146690731
960,48000,0.33,0.33,22.08,100.0,0.009084596551611753
970,48500,0.34,0.34,21.98,100.0,0.00907551604203863
980,49000,0.36,0.36,22.14,100.0,0.00906644460888994
990,49500,0.36,0.36,21.84,100.0,0.009057382243093342
1000,50000,0.38,0.38,21.44,100.0,0.009048328935585565
1010,50500,0.42,0.42,21.2,100.0,0.009039284677312392
1020,51000,0.4,0.4,21.3,100.0,0.009030249459228661
1030,51500,0.36,0.36,21.2,100.0,0.00902122327229825
1040,52000,0.34,0.34,21.1,100.0,0.009012206107494064
1050,52500,0.32,0.32,21.11,100.0,0.009003197955798042
1060,53000,0.33,0.33,21.57,100.0,0.008994198808201128
1070,53500,0.35,0.35,20.97,100.0,0.008985208655703278
1080,54000,0.36,0.36,20.48,100.0,0.008976227489313433
1090,54500,0.38,0.38,21.02,100.0,0.008967255300049532
1100,55000,0.34,0.34,20.91,100.0,0.008958292078938489
1110,55500,0.32,0.32,20.9,100.0,0.008949337817016177
1120,56000,0.38,0.38,20.99,100.0,0.008940392505327448
1130,56500,0.44,0.44,20.8,100.0,0.008931456134926088
1140,57000,0.44,0.44,21.0,100.0,0.008922528696874838
1150,57500,0.45,0.45,20.94,100.0,0.00891361018224536
1160,58000,0.44,0.44,20.68,100.0,0.008904700582118253
1170,58500,0.44,0.44,20.95,100.0,0.00889579988758302
1180,59000,0.45,0.45,21.51,100.0,0.008886908089738077
1190,59500,0.45,0.45,21.83,100.0,0.008878025179690737
1200,60000,0.45,0.45,21.57,100.0,0.0088691511485572
1210,60500,0.44,0.44,21.61,100.0,0.008860285987462548
1220,61000,0.4,0.4,21.92,100.0,0.008851429687540732
1230,61500,0.38,0.38,21.69,100.0,0.008842582239934567
1240,62000,0.4,0.4,22.02,100.0,0.008833743635795714
1250,62500,0.41,0.41,22.92,100.0,0.008824913866284692
1260,63000,0.45,0.45,23.29,100.0,0.008816092922570842
1270,63500,0.41,0.41,23.45,100.0,0.008807280795832342
1280,64000,0.38,0.38,23.13,100.0,0.008798477477256181
1290,64500,0.41,0.41,23.54,100.0,0.00878968295803816
1300,65000,0.44,0.44,23.64,100.0,0.008780897229382877
1310,65500,0.47,0.47,23.49,100.0,0.008772120282503725
1320,66000,0.49,0.49,23.64,100.0,0.00876335210862288
1330,66500,0.45,0.45,23.55,100.0,0.008754592698971289
1340,67000,0.44,0.44,23.82,100.0,0.008745842044788664
1350,67500,0.44,0.44,23.15,100.0,0.00873710013732348
1360,68000,0.4,0.4,23.32,100.0,0.00872836696783295
1370,68500,0.4,0.4,23.35,100.0,0.008719642527583032
1380,69000,0.43,0.43,22.98,100.0,0.008710926807848416
1390,69500,0.4,0.4,22.49,100.0,0.008702219799912505
1400,70000,0.41,0.41,22.3,100.0,0.008693521495067419
1410,70500,0.41,0.41,22.06,100.0,0.008684831884613985
1420,71000,0.39,0.39,21.71,100.0,0.008676150959861722
1430,71500,0.4,0.4,21.4,100.0,0.008667478712128838
1440,72000,0.41,0.41,21.33,100.0,0.008658815132742213
1450,72500,0.4,0.4,21.22,100.0,0.008650160213037404
1460,73000,0.42,0.42,21.28,100.0,0.008641513944358624
1470,73500,0.42,0.42,21.31,100.0,0.008632876318058744
1480,74000,0.4,0.4,21.25,100.0,0.008624247325499266
1490,74500,0.4,0.4,21.25,100.0,0.008615626958050335
1500,75000,0.38,0.38,21.06,100.0,0.008607015207090722
1510,75500,0.4,0.4,19.89,100.0,0.008598412064007813
1520,76000,0.38,0.38,19.66,100.0,0.008589817520197607
1530,76500,0.37,0.37,19.65,100.0,0.008581231567064699
1540,77000,0.36,0.36,19.5,100.0,0.00857265419602227
1550,77500,0.36,0.36,19.26,100.0,0.008564085398492098
1560,78000,0.34,0.34,19.6,100.0,0.008555525165904528
1570,78500,0.37,0.37,19.1,100.0,0.008546973489698467
1580,79000,0.37,0.37,18.61,100.0,0.008538430361321384
1590,79500,0.4,0.4,18.71,100.0,0.00852989577222929
1600,80000,0.38,0.38,18.9,100.0,0.008521369713886751
1610,80500,0.33,0.33,18.9,100.0,0.00851285217776685
1620,81000,0.34,0.34,18.54,100.0,0.008504343155351202
1630,81500,0.38,0.38,18.06,100.0,0.00849584263812993
1640,82000,0.39,0.39,18.1,100.0,0.008487350617601667
1650,82500,0.41,0.41,18.15,100.0,0.00847886708527354
1660,83000,0.4,0.4,18.22,100.0,0.00847039203266117
1670,83500,0.35,0.35,18.22,100.0,0.008461925451288654
1680,84000,0.35,0.35,18.34,100.0,0.008453467332688567
1690,84500,0.3,0.3,18.5,100.0,0.00844501766840194
1700,85000,0.33,0.33,18.54,100.0,0.008436576449978266
1710,85500,0.31,0.31,18.51,100.0,0.00842814366897548
1720,86000,0.32,0.32,18.73,100.0,0.008419719316959957
1730,86500,0.31,0.31,18.76,100.0,0.008411303385506502
1740,87000,0.29,0.29,18.91,100.0,0.00840289586619834
1750,87500,0.28,0.28,19.09,100.0,0.00839449675062711
1760,88000,0.3,0.3,18.87,100.0,0.00838610603039286
1770,88500,0.36,0.36,18.95,100.0,0.008377723697104022
1780,89000,0.35,0.35,19.05,100.0,0.00836934974237743
1790,89500,0.35,0.35,18.88,100.0,0.00836098415783829
1800,90000,0.34,0.34,18.75,100.0,0.008352626935120183
1810,90500,0.34,0.34,18.72,100.0,0.008344278065865046
1820,91000,0.33,0.33,19.12,100.0,0.008335937541723171
1830,91500,0.32,0.32,19.61,100.0,0.008327605354353207
1840,92000,0.3,0.3,19.84,100.0,0.008319281495422126
1850,92500,0.29,0.29,19.61,100.0,0.008310965956605238
1860,93000,0.31,0.31,19.68,100.0,0.008302658729586174
1870,93500,0.27,0.27,19.77,100.0,0.008294359806056872
1880,94000,0.25,0.25,19.99,100.0,0.00828606917771758
1890,94500,0.27,0.27,20.12,100.0,0.008277786836276838
1900,95000,0.3,0.3,20.29,100.0,0.008269512773451476
1910,95500,0.37,0.37,20.13,100.0,0.008261246980966603
1920,96000,0.42,0.42,19.84,100.0,0.008252989450555602
1930,96500,0.45,0.45,20.62,100.0,0.008244740173960114
1940,97000,0.49,0.49,20.7,100.0,0.008236499142930039
1950,97500,0.51,0.51,20.34,100.0,0.00822826634922352
1960,98000,0.51,0.51,20.85,100.0,0.008220041784606932
1970,98500,0.5,0.5,20.79,100.0,0.008211825440854897
1980,99000,0.51,0.51,20.73,100.0,0.008203617309750244
1990,99500,0.51,0.51,20.61,100.0,0.008195417383084021
2000,100000,0.47,0.47,20.27,100.0,0.008187225652655481
2010,100500,0.44,0.44,20.07,100.0,0.008179042110272075
2020,101000,0.41,0.41,19.54,100.0,0.008170866747749441
2030,101500,0.4,0.4,19.55,100.0,0.008162699556911396
2040,102000,0.39,0.39,19.52,100.0,0.008154540529589938
2050,102500,0.35,0.35,19.58,100.0,0.008146389657625212
2060,103000,0.33,0.33,19.49,100.0,0.008138246932865538
2070,103500,0.37,0.37,19.18,100.0,0.008130112347167377
2080,104000,0.38,0.38,18.92,100.0,0.008121985892395324
2090,104500,0.36,0.36,18.58,100.0,0.008113867560422112
2100,105000,0.37,0.37,18.13,100.0,0.008105757343128598
2110,105500,0.35,0.35,18.17,100.0,0.008097655232403753
2120,106000,0.36,0.36,18.06,100.0,0.008089561220144658
2130,106500,0.33,0.33,17.97,100.0,0.008081475298256487
2140,107000,0.32,0.32,17.75,100.0,0.00807339745865251
2150,107500,0.32,0.32,17.46,100.0,0.008065327693254078
2160,108000,0.31,0.31,17.41,100.0,0.008057265993990615
2170,108500,0.28,0.28,17.39,100.0,0.008049212352799618
2180,109000,0.3,0.3,17.22,100.0,0.008041166761626643
2190,109500,0.35,0.35,17.48,100.0,0.008033129212425289
2200,110000,0.36,0.36,17.17,100.0,0.008025099697157206
2210,110500,0.35,0.35,16.92,100.0,0.00801707820779207
2220,111000,0.33,0.33,16.82,100.0,0.008009064736307591
2230,111500,0.33,0.33,16.83,100.0,0.008001059274689496
2240,112000,0.37,0.37,17.24,100.0,0.007993061814931523
2250,112500,0.4,0.4,17.55,100.0,0.00798507234903541
2260,113000,0.43,0.43,16.92,100.0,0.00797709086901089
2270,113500,0.43,0.43,16.92,100.0,0.007969117366875687
2280,114000,0.4,0.4,17.13,100.0,0.007961151834655502
2290,114500,0.33,0.33,17.13,100.0,0.007953194264384003
2300,115000,0.32,0.32,17.19,100.0,0.007945244648102822
2310,115500,0.34,0.34,17.87,100.0,0.007937302977861549
2320,116000,0.33,0.33,17.95,100.0,0.007929369245717719
2330,116500,0.34,0.34,18.06,100.0,0.007921443443736804
2340,117000,0.3,0.3,18.12,100.0,0.00791352556399221
2350,117500,0.28,0.28,17.97,100.0,0.007905615598565265
2360,118000,0.27,0.27,17.71,100.0,0.007897713539545213
2370,118500,0.3,0.3,17.81,100.0,0.007889819379029203
2380,119000,0.31,0.31,18.12,100.0,0.007881933109122283
2390,119500,0.36,0.36,18.41,100.0,0.007874054721937394
2400,120000,0.35,0.35,18.65,100.0,0.007866184209595362
2410,120500,0.31,0.31,18.65,100.0,0.007858321564224884
2420,121000,0.37,0.37,18.86,100.0,0.007850466777962532
2430,121500,0.4,0.4,19.05,100.0,0.007842619842952729
2440,122000,0.41,0.41,19.35,100.0,0.007834780751347758
2450,122500,0.43,0.43,19.49,100.0,0.00782694949530774
2460,123000,0.42,0.42,19.2,100.0,0.007819126067000632
2470,123500,0.41,0.41,18.99,100.0,0.007811310458602231
2480,124000,0.4,0.4,19.11,100.0,0.007803502662296143
2490,124500,0.39,0.39,18.93,100.0,0.00779570267027379
2500,125000,0.4,0.4,19.68,100.0,0.007787910474734398
2510,125500,0.44,0.44,19.67,100.0,0.007780126067884993
2520,126000,0.41,0.41,19.84,100.0,0.007772349441940387
2530,126500,0.41,0.41,20.18,100.0,0.007764580589123177
2540,127000,0.4,0.4,20.83,100.0,0.007756819501663735
2550,127500,0.39,0.39,21.05,100.0,0.007749066171800192
2560,128000,0.38,0.38,21.38,100.0,0.007741320591778445
2570,128500,0.36,0.36,20.98,100.0,0.007733582753852137
2580,129000,0.4,0.4,20.99,100.0,0.007725852650282658
2590,129500,0.38,0.38,21.01,100.0,0.007718130273339129
2600,130000,0.38,0.38,20.67,100.0,0.007710415615298401
2610,130500,0.36,0.36,20.67,100.0,0.0077027086684450415
2620,131000,0.35,0.35,20.69,100.0,0.007695009425071335
2630,131500,0.32,0.32,20.78,100.0,0.007687317877477266
2640,132000,0.31,0.31,20.56,100.0,0.007679634017970519
2650,132500,0.29,0.29,20.7,100.0,0.007671957838866461
2660,133000,0.3,0.3,21.03,100.0,0.007664289332488148
2670,133500,0.32,0.32,20.28,100.0,0.007656628491166307
2680,134000,0.27,0.27,20.42,100.0,0.007648975307239327
2690,134500,0.3,0.3,20.41,100.0,0.007641329773053262
2700,134991,0.28,0.28,20.83,100.0,0.0076336918809618085
2710,135491,0.31,0.31,20.66,100.0,0.0076260616233263115
2720,135991,0.35,0.35,20.2,100.0,0.007618438992515749
2730,136491,0.33,0.33,20.07,100.0,0.007610823980906728
2740,136991,0.34,0.34,20.08,100.0,0.0076032165808834744
2750,137491,0.34,0.34,20.24,100.0,0.007595616784837828
2760,137991,0.32,0.32,19.7,100.0,0.0075880245851692295
2770,138491,0.32,0.32,19.56,100.0,0.00758043997428472
2780,138991,0.36,0.36,19.63,100.0,0.007572862944598931
2790,139491,0.37,0.37,19.82,100.0,0.007565293488534073
2800,139991,0.39,0.39,19.59,100.0,0.007557731598519933
2810,140491,0.39,0.39,19.2,100.0,0.0075501772669938644
2820,140991,0.36,0.36,19.35,100.0,0.007542630486400779
2830,141491,0.4,0.4,18.81,100.0,0.00753509124919314
2840,141991,0.41,0.41,18.37,100.0,0.007527559547830957
2850,142491,0.41,0.41,18.16,100.0,0.0075200353747817755
2860,142991,0.44,0.44,17.57,100.0,0.007512518722520666
2870,143491,0.42,0.42,17.23,100.0,0.007505009583530227
2880,143991,0.41,0.41,17.54,100.0,0.007497507950300566
2890,144491,0.37,0.37,17.54,100.0,0.0074900138153293
2900,144991,0.36,0.36,17.65,100.0,0.007482527171121546
2910,145491,0.35,0.35,17.42,100.0,0.007475048010189906
2920,145991,0.34,0.34,17.27,100.0,0.007467576325054473
2930,146491,0.35,0.35,17.1,100.0,0.007460112108242813
2940,146991,0.34,0.34,17.28,100.0,0.007452655352289963
2950,147491,0.38,0.38,17.57,100.0,0.00744520604973842
2960,147991,0.37,0.37,18.02,100.0,0.007437764193138136
2970,148491,0.41,0.41,17.85,100.0,0.007430329775046512
2980,148991,0.39,0.39,17.41,100.0,0.007422902788028381
2990,149491,0.4,0.4,17.26,100.0,0.007415483224656016
3000,149991,0.4,0.4,17.32,100.0,0.007408071077509108
3010,150491,0.41,0.41,17.55,100.0,0.007400666339174772
3020,150991,0.41,0.41,17.53,100.0,0.007393269002247526
3030,151491,0.37,0.37,17.59,100.0,0.007385879059329294
3040,151991,0.38,0.38,17.88,100.0,0.007378496503029392
3050,152491,0.38,0.38,17.82,100.0,0.007371121325964524
3060,152991,0.41,0.41,18.01,100.0,0.007363753520758779
3070,153491,0.4,0.4,18.46,100.0,0.007356393080043608
3080,153991,0.39,0.39,18.6,100.0,0.00734903999645784
3090,154491,0.4,0.4,18.31,100.0,0.00734169426264765
3100,154991,0.4,0.4,18.1,100.0,0.0073343558712665735
3110,155491,0.4,0.4,17.84,100.0,0.007327024814975481
3120,155991,0.4,0.4,17.82,100.0,0.007319701086442584
3130,156491,0.44,0.44,18.16,100.0,0.0073123846783434195
3140,156991,0.4,0.4,18.16,100.0,0.00730507558336085
3150,157491,0.41,0.41,18.29,100.0,0.007297773794185048
3160,157991,0.37,0.37,18.52,100.0,0.007290479303513491
3170,158491,0.36,0.36,18.06,100.0,0.007283192104050962
3180,158991,0.39,0.39,18.15,100.0,0.007275912188509529
3190,159491,0.39,0.39,18.22,100.0,0.007268639549608549
3200,159991,0.37,0.37,18.2,100.0,0.007261374180074655
3210,160491,0.33,0.33,18.43,100.0,0.007254116072641749
3220,160991,0.32,0.32,18.92,100.0,0.007246865220050999
3230,161491,0.29,0.29,18.97,100.0,0.007239621615050827
3240,161991,0.32,0.32,19.25,100.0,0.007232385250396902
3250,162491,0.31,0.31,18.59,100.0,0.0072251561188521355
3260,162991,0.34,0.34,18.7,100.0,0.00721793421318667
3270,163491,0.32,0.32,18.44,100.0,0.00721071952617788
3280,163991,0.3,0.3,18.85,100.0,0.007203512050610353
3290,164491,0.28,0.28,18.99,100.0,0.007196311779275897
3300,164991,0.29,0.29,19.27,100.0,0.007189118704973517
3310,165491,0.34,0.34,19.33,100.0,0.0071819328205094185
3320,165991,0.32,0.32,19.1,100.0,0.007174754118696996
3330,166491,0.32,0.32,18.96,100.0,0.0071675825923568325
3340,166991,0.34,0.34,18.63,100.0,0.007160418234316684
3350,167491,0.32,0.32,18.62,100.0,0.007153261037411473
3360,167991,0.32,0.32,18.61,100.0,0.007146110994483289
3370,168491,0.31,0.31,18.61,100.0,0.0071389680983813715
3380,168991,0.31,0.31,18.72,100.0,0.007131832341962108
3390,169491,0.34,0.34,18.56,100.0,0.0071247037180890305
3400,169991,0.37,0.37,18.39,100.0,0.007117582219632801
3410,170491,0.32,0.32,18.54,100.0,0.0071104678394712075
3420,170991,0.35,0.35,19.33,100.0,0.007103360570489159
3430,171491,0.35,0.35,19.65,100.0,0.007096260405578672
3440,171991,0.34,0.34,19.52,100.0,0.007089167337638875
3450,172491,0.35,0.35,19.63,100.0,0.007082081359575987
3460,172991,0.32,0.32,20.29,100.0,0.007075002464303323
3470,173486,0.37,0.37,19.82,100.0,0.007067930644741279
3480,173986,0.37,0.37,20.05,100.0,0.007060865893817326
3490,174486,0.35,0.35,20.13,100.0,0.007053808204466006
3500,174986,0.35,0.35,19.64,100.0,0.007046757569628924
3510,175486,0.36,0.36,19.88,100.0,0.007039713982254738
3520,175986,0.34,0.34,19.81,100.0,0.007032677435299158
3530,176486,0.34,0.34,19.49,100.0,0.007025647921724931
3540,176986,0.35,0.35,19.23,100.0,0.007018625434501842
3550,177486,0.33,0.33,19.31,100.0,0.007011609966606698
3560,177986,0.3,0.3,19.31,100.0,0.0070046015110233305
3570,178486,0.31,0.31,18.92,100.0,0.0069976000607425825
3580,178986,0.34,0.34,19.05,100.0,0.006990605608762303
3590,179486,0.35,0.35,18.38,100.0,0.006983618148087338
3600,179986,0.36,0.36,18.06,100.0,0.00697663767172953
3610,180486,0.36,0.36,18.46,100.0,0.006969664172707704
3620,180986,0.36,0.36,18.66,100.0,0.00696269764404766
3630,181486,0.4,0.4,18.83,100.0,0.006955738078782176
3640,181986,0.39,0.39,18.78,100.0,0.006948785469950986
3650,182486,0.39,0.39,18.75,100.0,0.006941839810600787
3660,182979,0.43,0.43,18.73,100.0,0.0069349010937852255
3670,183479,0.39,0.39,19.03,100.0,0.00692796931256489
3680,183979,0.4,0.4,18.5,100.0,0.006921044460007308
3690,184479,0.44,0.44,18.49,100.0,0.006914126529186927
3700,184979,0.42,0.42,18.17,100.0,0.006907215513185129
3710,185479,0.41,0.41,17.86,100.0,0.006900311405090205
3720,185979,0.46,0.46,17.76,100.0,0.006893414197997354
3730,186478,0.41,0.41,17.84,100.0,0.006886523885008682
3740,186978,0.4,0.4,17.65,100.0,0.006879640459233185
3750,187478,0.43,0.43,17.35,100.0,0.0068727639137867455
3760,187978,0.44,0.44,17.47,100.0,0.006865894241792133
3770,188478,0.47,0.47,17.5,100.0,0.0068590314363789874
3780,188975,0.43,0.43,17.64,100.0,0.006852175490683816
3790,189475,0.38,0.38,17.23,100.0,0.006845326397849987
3800,189975,0.41,0.41,17.0,100.0,0.00683848415102772
3810,190475,0.46,0.46,16.54,100.0,0.006831648743374086
3820,190975,0.46,0.46,16.61,100.0,0.006824820168052992
3830,191475,0.48,0.48,16.61,100.0,0.006817998418235181
3840,191975,0.47,0.47,16.3,100.0,0.006811183487098218
3850,192475,0.47,0.47,16.73,100.0,0.006804375367826489
3860,192975,0.48,0.48,16.24,100.0,0.006797574053611198
3870,193475,0.48,0.48,16.29,100.0,0.006790779537650345
3880,193975,0.5,0.5,16.29,100.0,0.006783991813148737
3890,194475,0.49,0.49,16.73,100.0,0.006777210873317969
3900,194975,0.47,0.47,16.89,100.0,0.006770436711376421
3910,195475,0.46,0.46,16.81,100.0,0.006763669320549255
3920,195975,0.44,0.44,16.87,100.0,0.006756908694068401
3930,196475,0.46,0.46,17.39,100.0,0.006750154825172558
3940,196975,0.47,0.47,17.27,100.0,0.00674340770710718
3950,197475,0.44,0.44,17.21,100.0,0.006736667333124474
3960,197975,0.4,0.4,17.05,100.0,0.006729933696483391
3970,198475,0.38,0.38,17.12,100.0,0.006723206790449622
3980,198975,0.38,0.38,17.47,100.0,0.006716486608295586
3990,199475,0.38,0.38,17.53,100.0,0.006709773143300428
4000,199975,0.4,0.4,17.41,100.0,0.006703066388750011
4010,200475,0.38,0.38,17.47,100.0,0.006696366337936907
4020,200975,0.37,0.37,17.26,100.0,0.0066896729841604
4030,201475,0.36,0.36,17.33,100.0,0.006682986320726462
4040,201975,0.36,0.36,17.3,100.0,0.006676306340947762
4050,202475,0.37,0.37,17.28,100.0,0.006669633038143653
4060,202975,0.37,0.37,17.3,100.0,0.0066629664056401606
4070,203475,0.39,0.39,17.33,100.0,0.006656306436769987
4080,203975,0.38,0.38,17.67,100.0,0.0066496531248725
4090,204475,0.39,0.39,17.72,100.0,0.006643006463293716
4100,204975,0.4,0.4,17.27,100.0,0.006636366445386311
4110,205475,0.4,0.4,17.51,100.0,0.0066297330645096
4120,205975,0.38,0.38,17.69,100.0,0.006623106314029541
4130,206475,0.36,0.36,17.79,100.0,0.006616486187318721
4140,206975,0.37,0.37,17.74,100.0,0.006609872677756348
4150,207475,0.37,0.37,17.51,100.0,0.0066032657787282525
4160,207974,0.36,0.36,17.55,100.0,0.006596665483626872
4170,208474,0.35,0.35,17.0,100.0,0.0065900717858512516
4180,208974,0.36,0.36,16.87,100.0,0.006583484678807035
4190,209474,0.39,0.39,16.75,100.0,0.006576904155906452
4200,209974,0.39,0.39,16.92,100.0,0.006570330210568327
4210,210474,0.41,0.41,16.3,100.0,0.006563762836218052
4220,210974,0.43,0.43,16.31,100.0,0.006557202026287599
4230,211474,0.41,0.41,16.1,100.0,0.006550647774215497
4240,211974,0.41,0.41,15.76,100.0,0.006544100073446841
4250,212474,0.42,0.42,15.73,100.0,0.006537558917433275
4260,212969,0.43,0.43,15.8,100.0,0.006531024299632986
4270,213469,0.41,0.41,15.68,100.0,0.006524496213510702
4280,213969,0.41,0.41,15.73,100.0,0.006517974652537686
4290,214469,0.36,0.36,15.5,100.0,0.0065114596101917225
4300,214969,0.32,0.32,15.74,100.0,0.006504951079957117
4310,215469,0.32,0.32,15.68,100.0,0.006498449055324689
4320,215969,0.31,0.31,15.38,100.0,0.006491953529791763
4330,216469,0.33,0.33,15.55,100.0,0.006485464496862163
4340,216966,0.34,0.34,16.01,100.0,0.006478981950046206
4350,217466,0.37,0.37,15.83,100.0,0.006472505882860694
4360,217966,0.41,0.41,15.89,100.0,0.006466036288828917
4370,218466,0.4,0.4,16.09,100.0,0.0064595731614806315
4380,218966,0.39,0.39,16.26,100.0,0.006453116494352063
4390,219466,0.43,0.43,15.64,100.0,0.006446666280985896
4400,219966,0.42,0.42,15.73,100.0,0.006440222514931274
4410,220466,0.39,0.39,15.6,100.0,0.006433785189743783
4420,220966,0.38,0.38,15.38,100.0,0.006427354298985456
4430,221466,0.44,0.44,15.75,100.0,0.0064209298362247575
4440,221966,0.43,0.43,15.72,100.0,0.006414511795036582
4450,222466,0.42,0.42,16.15,100.0,0.006408100169002247
4460,222966,0.38,0.38,16.17,100.0,0.006401694951709485
4470,223466,0.41,0.41,15.98,100.0,0.006395296136752436
4480,223965,0.4,0.4,15.53,100.0,0.006388903717731644
4490,224465,0.37,0.37,15.63,100.0,0.006382517688254051
4500,224965,0.4,0.4,15.66,100.0,0.006376138041932989
4510,225465,0.41,0.41,15.66,100.0,0.006369764772388173
4520,225965,0.44,0.44,16.23,100.0,0.006363397873245697
4530,226463,0.38,0.38,16.2,100.0,0.006357037338138021
4540,226963,0.37,0.37,16.34,100.0,0.0063506831607039755
4550,227463,0.31,0.31,16.34,100.0,0.006344335334588745
4560,227963,0.34,0.34,15.96,100.0,0.006337993853443871
4570,228463,0.31,0.31,16.37,100.0,0.006331658710927237
4580,228963,0.35,0.35,16.46,100.0,0.006325329900703064
4590,229462,0.35,0.35,16.48,100.0,0.00631900741644191
4600,229962,0.32,0.32,16.43,100.0,0.006312691251820658
4610,230462,0.31,0.31,16.23,100.0,0.006306381400522511
4620,230954,0.29,0.29,16.31,100.0,0.006300077856236986
4630,231454,0.31,0.31,16.17,100.0,0.006293780612659908
4640,231935,0.32,0.32,16.12,100.0,0.006287489663493403
4650,232435,0.35,0.35,16.39,100.0,0.006281205002445891
4660,232935,0.33,0.33,16.41,100.0,0.006274926623232084
4670,233435,0.34,0.34,16.71,100.0,0.006268654519572973
4680,233935,0.33,0.33,16.33,100.0,0.006262388685195827
4690,234435,0.35,0.35,15.99,100.0,0.006256129113834184
4700,234935,0.38,0.38,15.94,100.0,0.0062498757992278465
4710,235435,0.42,0.42,15.72,100.0,0.006243628735122874
4720,235935,0.44,0.44,15.23,100.0,0.006237387915271578
4730,236429,0.44,0.44,15.25,100.0,0.006231153333432515
4740,236929,0.45,0.45,14.89,100.0,0.006224924983370475
4750,237419,0.44,0.44,14.41,100.0,0.006218702858856488
4760,237914,0.46,0.46,14.32,100.0,0.006212486953667805
4770,238409,0.47,0.47,14.28,100.0,0.006206277261587899
4780,238909,0.46,0.46,14.43,100.0,0.006200073776406457
4790,239409,0.47,0.47,14.58,100.0,0.006193876491919372
4800,239909,0.45,0.45,14.45,100.0,0.00618768540192874
4810,240409,0.42,0.42,14.38,100.0,0.006181500500242851
4820,240909,0.4,0.4,14.4,100.0,0.0061753217806761835
4830,241407,0.37,0.37,14.03,100.0,0.0061691492370494
4840,241907,0.34,0.34,14.14,100.0,0.0061629828631893395
4850,242400,0.38,0.38,13.33,100.0,0.0061568226529290105
4860,242898,0.34,0.34,13.35,100.0,0.006150668600107586
4870,243398,0.38,0.38,13.36,100.0,0.006144520698570397
4880,243898,0.37,0.37,13.76,100.0,0.00613837894216893
4890,244398,0.36,0.36,13.66,100.0,0.006132243324760809
4900,244898,0.36,0.36,13.39,100.0,0.0061261138402098035
4910,245398,0.38,0.38,13.05,100.0,0.0061199904823858176
4920,245898,0.4,0.4,13.16,100.0,0.006113873245164879
4930,246398,0.41,0.41,13.15,100.0,0.006107762122429138
4940,246893,0.4,0.4,13.28,100.0,0.006101657108066861
4950,247393,0.37,0.37,13.24,100.0,0.0060955581959724215
4960,247893,0.41,0.41,13.52,100.0,0.006089465380046299
4970,248393,0.41,0.41,13.71,100.0,0.006083378654195067
4980,248893,0.44,0.44,14.44,100.0,0.006077298012331389
4990,249393,0.47,0.47,14.48,100.0,0.006071223448374017
5000,249893,0.46,0.46,14.52,100.0,0.006065154956247778
5010,250393,0.45,0.45,14.78,100.0,0.006059092529883569
5020,250890,0.45,0.45,14.89,100.0,0.006053036163218359
5030,251390,0.44,0.44,14.96,100.0,0.0060469858501951785
5040,251888,0.48,0.48,14.9,100.0,0.006040941584763105
5050,252388,0.49,0.49,15.0,100.0,0.00603490336087727
5060,252888,0.48,0.48,14.94,100.0,0.006028871172498846
5070,253372,0.43,0.43,14.88,100.0,0.0060228450135950354
5080,253872,0.41,0.41,15.48,100.0,0.006016824878139082
5090,254372,0.38,0.38,15.57,100.0,0.006010810760110246
5100,254872,0.4,0.4,15.55,100.0,0.006004802653493808
5110,255372,0.41,0.41,15.35,100.0,0.005998800552281059
5120,255872,0.42,0.42,15.21,100.0,0.005992804450469296
5130,256364,0.41,0.41,14.81,100.0,0.005986814342061819
5140,256864,0.43,0.43,14.93,100.0,0.00598083022106792
5150,257364,0.42,0.42,14.99,100.0,0.005974852081502878
5160,257864,0.42,0.42,15.0,100.0,0.005968879917387957
5170,258363,0.43,0.43,14.86,100.0,0.005962913722750392
5180,258862,0.42,0.42,14.7,100.0,0.005956953491623392
5190,259362,0.42,0.42,14.91,100.0,0.005950999218046131
5200,259861,0.39,0.39,14.81,100.0,0.005945050896063738
5210,260361,0.38,0.38,14.73,100.0,0.005939108519727298
5220,260861,0.36,0.36,14.67,100.0,0.005933172083093837
5230,261361,0.38,0.38,14.71,100.0,0.005927241580226326
5240,261861,0.33,0.33,14.72,100.0,0.005921317005193667
5250,262358,0.34,0.34,14.49,100.0,0.005915398352070692
5260,262858,0.35,0.35,14.16,100.0,0.005909485614938157
5270,263358,0.34,0.34,14.1,100.0,0.005903578787882732
5280,263858,0.34,0.34,14.18,100.0,0.005897677864996998
5290,264356,0.33,0.33,14.7,100.0,0.005891782840379444
5300,264856,0.32,0.32,14.62,100.0,0.005885893708134453
5310,265356,0.31,0.31,15.06,100.0,0.005880010462372304
5320,265856,0.31,0.31,15.16,100.0,0.005874133097209163
5330,266352,0.34,0.34,14.93,100.0,0.005868261606767076
5340,266852,0.38,0.38,15.34,100.0,0.005862395985173964
5350,267346,0.38,0.38,15.56,100.0,0.005856536226563618
5360,267845,0.36,0.36,15.52,100.0,0.0058506823250756975
5370,268337,0.36,0.36,15.08,100.0,0.0058448342748557095
5380,268837,0.36,0.36,15.22,100.0,0.005838992070055022
5390,269337,0.38,0.38,14.75,100.0,0.0058331557048308435
5400,269829,0.42,0.42,14.74,100.0,0.005827325173346225
5410,270307,0.41,0.41,14.66,100.0,0.00582150046977005
5420,270807,0.44,0.44,15.0,100.0,0.005815681588277034
5430,271307,0.4,0.4,14.9,100.0,0.005809868523047713
5440,271807,0.38,0.38,15.12,100.0,0.005804061268268439
5450,272307,0.36,0.36,15.01,100.0,0.005798259818131377
5460,272807,0.39,0.39,15.16,100.0,0.005792464166834495
5470,273307,0.37,0.37,15.27,100.0,0.005786674308581562
5480,273807,0.36,0.36,15.36,100.0,0.005780890237582141
5490,274306,0.35,0.35,15.5,100.0,0.005775111948051581
5500,274806,0.33,0.33,15.14,100.0,0.005769339434211015
5510,275304,0.35,0.35,15.13,100.0,0.0057635726902873505
5520,275796,0.31,0.31,15.28,100.0,0.005757811710513265
5530,276287,0.33,0.33,15.24,100.0,0.005752056489127206
5540,276787,0.32,0.32,15.12,100.0,0.005746307020373373
5550,277287,0.35,0.35,15.09,100.0,0.005740563298501725
5560,277775,0.34,0.34,15.1,100.0,0.00573482531776796
5570,278266,0.37,0.37,14.89,100.0,0.005729093072433526
5580,278761,0.38,0.38,14.73,100.0,0.0057233665567656055
5590,279256,0.4,0.4,14.13,100.0,0.005717645765037108
5600,279756,0.41,0.41,13.82,100.0,0.005711930691526669
5610,280256,0.4,0.4,13.97,100.0,0.005706221330518643
5620,280756,0.41,0.41,14.05,100.0,0.005700517676303097
5630,281256,0.47,0.47,14.18,100.0,0.005694819723175807
5640,281756,0.46,0.46,14.4,100.0,0.005689127465438249
5650,282242,0.42,0.42,14.37,100.0,0.005683440897397596
5660,282742,0.4,0.4,14.39,100.0,0.0056777600133667075
5670,283221,0.38,0.38,14.36,100.0,0.005672084807664135
5680,283718,0.42,0.42,14.25,100.0,0.005666415274614105
5690,284218,0.38,0.38,14.42,100.0,0.0056607514085465155
5700,284714,0.36,0.36,14.68,100.0,0.005655093203796932
5710,285198,0.34,0.34,14.78,100.0,0.005649440654706586
5720,285698,0.33,0.33,14.53,100.0,0.005643793755622361
5730,286197,0.27,0.27,14.19,100.0,0.005638152500896793
5740,286697,0.27,0.27,14.29,100.0,0.005632516884888061
5750,287197,0.29,0.29,14.26,100.0,0.005626886901959988
5760,287692,0.3,0.3,14.07,100.0,0.0056212625464820256
5770,288192,0.35,0.35,13.82,100.0,0.005615643812829256
5780,288677,0.31,0.31,13.56,100.0,0.005610030695382386
5790,289177,0.34,0.34,13.47,100.0,0.0056044231885277315
5800,289677,0.37,0.37,13.73,100.0,0.005598821286657226
5810,290177,0.38,0.38,13.47,100.0,0.005593224984168407
5820,290677,0.37,0.37,13.24,100.0,0.005587634275464414
5830,291177,0.4,0.4,13.61,100.0,0.0055820491549539745
5840,291677,0.42,0.42,13.35,100.0,0.0055764696170514105
5850,292175,0.45,0.45,13.88,100.0,0.005570895656176628
5860,292675,0.44,0.44,14.0,100.0,0.005565327266755107
5870,293175,0.42,0.42,14.34,100.0,0.005559764443217899
5880,293675,0.44,0.44,14.12,100.0,0.005554207180001626
5890,294168,0.41,0.41,14.03,100.0,0.005548655471548467
5900,294668,0.38,0.38,14.03,100.0,0.005543109312306159
5910,295152,0.41,0.41,13.75,100.0,0.005537568696727988
5920,295652,0.42,0.42,13.76,100.0,0.005532033619272783
5930,296152,0.4,0.4,13.74,100.0,0.005526504074404912
5940,296652,0.39,0.39,13.58,100.0,0.005520980056594277
5950,297152,0.35,0.35,13.96,100.0,0.005515461560316307
5960,297652,0.35,0.35,14.26,100.0,0.005509948580051954
5970,298147,0.33,0.33,14.29,100.0,0.005504441110287686
5980,298628,0.33,0.33,14.13,100.0,0.005498939145515481
5990,299128,0.36,0.36,14.34,100.0,0.0054934426802328235
6000,299628,0.39,0.39,14.52,100.0,0.005487951708942701
6010,300123,0.39,0.39,14.95,100.0,0.005482466226153588
6020,300623,0.44,0.44,15.24,100.0,0.0054769862263794565
6030,301112,0.45,0.45,15.43,100.0,0.005471511704139756
6040,301612,0.48,0.48,15.69,100.0,0.005466042653959418
6050,302101,0.5,0.5,15.34,100.0,0.005460579070368842
6060,302601,0.49,0.49,15.52,100.0,0.005455120947903902
6070,303099,0.5,0.5,15.63,100.0,0.005449668281105926
6080,303599,0.5,0.5,15.32,100.0,0.005444221064521701
6090,304086,0.49,0.49,15.38,100.0,0.005438779292703468
6100,304586,0.49,0.49,15.3,100.0,0.005433342960208907
6110,305078,0.51,0.51,14.89,100.0,0.0054279120616011435
6120,305562,0.48,0.48,14.5,100.0,0.005422486591448734
6130,306062,0.42,0.42,14.5,100.0,0.005417066544325669
6140,306562,0.39,0.39,14.45,100.0,0.0054116519148113525
6150,307054,0.36,0.36,14.5,100.0,0.0054062426974906186
6160,307554,0.37,0.37,14.61,100.0,0.005400838886953707
6170,308053,0.36,0.36,14.66,100.0,0.005395440477796266
6180,308544,0.33,0.33,14.56,100.0,0.005390047464619346
6190,309043,0.3,0.3,14.58,100.0,0.005384659842029394
6200,309543,0.29,0.29,14.49,100.0,0.005379277604638248
6210,310038,0.26,0.26,14.18,100.0,0.005373900747063133
6220,310517,0.23,0.23,14.22,100.0,0.005368529263926651
6230,311008,0.26,0.26,14.49,100.0,0.005363163149856783
6240,311508,0.27,0.27,14.43,100.0,0.005357802399486878
6250,312008,0.31,0.31,14.18,100.0,0.005352447007455649
6260,312501,0.3,0.3,14.19,100.0,0.005347096968407165
6270,312991,0.3,0.3,13.96,100.0,0.005341752276990855
6280,313484,0.31,0.31,13.65,100.0,0.0053364129278614895
6290,313970,0.33,0.33,13.51,100.0,0.005331078915679189
6300,314457,0.33,0.33,13.74,100.0,0.005325750235109404
6310,314945,0.33,0.33,13.73,100.0,0.005320426880822923
6320,315438,0.34,0.34,13.39,100.0,0.005315108847495857
6330,315924,0.34,0.34,13.17,100.0,0.0053097961298096425
6340,316424,0.33,0.33,13.08,100.0,0.005304488722451028
6350,316917,0.29,0.29,13.05,100.0,0.005299186620112075
6360,317407,0.32,0.32,13.26,100.0,0.005293889817490153
6370,317907,0.31,0.31,13.36,100.0,0.005288598309287926
6380,318397,0.32,0.32,13.83,100.0,0.0052833120902133586
6390,318875,0.31,0.31,13.83,100.0,0.005278031154979699
6400,319370,0.32,0.32,13.91,100.0,0.005272755498305486
6410,319862,0.31,0.31,13.84,100.0,0.005267485114914535
6420,320356,0.31,0.31,14.18,100.0,0.005262219999535935
6430,320856,0.32,0.32,14.19,100.0,0.0052569601469040425
6440,321353,0.33,0.33,14.36,100.0,0.00525170555175848
6450,321853,0.35,0.35,14.23,100.0,0.005246456208844126
6460,322353,0.34,0.34,14.21,100.0,0.005241212112911112
6470,322853,0.32,0.32,14.21,100.0,0.005235973258714817
6480,323341,0.34,0.34,14.33,100.0,0.005230739641015862
6490,323841,0.36,0.36,14.84,100.0,0.0052255112545801065
6500,324341,0.39,0.39,14.76,100.0,0.005220288094178641
6510,324841,0.4,0.4,14.8,100.0,0.00521507015458778
6520,325341,0.41,0.41,14.55,100.0,0.005209857430589062
6530,325837,0.39,0.39,14.44,100.0,0.005204649916969245
6540,326337,0.4,0.4,14.34,100.0,0.00519944760852029
6550,326837,0.42,0.42,14.18,100.0,0.005194250500039371
6560,327334,0.41,0.41,14.12,100.0,0.005189058586328856
6570,327833,0.46,0.46,14.49,100.0,0.005183871862196315
6580,328328,0.45,0.45,14.39,100.0,0.005178690322454501
6590,328828,0.46,0.46,14.39,100.0,0.005173513961921358
6600,329328,0.44,0.44,14.13,100.0,0.005168342775420006
6610,329823,0.41,0.41,14.14,100.0,0.005163176757778742
6620,330323,0.39,0.39,14.41,100.0,0.005158015903831033
6630,330794,0.4,0.4,14.73,100.0,0.005152860208415506
6640,331290,0.38,0.38,14.6,100.0,0.00514770966637595
6650,331777,0.34,0.34,14.63,100.0,0.0051425642725613065
6660,332267,0.33,0.33,14.69,100.0,0.005137424021825668
6670,332766,0.34,0.34,14.3,100.0,0.00513228890902827
6680,333266,0.32,0.32,14.11,100.0,0.0051271589290334835
6690,333766,0.31,0.31,14.11,100.0,0.0051220340767108175
6700,334265,0.28,0.28,13.96,100.0,0.0051169143469349055
6710,334765,0.3,0.3,13.69,100.0,0.0051117997345855055
6720,335265,0.32,0.32,14.06,100.0,0.005106690234547492
6730,335765,0.32,0.32,13.9,100.0,0.005101585841710855
6740,336256,0.31,0.31,14.12,100.0,0.00509648655097069
6750,336756,0.34,0.34,13.99,100.0,0.005091392357227196
6760,337249,0.36,0.36,13.96,100.0,0.00508630325538567
6770,337728,0.34,0.34,13.22,100.0,0.005081219240356499
6780,338228,0.34,0.34,13.53,100.0,0.0050761403070551615
6790,338715,0.33,0.33,13.62,100.0,0.0050710664504022155
6800,339215,0.35,0.35,13.81,100.0,0.005065997665323296
6810,339715,0.37,0.37,13.62,100.0,0.005060933946749108
6820,340215,0.4,0.4,13.62,100.0,0.005055875289615429
6830,340707,0.4,0.4,13.21,100.0,0.005050821688863095
6840,341185,0.42,0.42,13.02,100.0,0.005045773139438
6850,341685,0.42,0.42,13.24,100.0,0.005040729636291088
6860,342185,0.4,0.4,13.16,100.0,0.005035691174378352
6870,342685,0.42,0.42,12.86,100.0,0.005030657748660827
6880,343185,0.42,0.42,12.85,100.0,0.005025629354104581
6890,343677,0.44,0.44,12.79,100.0,0.005020605985680718
6900,344168,0.42,0.42,12.91,100.0,0.005015587638365364
6910,344668,0.38,0.38,12.88,100.0,0.005010574307139672
6920,345156,0.36,0.36,12.81,100.0,0.005005565986989807
6930,345656,0.37,0.37,12.43,100.0,0.005000562672906949
6940,346149,0.35,0.35,12.52,100.0,0.004995564359887283
6950,346635,0.35,0.35,12.36,100.0,0.004990571042931997
6960,347135,0.38,0.38,12.13,100.0,0.004985582717047271
6970,347635,0.33,0.33,12.42,100.0,0.0049805993772442814
6980,348135,0.33,0.33,12.42,100.0,0.00497562101853919
6990,348631,0.34,0.34,12.99,100.0,0.00497064763595314
7000,349131,0.35,0.35,12.83,100.0,0.00496567922451225
7010,349631,0.39,0.39,13.18,100.0,0.004960715779247612
7020,350123,0.4,0.4,12.93,100.0,0.004955757295195284
7030,350609,0.37,0.37,12.86,100.0,0.004950803767396285
7040,351106,0.39,0.39,13.1,100.0,0.004945855190896591
7050,351598,0.38,0.38,13.32,100.0,0.004940911560747133
7060,352098,0.38,0.38,13.07,100.0,0.004935972872003782
7070,352588,0.41,0.41,12.54,100.0,0.004931039119727357
7080,353088,0.41,0.41,12.38,100.0,0.004926110298983613
7090,353588,0.38,0.38,12.54,100.0,0.0049211864048432355
7100,354088,0.39,0.39,12.8,100.0,0.004916267432381836
7110,354588,0.37,0.37,12.69,100.0,0.0049113533766799505
7120,355079,0.38,0.38,13.01,100.0,0.00490644423282303
7130,355571,0.4,0.4,13.15,100.0,0.004901539995901442
7140,356071,0.38,0.38,13.16,100.0,0.004896640661010458
7150,356567,0.38,0.38,13.44,100.0,0.004891746223250252
7160,357056,0.38,0.38,13.81,100.0,0.004886856677725897
7170,357556,0.38,0.38,13.68,100.0,0.004881972019547357
7180,358052,0.4,0.4,13.61,100.0,0.004877092243829485
7190,358546,0.39,0.39,13.75,100.0,0.0048722173456920165
7200,359031,0.39,0.39,14.14,100.0,0.004867347320259567
7210,359531,0.42,0.42,14.26,100.0,0.004862482162661623
7220,360019,0.43,0.43,13.91,100.0,0.00485762186803254
7230,360519,0.43,0.43,13.94,100.0,0.004852766431511536
7240,361019,0.43,0.43,13.73,100.0,0.00484791584824269
7250,361519,0.45,0.45,13.75,100.0,0.0048430701133749315
7260,362019,0.42,0.42,13.23,100.0,0.004838229222062041
7270,362514,0.4,0.4,13.25,100.0,0.004833393169462642
7280,363014,0.38,0.38,13.1,100.0,0.0048285619507402
7290,363514,0.39,0.39,13.05,100.0,0.004823735561063014
7300,364009,0.36,0.36,12.96,100.0,0.004818913995604207
7310,364509,0.35,0.35,12.86,100.0,0.0048140972495417335
7320,364997,0.31,0.31,13.06,100.0,0.004809285318058364
7330,365497,0.35,0.35,12.99,100.0,0.004804478196341687
7340,365997,0.37,0.37,13.07,100.0,0.004799675879584098
7350,366490,0.39,0.39,13.17,100.0,0.0047948783629828
7360,366990,0.46,0.46,13.16,100.0,0.004790085641739796
7370,367490,0.52,0.52,13.65,100.0,0.004785297711061885
7380,367990,0.53,0.53,13.57,100.0,0.004780514566160659
7390,368470,0.53,0.53,13.44,100.0,0.004775736202252492
7400,368964,0.56,0.56,13.25,100.0,0.004770962614558542
7410,369464,0.55,0.55,13.04,100.0,0.004766193798304745
7420,369955,0.54,0.54,12.96,100.0,0.004761429748721807
7430,370455,0.52,0.52,13.04,100.0,0.004756670461045201
7440,370947,0.52,0.52,13.02,100.0,0.004751915930515164
7450,371447,0.49,0.48,12.8,100.0,0.004747166152376687
7460,371926,0.43,0.42,12.81,100.0,0.004742421121879519
7470,372426,0.4,0.39,12.94,100.0,0.004737680834278154
7480,372926,0.38,0.37,13.42,100.0,0.00473294528483183
7490,373407,0.39,0.38,13.6,100.0,0.004728214468804522
7500,373897,0.36,0.35,13.41,100.0,0.004723488381464943
7510,374397,0.35,0.34,13.35,100.0,0.00471876701808653
7520,374896,0.35,0.34,13.07,100.0,0.004714050373947449
7530,375385,0.36,0.35,13.15,100.0,0.004709338444330584
7540,375883,0.39,0.38,13.24,100.0,0.004704631224523533
7550,376380,0.4,0.4,13.27,100.0,0.004699928709818602
7560,376868,0.4,0.4,13.11,100.0,0.0046952308955128105
7570,377354,0.38,0.38,12.83,100.0,0.004690537776907871
7580,377839,0.4,0.4,12.74,100.0,0.004685849349310197
7590,378333,0.38,0.38,12.61,100.0,0.0046811656080308905
7600,378824,0.38,0.38,12.68,100.0,0.004676486548385743
7610,379324,0.37,0.37,12.97,100.0,0.004671812165695225
7620,379821,0.35,0.35,12.93,100.0,0.004667142455284486
7630,380305,0.35,0.35,13.01,100.0,0.004662477412483348
7640,380794,0.32,0.32,12.87,100.0,0.004657817032626301
7650,381285,0.33,0.33,12.52,100.0,0.004653161311052499
7660,381785,0.34,0.34,11.82,100.0,0.004648510243105756
7670,382267,0.33,0.33,12.43,100.0,0.004643863824134537
7680,382731,0.32,0.32,12.24,100.0,0.004639222049491959
7690,383225,0.35,0.35,12.53,100.0,0.004634584914535781
7700,383715,0.37,0.37,12.15,100.0,0.004629952414628405
7710,384194,0.37,0.37,12.24,100.0,0.004625324545136866
7720,384694,0.39,0.39,12.27,100.0,0.004620701301432833
7730,385192,0.37,0.37,11.85,100.0,0.004616082678892598
7740,385677,0.4,0.4,12.22,100.0,0.004611468672897077
7750,386161,0.4,0.4,12.23,100.0,0.004606859278831804
7760,386661,0.43,0.43,12.02,100.0,0.004602254492086921
7770,387161,0.44,0.44,11.55,100.0,0.004597654308057183
7780,387661,0.44,0.44,11.82,100.0,0.004593058722141941
7790,388157,0.45,0.45,11.93,100.0,0.0045884677297451555
7800,388655,0.42,0.42,11.79,100.0,0.004583881326275368
7810,389152,0.46,0.46,11.81,100.0,0.004579299507145721
7820,389644,0.44,0.44,11.97,100.0,0.004574722267773933
7830,390141,0.46,0.46,12.05,100.0,0.00457014960358231
7840,390641,0.47,0.47,11.93,100.0,0.004565581509997728
7850,391141,0.46,0.46,12.19,100.0,0.004561017982451636
7860,391629,0.43,0.43,12.16,100.0,0.00455645901638005
7870,392129,0.44,0.44,11.95,100.0,0.004551904607223549
7880,392618,0.44,0.44,11.63,100.0,0.004547354750427267
7890,393118,0.42,0.42,11.48,100.0,0.004542809441440892
7900,393615,0.43,0.43,11.47,100.0,0.004538268675718658
7910,394115,0.39,0.39,11.74,100.0,0.004533732448719348
7920,394615,0.43,0.43,12.16,100.0,0.004529200755906278
7930,395114,0.38,0.38,12.21,100.0,0.004524673592747304
7940,395614,0.32,0.32,12.23,100.0,0.004520150954714809
7950,396111,0.32,0.32,11.89,100.0,0.004515632837285699
7960,396599,0.3,0.3,11.82,100.0,0.0045111192359414114
7970,397088,0.29,0.29,11.95,100.0,0.004506610146167887
7980,397587,0.3,0.3,11.76,100.0,0.004502105563455586
7990,398087,0.29,0.29,12.11,100.0,0.004497605483299477
8000,398587,0.31,0.31,12.6,100.0,0.004493109901199027
8010,399071,0.35,0.35,12.84,100.0,0.004488618812658205
8020,399571,0.35,0.35,12.58,100.0,0.004484132213185474
8030,400060,0.39,0.39,12.81,100.0,0.004479650098293783
8040,400553,0.41,0.41,13.07,100.0,0.00447517246350057
8050,401031,0.43,0.43,12.79,100.0,0.004470699304327751
8060,401531,0.43,0.43,12.73,100.0,0.004466230616301721
8070,402031,0.44,0.44,12.81,100.0,0.004461766394953344
8080,402531,0.43,0.43,13.17,100.0,0.004457306635817951
8090,403031,0.44,0.44,13.18,100.0,0.004452851334435336
8100,403523,0.41,0.41,12.97,100.0,0.004448400486349753
8110,404015,0.4,0.4,12.91,100.0,0.004443954087109906
8120,404515,0.37,0.37,12.81,100.0,0.004439512132268956
8130,405015,0.37,0.37,12.89,100.0,0.0044350746173844975
8140,405515,0.36,0.36,13.12,100.0,0.004430641538018576
8150,406008,0.33,0.33,13.04,100.0,0.004426212889737666
8160,406496,0.38,0.38,13.05,100.0,0.004421788668112677
8170,406990,0.38,0.38,13.31,100.0,0.004417368868718944
8180,407478,0.39,0.39,13.36,100.0,0.004412953487136224
8190,407978,0.41,0.41,13.77,100.0,0.004408542518948696
8200,408478,0.44,0.44,13.35,100.0,0.004404135959744949
8210,408968,0.43,0.43,13.82,100.0,0.004399733805117982
8220,409452,0.43,0.43,13.77,100.0,0.004395336050665201
8230,409952,0.41,0.41,13.85,100.0,0.004390942691988411
8240,410448,0.4,0.4,13.75,100.0,0.004386553724693814
8250,410932,0.42,0.42,14.41,100.0,0.0043821691443920036
8260,411432,0.44,0.44,14.21,100.0,0.004377788946697959
8270,411932,0.43,0.43,13.98,100.0,0.004373413127231045
8280,412432,0.42,0.42,14.06,100.0,0.004369041681615005
8290,412932,0.4,0.4,13.67,100.0,0.004364674605477953
8300,413432,0.39,0.39,13.83,100.0,0.004360311894452377
8310,413928,0.37,0.37,13.77,100.0,0.004355953544175132
8320,414428,0.39,0.39,13.41,100.0,0.004351599550287427
8330,414928,0.38,0.38,13.39,100.0,0.004347249908434837
8340,415411,0.37,0.37,13.45,100.0,0.004342904614267284
8350,415901,0.32,0.32,13.42,100.0,0.0043385636634390365
8360,416394,0.25,0.25,13.56,100.0,0.00433422705160871
8370,416882,0.28,0.28,14.05,100.0,0.004329894774439258
8380,417370,0.28,0.28,13.89,100.0,0.00432556682759797
8390,417862,0.26,0.26,13.94,100.0,0.004321243206756468
8400,418352,0.27,0.27,13.88,100.0,0.004316923907590696
8410,418841,0.3,0.3,14.0,100.0,0.004312608925780924
8420,419337,0.31,0.31,13.74,100.0,0.004308298257011738
8430,419832,0.33,0.33,13.79,100.0,0.004303991896972037
8440,420319,0.36,0.36,13.53,100.0,0.0042996898413550306
8450,420810,0.44,0.44,13.42,100.0,0.004295392085858232
8460,421304,0.43,0.43,13.59,100.0,0.004291098626183457
8470,421786,0.39,0.39,13.56,100.0,0.004286809458036814
8480,422286,0.4,0.4,13.44,100.0,0.004282524577128707
8490,422786,0.44,0.44,13.7,100.0,0.004278243979173826
8500,423284,0.44,0.44,13.24,100.0,0.0042739676598911435
8510,423780,0.42,0.42,13.55,100.0,0.004269695615003913
8520,424270,0.43,0.43,13.19,100.0,0.004265427840239663
8530,424766,0.4,0.4,13.25,100.0,0.004261164331330189
8540,425266,0.39,0.39,13.37,100.0,0.00425690508401156
8550,425753,0.33,0.33,13.4,100.0,0.004252650094024097
8560,426246,0.36,0.36,12.94,100.0,0.0042483993571123865
8570,426745,0.42,0.42,12.84,100.0,0.004244152869025266
8580,427245,0.42,0.42,12.54,100.0,0.0042399106255158235
8590,427745,0.43,0.43,12.55,100.0,0.00423567262234139
8600,428245,0.43,0.43,12.19,100.0,0.004231438855263537
8610,428745,0.46,0.46,12.02,100.0,0.004227209320048075
8620,429238,0.43,0.43,12.0,100.0,0.004222984012465045
8630,429738,0.45,0.45,11.91,100.0,0.004218762928288716
8640,430214,0.44,0.44,11.59,100.0,0.004214546063297582
8650,430710,0.44,0.44,12.23,100.0,0.004210333413274357
8660,431208,0.41,0.41,11.94,100.0,0.004206124974005967
8670,431702,0.36,0.36,11.68,100.0,0.004201920741283554
8680,432202,0.36,0.36,11.65,100.0,0.004197720710902462
8690,432698,0.3,0.3,11.64,100.0,0.0041935248786622425
8700,433194,0.27,0.27,11.66,100.0,0.004189333240366641
8710,433694,0.23,0.23,11.8,100.0,0.004185145791823601
8720,434194,0.22,0.22,11.98,100.0,0.004180962528845256
8730,434694,0.24,0.24,11.95,100.0,0.004176783447247922
8740,435189,0.28,0.28,12.03,100.0,0.0041726085428521
8750,435666,0.27,0.27,11.93,100.0,0.004168437811482467
8760,436163,0.28,0.28,11.77,100.0,0.004164271248967876
8770,436652,0.28,0.28,11.85,100.0,0.004160108851141345
8780,437144,0.27,0.27,11.72,100.0,0.004155950613840061
8790,437644,0.31,0.31,11.57,100.0,0.004151796532905369
8800,438142,0.33,0.33,11.46,100.0,0.004147646604182776
8810,438636,0.37,0.37,10.95,100.0,0.004143500823521936
8820,439135,0.41,0.41,10.85,100.0,0.004139359186776653
8830,439635,0.42,0.42,10.24,100.0,0.004135221689804874
8840,440135,0.39,0.39,10.16,100.0,0.00413108832846869
8850,440629,0.44,0.44,9.76,100.0,0.004126959098634326
8860,441120,0.49,0.49,9.88,100.0,0.004122833996172136
8870,441620,0.51,0.51,9.77,100.0,0.004118713016956609
8880,442117,0.5,0.5,10.09,100.0,0.004114596156866351
8890,442613,0.51,0.51,9.99,100.0,0.004110483411784092
8900,443113,0.54,0.54,10.11,100.0,0.004106374777596672
8910,443609,0.52,0.52,10.14,100.0,0.004102270250195047
8920,444099,0.51,0.51,10.02,100.0,0.004098169825474277
8930,444594,0.51,0.51,9.92,100.0,0.004094073499333531
8940,445092,0.55,0.55,9.72,100.0,0.00408998126767607
8950,445592,0.54,0.54,10.21,100.0,0.004085893126409252
8960,446092,0.54,0.54,10.05,100.0,0.004081809071444529
8970,446583,0.6,0.6,10.2,100.0,0.004077729098697435
8980,447071,0.6,0.6,10.29,100.0,0.004073653204087591
8990,447563,0.61,0.61,10.21,100.0,0.004069581383538693
9000,448063,0.61,0.61,10.46,100.0,0.004065513632978512
9010,448542,0.6,0.6,10.63,100.0,0.004061449948338893
9020,449030,0.6,0.6,11.02,100.0,0.004057390325555742
9030,449521,0.59,0.59,11.24,100.0,0.00405333476056903
9040,450018,0.56,0.56,11.36,100.0,0.004049283249322787
9050,450488,0.53,0.53,11.21,100.0,0.0040452357877650965
9060,450987,0.5,0.5,11.24,100.0,0.004041192371848093
9070,451484,0.45,0.45,10.99,100.0,0.004037152997527954
9080,451982,0.49,0.49,11.39,100.0,0.0040331176607648995
9090,452456,0.46,0.46,11.2,100.0,0.004029086357523193
9100,452956,0.45,0.45,11.42,100.0,0.004025059083771124
9110,453449,0.48,0.48,11.37,100.0,0.0040210358354810195
9120,453949,0.46,0.46,11.8,100.0,0.004017016608629224
9130,454449,0.48,0.48,12.1,100.0,0.0040130013991961115
9140,454940,0.46,0.46,12.2,100.0,0.00400899020316607
9150,455440,0.48,0.48,12.32,100.0,0.004004983016527502
9160,455940,0.5,0.5,11.82,100.0,0.004000979835272819
9170,456428,0.49,0.49,11.63,100.0,0.003996980655398439
9180,456919,0.45,0.45,11.51,100.0,0.003992985472904783
9190,457419,0.46,0.46,11.33,100.0,0.003988994283796267
9200,457912,0.45,0.45,11.36,100.0,0.003985007084081304
9210,458398,0.45,0.45,11.43,100.0,0.003981023869772293
9220,458897,0.46,0.46,11.46,100.0,0.003977044636885624
9230,459397,0.46,0.46,11.35,100.0,0.003973069381441663
9240,459875,0.47,0.47,11.34,100.0,0.0039690980994647575
9250,460375,0.45,0.45,11.38,100.0,0.003965130786983229
9260,460862,0.43,0.43,11.1,100.0,0.003961167440029367
9270,461362,0.43,0.43,10.82,100.0,0.0039572080546394295
9280,461848,0.47,0.47,10.93,100.0,0.003953252626853633
9290,462348,0.48,0.48,10.91,100.0,0.0039493011527161545
9300,462848,0.5,0.5,11.57,100.0,0.003945353628275125
9310,463327,0.48,0.48,11.69,100.0,0.003941410049582624
9320,463827,0.5,0.5,12.06,100.0,0.003937470412694677
9330,464303,0.46,0.46,12.05,100.0,0.003933534713671254
9340,464803,0.47,0.47,11.76,100.0,0.003929602948576263
9350,465295,0.48,0.48,11.91,100.0,0.0039256751134775425
9360,465788,0.46,0.46,12.13,100.0,0.003921751204446867
9370,466288,0.45,0.45,11.7,100.0,0.003917831217559936
9380,466788,0.43,0.43,11.61,100.0,0.003913915148896368
9390,467279,0.39,0.39,11.57,100.0,0.003910002994539702
9400,467779,0.39,0.39,11.6,100.0,0.003906094750577394
9410,468273,0.37,0.37,11.6,100.0,0.003902190413100805
9420,468760,0.35,0.35,11.72,100.0,0.0038982899782052096
9430,469260,0.35,0.35,11.87,100.0,0.003894393441989782
9440,469757,0.35,0.35,12.01,100.0,0.0038905008005575958
9450,470257,0.39,0.39,12.23,100.0,0.0038866120500156203
9460,470752,0.4,0.4,12.33,100.0,0.003882727186474716
9470,471252,0.44,0.44,12.55,100.0,0.00387884620604963
9480,471752,0.43,0.43,12.56,100.0,0.0038749691048589937
9490,472252,0.46,0.46,12.48,100.0,0.0038710958790253176
9500,472752,0.45,0.45,12.58,100.0,0.003867226524674988
9510,473252,0.48,0.48,13.12,100.0,0.0038633610379382633
9520,473741,0.46,0.46,13.15,100.0,0.0038594994149492704
9530,474241,0.49,0.49,13.18,100.0,0.003855641651846
9540,474732,0.51,0.51,13.43,100.0,0.003851787744770301
9550,475230,0.52,0.51,13.09,100.0,0.003847937689867883
9560,475727,0.53,0.52,13.24,100.0,0.0038440914832883043
9570,476227,0.5,0.49,12.97,100.0,0.0038402491211849735
9580,476727,0.52,0.51,12.89,100.0,0.003836410599715145
9590,477223,0.5,0.49,12.91,100.0,0.003832575915039911
9600,477714,0.51,0.5,12.86,100.0,0.0038287450633242045
9610,478210,0.46,0.45,12.86,100.0,0.00382491804073679
9620,478698,0.49,0.48,12.77,100.0,0.0038210948434502625
9630,479198,0.45,0.44,12.62,100.0,0.003817275467641041
9640,479698,0.41,0.4,12.6,100.0,0.003813459909489368
9650,480198,0.38,0.38,12.42,100.0,0.0038096481651793035
9660,480690,0.35,0.35,12.51,100.0,0.003805840230898721
9670,481178,0.33,0.33,12.6,100.0,0.003802036102839306
9680,481678,0.31,0.31,12.37,100.0,0.0037982357771965494
9690,482178,0.32,0.32,12.31,100.0,0.003794439250169745
9700,482678,0.28,0.28,12.27,100.0,0.003790646517961985
9710,483177,0.3,0.3,12.25,100.0,0.0037868575767801586
9720,483677,0.26,0.26,12.22,100.0,0.003783072422834945
9730,484153,0.32,0.32,11.82,100.0,0.0037792910523408124
9740,484653,0.34,0.34,11.75,100.0,0.00377551346151601
9750,485136,0.31,0.31,11.74,100.0,0.00377173964658257
9760,485626,0.35,0.35,11.63,100.0,0.0037679696037662995
9770,486119,0.35,0.35,11.74,100.0,0.003764203329296778
9780,486608,0.34,0.34,11.58,100.0,0.0037604408194073543
9790,487093,0.34,0.34,11.79,100.0,0.003756682070335142
9800,487579,0.37,0.37,11.32,100.0,0.003752927078321016
9810,488078,0.42,0.42,11.04,100.0,0.0037491758396096084
9820,488578,0.47,0.47,10.66,100.0,0.0037454283504493044
9830,489072,0.41,0.41,10.67,100.0,0.003741684607092241
9840,489572,0.38,0.38,10.41,100.0,0.0037379446057942984
9850,490056,0.38,0.38,10.43,100.0,0.003734208342815103
9860,490534,0.34,0.34,10.47,100.0,0.0037304758144180157
9870,491034,0.36,0.36,10.43,100.0,0.003726747016870136
9880,491524,0.35,0.35,10.46,100.0,0.003723021946442292
9890,492024,0.39,0.39,10.85,100.0,0.0037193005994090415
9900,492506,0.36,0.36,10.72,100.0,0.0037155829720486645
9910,492983,0.33,0.33,10.44,100.0,0.003711869060643162
9920,493475,0.29,0.29,10.34,100.0,0.0037081588614782507
9930,493971,0.31,0.31,10.32,100.0,0.00370445237084336
9940,494468,0.34,0.34,10.37,100.0,0.003700749585031628
9950,494968,0.37,0.37,10.55,100.0,0.0036970505003398975
9960,495460,0.37,0.37,10.45,100.0,0.0036933551130687143
9970,495945,0.33,0.33,10.47,100.0,0.003689663419522322
9980,496429,0.36,0.36,10.29,100.0,0.0036859754160086565
9990,496929,0.34,0.34,10.7,100.0,0.003682291098839346
10000,497417,0.35,0.35,10.72,100.0,0.0036786104643297033
10010,497909,0.33,0.33,10.75,100.0,0.003674933508798727
10020,498403,0.33,0.33,10.91,100.0,0.0036712602285690933
10030,498893,0.32,0.32,10.82,100.0,0.0036675906199671537
10040,499391,0.29,0.29,10.91,100.0,0.003663924679322932
10050,499884,0.25,0.25,11.22,100.0,0.0036602624029701217
10060,500369,0.27,0.27,11.25,100.0,0.0036566037872460787
10070,500869,0.31,0.31,10.96,100.0,0.003652948828491822
10080,501352,0.32,0.32,10.95,100.0,0.0036492975230520267
10090,501852,0.29,0.29,10.92,100.0,0.0036456498672750213
10100,502337,0.28,0.28,11.52,100.0,0.003642005857512785
10110,502834,0.33,0.33,11.56,100.0,0.0036383654901209444
10120,503332,0.36,0.36,12.0,100.0,0.0036347287614587665
10130,503815,0.35,0.35,12.47,100.0,0.0036310956678891593
10140,504315,0.42,0.42,12.69,100.0,0.003627466205778666
10150,504798,0.46,0.46,13.23,100.0,0.003623840371497461
10160,505290,0.51,0.51,13.49,100.0,0.003620218161419346
10170,505774,0.5,0.5,13.21,100.0,0.003616599571921749
10180,506239,0.47,0.47,13.37,100.0,0.0036129845993857178
10190,506739,0.48,0.48,13.27,100.0,0.00360937324019592
10200,507235,0.48,0.48,13.75,100.0,0.003605765490740634
10210,507735,0.44,0.44,14.01,100.0,0.003602161347411749
10220,508235,0.43,0.43,14.05,100.0,0.00359856080660476
10230,508720,0.46,0.46,14.06,100.0,0.003594963864718767
10240,509220,0.39,0.39,14.03,100.0,0.0035913705181564674
10250,509714,0.39,0.39,14.01,100.0,0.003587780763324155
10260,510212,0.36,0.36,14.15,100.0,0.0035841945966317164
10270,510703,0.36,0.36,14.17,100.0,0.0035806120144926262
10280,511160,0.38,0.38,13.81,100.0,0.003577033013323942
10290,511630,0.37,0.37,13.62,100.0,0.0035734575895463062
10300,512130,0.41,0.41,13.51,100.0,0.0035698857395839354
10310,512627,0.44,0.44,13.31,100.0,0.0035663174598646236
10320,513103,0.43,0.43,12.98,100.0,0.003562752746819733
10330,513597,0.43,0.43,12.93,100.0,0.003559191596884194
10340,514092,0.45,0.45,12.92,100.0,0.0035556340064965
10350,514567,0.42,0.42,12.97,100.0,0.0035520799720987054
10360,515052,0.39,0.39,13.21,100.0,0.0035485294901364197
10370,515548,0.38,0.38,13.15,100.0,0.0035449825570588052
10380,516036,0.4,0.4,12.98,100.0,0.003541439169318574
10390,516536,0.39,0.39,12.91,100.0,0.003537899323371984
10400,517019,0.35,0.35,12.95,100.0,0.0035343630156788337
10410,517506,0.34,0.34,12.61,100.0,0.003530830242702463
10420,518004,0.35,0.35,11.96,100.0,0.003527301000909746
10430,518504,0.33,0.33,11.63,100.0,0.0035237752867710854
10440,519004,0.35,0.35,11.79,100.0,0.0035202530967604144
10450,519486,0.37,0.37,11.26,100.0,0.003516734427355191
10460,519964,0.4,0.4,11.38,100.0,0.003513219275036394
10470,520464,0.39,0.39,11.4,100.0,0.0035097076362885188
10480,520957,0.36,0.36,11.61,100.0,0.003506199507599576
10490,521454,0.43,0.43,10.54,100.0,0.0035026948854610853
10500,521946,0.47,0.47,10.4,100.0,0.0034991937663680726
10510,522428,0.44,0.44,10.4,100.0,0.0034956961468190703
10520,522923,0.44,0.44,10.13,100.0,0.003492202023316107
10530,523406,0.43,0.43,10.09,100.0,0.0034887113923647113
10540,523903,0.43,0.43,10.59,100.0,0.0034852242504739015
10550,524398,0.42,0.42,10.6,100.0,0.0034817405941561866
10560,524885,0.39,0.39,10.49,100.0,0.0034782604199275623
10570,525373,0.41,0.41,10.38,100.0,0.003474783724307506
10580,525873,0.46,0.46,10.78,100.0,0.0034713105038189735
10590,526373,0.39,0.39,10.96,100.0,0.003467840754988398
10600,526858,0.36,0.36,10.93,100.0,0.0034643744743456818
10610,527355,0.37,0.37,11.12,100.0,0.0034609116584241972
10620,527821,0.34,0.34,11.28,100.0,0.0034574523037607828
10630,528309,0.33,0.33,11.35,100.0,0.0034539964068957376
10640,528806,0.31,0.31,11.26,100.0,0.003450543964372819
10650,529297,0.33,0.33,11.07,100.0,0.003447094972739238
10660,529779,0.34,0.34,10.86,100.0,0.003443649428545658
10670,530264,0.34,0.34,11.33,100.0,0.00344020732834619
10680,530752,0.29,0.29,11.64,100.0,0.0034367686686983894
10690,531249,0.3,0.3,11.66,100.0,0.0034333334461632524
10700,531730,0.31,0.31,12.18,100.0,0.0034299016573052124
10710,532230,0.34,0.34,12.59,100.0,0.0034264732986921368
10720,532730,0.35,0.35,12.66,100.0,0.003423048366895324
10730,533221,0.38,0.38,12.62,100.0,0.0034196268584895002
10740,533687,0.38,0.38,12.73,100.0,0.003416208770052813
10750,534182,0.32,0.32,12.73,100.0,0.0034127940981668334
10760,534682,0.31,0.31,12.75,100.0,0.0034093828394165483
10770,535165,0.3,0.3,12.68,100.0,0.0034059749903903556
10780,535665,0.31,0.31,12.54,100.0,0.003402570547680066
10790,536139,0.29,0.29,12.41,100.0,0.0033991695078808954
10800,536632,0.29,0.29,12.58,100.0,0.003395771867591464
10810,537125,0.28,0.28,12.52,100.0,0.0033923776234137917
10820,537617,0.29,0.29,12.36,100.0,0.0033889867719532948
10830,538115,0.27,0.27,12.54,100.0,0.0033855993098187817
10840,538599,0.28,0.28,12.67,100.0,0.0033822152336224517
10850,539098,0.32,0.32,12.72,100.0,0.00337883453997989
10860,539598,0.34,0.34,12.81,100.0,0.0033754572255100647
10870,540098,0.35,0.35,12.48,100.0,0.0033720832868353225
10880,540598,0.37,0.37,12.4,100.0,0.003368712720581388
10890,541084,0.44,0.44,12.48,100.0,0.0033653455233773563
10900,541574,0.42,0.42,12.37,100.0,0.0033619816918556943
10910,542070,0.39,0.39,12.47,100.0,0.003358621222652233
10920,542562,0.39,0.39,12.43,100.0,0.0033552641124061674
10930,543062,0.43,0.43,12.25,100.0,0.003351910357760051
10940,543554,0.41,0.41,12.22,100.0,0.0033485599553597935
10950,544033,0.4,0.4,12.1,100.0,0.003345212901854657
10960,544533,0.43,0.43,12.43,100.0,0.003341869193897253
10970,545033,0.43,0.43,12.42,100.0,0.0033385288281435393
10980,545506,0.38,0.38,12.39,100.0,0.003335191801252815
10990,546006,0.36,0.36,12.17,100.0,0.0033318581098877205
11000,546495,0.36,0.36,11.96,100.0,0.003328527750714229
11010,546995,0.36,0.36,11.79,100.0,0.0033252007204016497
11020,547495,0.36,0.36,11.73,100.0,0.0033218770156226186
11030,547995,0.34,0.34,11.18,100.0,0.0033185566330530976
11040,548489,0.34,0.34,11.11,100.0,0.0033152395693723732
11050,548976,0.33,0.33,10.99,100.0,0.003311925821263048
11060,549457,0.32,0.32,10.51,100.0,0.0033086153854110434
11070,549934,0.31,0.31,10.39,100.0,0.0033053082585055914
11080,550434,0.36,0.36,10.37,100.0,0.0033020044372392347
11090,550930,0.36,0.36,10.43,100.0,0.0032987039183078218
11100,551430,0.4,0.4,10.45,100.0,0.003295406698410502
11110,551930,0.41,0.41,10.89,100.0,0.003292112774249726
11120,552397,0.38,0.38,10.89,100.0,0.003288822142531241
11130,552893,0.37,0.37,11.01,100.0,0.0032855347999640847
11140,553387,0.37,0.37,10.73,100.0,0.003282250743260586
11150,553873,0.4,0.4,10.84,100.0,0.003278969969136359
11160,554370,0.38,0.38,10.55,100.0,0.003275692474310301
11170,554870,0.4,0.4,10.74,100.0,0.00327241825550459
11180,555356,0.4,0.4,10.65,100.0,0.0032691473094446795
11190,555843,0.38,0.38,10.66,100.0,0.0032658796328592955
11200,556329,0.34,0.34,10.81,100.0,0.003262615222480434
11210,556818,0.39,0.39,10.53,100.0,0.0032593540750433594
11220,557305,0.43,0.43,10.52,100.0,0.003256096187286596
11230,557795,0.42,0.42,10.58,100.0,0.00325284155595193
11240,558286,0.44,0.44,10.51,100.0,0.0032495901777844067
11250,558786,0.42,0.42,10.57,100.0,0.0032463420495323207
11260,559279,0.43,0.43,10.49,100.0,0.0032430971679472185
11270,559779,0.39,0.39,10.31,100.0,0.0032398555297838932
11280,560279,0.36,0.36,10.51,100.0,0.0032366171318003838
11290,560748,0.37,0.37,10.63,100.0,0.003233381970757967
11300,561237,0.38,0.38,10.45,100.0,0.003230150043421159
11310,561736,0.35,0.35,10.45,100.0,0.0032269213465577077
11320,562236,0.34,0.34,10.49,100.0,0.0032236958769385937
11330,562736,0.37,0.37,10.45,100.0,0.003220473631338024
11340,563236,0.36,0.36,10.44,100.0,0.0032172546065334312
11350,563708,0.35,0.35,10.37,100.0,0.003214038799305468
11360,564199,0.33,0.33,10.48,100.0,0.0032108262064380055
11370,564691,0.37,0.37,10.57,100.0,0.003207616824718129
11380,565172,0.38,0.38,10.79,100.0,0.003204410650936135
11390,565656,0.38,0.38,10.72,100.0,0.0032012076818855304
11400,566142,0.38,0.38,10.75,100.0,0.0031980079143630246
11410,566642,0.41,0.41,11.34,100.0,0.0031948113451685297
11420,567129,0.42,0.42,11.37,100.0,0.003191617971105157
11430,567616,0.44,0.44,11.56,100.0,0.003188427788979213
11440,568094,0.48,0.48,11.13,100.0,0.003185240795600195
11450,568594,0.51,0.51,11.47,100.0,0.003182056987780791
11460,569094,0.51,0.51,11.86,100.0,0.0031788763623368755
11470,569569,0.51,0.51,11.86,100.0,0.0031756989160875034
11480,570069,0.51,0.51,11.96,100.0,0.003172524645854911
11490,570556,0.55,0.55,12.26,100.0,0.0031693535484645114
11500,571055,0.55,0.55,12.29,100.0,0.003166185620744888
11510,571540,0.49,0.49,12.28,100.0,0.0031630208595277965
11520,572030,0.48,0.48,12.35,100.0,0.00315985926164816
11530,572530,0.46,0.46,12.35,100.0,0.0031567008239440633
11540,573020,0.43,0.43,12.31,100.0,0.0031535455432567523
11550,573508,0.4,0.4,12.05,100.0,0.0031503934164306318
11560,574002,0.38,0.38,12.03,100.0,0.0031472444403132576
11570,574502,0.36,0.36,12.04,100.0,0.0031440986117553396
11580,574995,0.35,0.35,12.04,100.0,0.0031409559276107343
11590,575486,0.27,0.27,12.15,100.0,0.0031378163847364422
11600,575982,0.25,0.25,12.09,100.0,0.003134679979992607
11610,576482,0.28,0.28,12.07,100.0,0.00313154671024251
11620,576982,0.29,0.29,12.13,100.0,0.0031284165723525674
11630,577482,0.28,0.28,12.3,100.0,0.003125289563192328
11640,577959,0.27,0.27,12.27,100.0,0.0031221656796344703
11650,578439,0.3,0.3,11.88,100.0,0.003119044918554798
11660,578934,0.35,0.35,11.81,100.0,0.003115927276832237
11670,579432,0.37,0.37,11.54,100.0,0.003112812751348834
11680,579921,0.37,0.37,11.47,100.0,0.0031097013389897515
11690,580421,0.42,0.42,11.01,100.0,0.003106593036643266
11700,580921,0.48,0.48,10.86,100.0,0.0031034878412007634
11710,581402,0.45,0.45,11.43,100.0,0.003100385749556738
11720,581902,0.46,0.46,11.52,100.0,0.003097286758608787
11730,582402,0.47,0.47,11.29,100.0,0.003094190865257611
11740,582900,0.46,0.46,11.29,100.0,0.0030910980664070045
11750,583386,0.45,0.45,11.03,100.0,0.003088008358963861
11760,583886,0.42,0.42,10.8,100.0,0.003084921739838163
11770,584349,0.39,0.39,10.86,100.0,0.0030818382059429822
11780,584831,0.4,0.4,10.3,100.0,0.003078757754194477
11790,585321,0.41,0.41,10.6,100.0,0.0030756803815118867
11800,585814,0.37,0.37,10.6,100.0,0.00307260608481753
11810,586300,0.37,0.37,10.7,100.0,0.0030695348610368027
11820,586795,0.33,0.33,10.67,100.0,0.0030664667070981737
11830,587287,0.33,0.33,10.32,100.0,0.0030634016199331824
11840,587763,0.37,0.37,10.29,100.0,0.0030603395964764342
11850,588240,0.38,0.38,10.6,100.0,0.0030572806336656004
11860,588737,0.39,0.39,10.77,100.0,0.003054224728441411
11870,589237,0.45,0.45,11.06,100.0,0.003051171877747655
11880,589734,0.43,0.43,11.15,100.0,0.0030481220785311763
11890,590226,0.38,0.38,11.23,100.0,0.0030450753277418696
11900,590715,0.4,0.4,11.14,100.0,0.0030420316223326803
11910,591215,0.41,0.41,11.17,100.0,0.003038990959259598
11920,591710,0.44,0.44,11.27,100.0,0.003035953335481655
11930,592203,0.43,0.43,11.82,100.0,0.003032918747960924
11940,592703,0.4,0.4,11.76,100.0,0.0030298871936625133
11950,593194,0.39,0.39,11.59,100.0,0.0030268586695545653
11960,593694,0.39,0.39,11.81,100.0,0.0030238331726082524
11970,594188,0.38,0.38,12.12,100.0,0.003020810699797776
11980,594688,0.4,0.4,11.53,100.0,0.0030177912481003594
11990,595167,0.42,0.42,11.61,100.0,0.00301477481449625
12000,595667,0.41,0.41,11.73,100.0,0.0030117613959687113
12010,596165,0.42,0.42,11.76,100.0,0.0030087509895040227
12020,596649,0.41,0.41,11.76,100.0,0.0030057435920914774
12030,597149,0.39,0.39,11.81,100.0,0.0030027392007233767
12040,597649,0.39,0.39,11.71,100.0,0.002999737812395028
12050,598149,0.43,0.43,11.93,100.0,0.002996739424104743
12060,598649,0.42,0.42,11.82,100.0,0.002993744032853834
12070,599149,0.4,0.4,11.9,100.0,0.0029907516356466085
12080,599643,0.39,0.39,11.89,100.0,0.0029877622294903713
12090,600143,0.37,0.37,11.8,100.0,0.002984775811395416
12100,600628,0.35,0.35,11.83,100.0,0.002981792378375025
12110,601128,0.35,0.35,11.96,100.0,0.002978811927445468
12120,601626,0.34,0.34,11.84,100.0,0.0029758344556259954
12130,602115,0.39,0.39,11.35,100.0,0.002972859959938837
12140,602615,0.43,0.43,11.86,100.0,0.0029698884374092
12150,603114,0.37,0.37,11.72,100.0,0.002966919885065264
12160,603609,0.37,0.37,11.66,100.0,0.0029639542999381797
12170,604085,0.35,0.35,11.43,100.0,0.002960991679062065
12180,604580,0.35,0.35,11.24,100.0,0.002958032019474002
12190,605080,0.39,0.39,11.5,100.0,0.0029550753182140356
12200,605574,0.45,0.45,11.36,100.0,0.0029521215723251676
12210,606065,0.46,0.46,11.22,100.0,0.0029491707788533578
12220,606565,0.45,0.45,11.2,100.0,0.0029462229348475167
12230,607055,0.41,0.41,11.29,100.0,0.002943278037359506
12240,607555,0.38,0.38,11.36,100.0,0.002940336083444132
12250,608045,0.43,0.43,11.28,100.0,0.0029373970701591467
12260,608545,0.44,0.44,11.6,100.0,0.002934460994565244
12270,609031,0.44,0.44,11.62,100.0,0.0029315278537260523
12280,609513,0.45,0.45,11.5,100.0,0.0029285976447081387
12290,610008,0.39,0.39,11.5,100.0,0.002925670364581001
12300,610508,0.34,0.34,11.64,100.0,0.0029227460104170656
12310,611000,0.32,0.32,11.49,100.0,0.002919824579291686
12320,611491,0.37,0.37,11.7,100.0,0.0029169060682831373
12330,611991,0.39,0.39,11.48,100.0,0.0029139904744726174
12340,612490,0.36,0.36,11.49,100.0,0.0029110777949442404
12350,612982,0.32,0.32,11.59,100.0,0.0029081680267850356
12360,613464,0.31,0.31,11.63,100.0,0.0029052611670849445
12370,613964,0.3,0.3,11.78,100.0,0.0029023572129368144
12380,614463,0.27,0.27,11.84,100.0,0.002899456161436402
12390,614963,0.35,0.35,12.16,100.0,0.002896558009682364
12400,615453,0.36,0.36,12.35,100.0,0.0028936627547762597
12410,615941,0.38,0.38,12.5,100.0,0.002890770393822545
12420,616441,0.37,0.37,12.58,100.0,0.002887880923928568
12430,616930,0.33,0.33,12.53,100.0,0.0028849943422045703
12440,617421,0.36,0.36,12.11,100.0,0.002882110645763681
12450,617919,0.37,0.37,12.14,100.0,0.002879229831721916
12460,618416,0.39,0.39,12.27,100.0,0.0028763518971981717
12470,618916,0.39,0.39,12.52,100.0,0.0028734768393142264
12480,619413,0.42,0.42,12.33,100.0,0.0028706046551947332
12490,619896,0.36,0.36,12.45,100.0,0.002867735341967221
12500,620396,0.37,0.37,12.11,100.0,0.0028648688967620904
12510,620896,0.37,0.37,12.57,100.0,0.002862005316712608
12520,621383,0.34,0.34,12.68,100.0,0.002859144598954907
12530,621870,0.36,0.36,12.66,100.0,0.0028562867406279847
12540,622369,0.33,0.33,12.48,100.0,0.002853431738873696
12550,622867,0.36,0.36,12.1,100.0,0.0028505795908367526
12560,623360,0.32,0.32,12.01,100.0,0.0028477302936647225
12570,623852,0.33,0.33,12.21,100.0,0.0028448838445080224
12580,624352,0.31,0.31,12.27,100.0,0.002842040240519918
12590,624852,0.31,0.31,12.26,100.0,0.002839199478856521
12600,625352,0.31,0.31,12.41,100.0,0.002836361556676786
12610,625849,0.31,0.31,12.28,100.0,0.0028335264711425072
12620,626349,0.37,0.37,12.15,100.0,0.0028306942194183137
12630,626849,0.4,0.4,12.34,100.0,0.0028278647986716703
12640,627337,0.42,0.42,12.12,100.0,0.002825038206072874
12650,627828,0.37,0.37,12.03,100.0,0.002822214438795049
12660,628321,0.39,0.39,11.65,100.0,0.002819393494014145
12670,628821,0.41,0.41,11.35,100.0,0.002816575368908935
12680,629307,0.44,0.44,10.97,100.0,0.002813760060661013
12690,629796,0.45,0.45,11.33,100.0,0.0028109475664547874
12700,630286,0.46,0.46,11.03,100.0,0.0028081378834774826
12710,630785,0.45,0.45,10.67,100.0,0.0028053310089191357
12720,631282,0.39,0.39,10.62,100.0,0.00280252693997259
12730,631779,0.35,0.35,10.5,100.0,0.002799725673833496
12740,632279,0.38,0.38,10.97,100.0,0.0027969272077003073
12750,632767,0.38,0.38,10.85,100.0,0.0027941315387742783
12760,633267,0.4,0.4,10.91,100.0,0.002791338664259459
12770,633752,0.37,0.37,10.57,100.0,0.002788548581362697
12780,634251,0.34,0.34,10.61,100.0,0.0027857612872936293
12790,634735,0.33,0.33,10.4,100.0,0.0027829767792646827
12800,635235,0.31,0.31,10.48,100.0,0.0027801950544910706
12810,635733,0.29,0.29,10.48,100.0,0.0027774161101907892
12820,636227,0.33,0.33,10.33,100.0,0.002774639943584617
12830,636722,0.34,0.34,10.44,100.0,0.0027718665518961095
12840,637216,0.33,0.33,10.65,100.0,0.002769095932351597
12850,637713,0.35,0.35,10.42,100.0,0.002766328082180182
12860,638213,0.36,0.36,10.48,100.0,0.002763562998613738
12870,638698,0.38,0.38,10.61,100.0,0.002760800678886905
12880,639198,0.41,0.41,10.39,100.0,0.0027580411202370865
12890,639698,0.45,0.45,10.23,100.0,0.0027552843199044473
12900,640194,0.43,0.43,10.26,100.0,0.0027525302751319103
12910,640694,0.45,0.45,10.01,100.0,0.002749778983165158
12920,641192,0.43,0.43,10.26,100.0,0.00274703044125262
12930,641680,0.43,0.43,10.38,100.0,0.0027442846466454807
12940,642165,0.42,0.42,10.32,100.0,0.00274154159659767
12950,642651,0.42,0.42,10.37,100.0,0.0027388012883658636
12960,643151,0.42,0.42,10.52,100.0,0.00273606371920948
12970,643642,0.44,0.44,10.22,100.0,0.0027333288863906745
12980,644136,0.44,0.44,10.53,100.0,0.002730596787174341
12990,644636,0.39,0.39,10.59,100.0,0.002727867418828106
13000,645135,0.44,0.44,10.9,100.0,0.00272514077862233
13010,645633,0.44,0.44,10.66,100.0,0.0027224168638300982
13020,646122,0.43,0.43,10.62,100.0,0.0027196956717272245
13030,646610,0.42,0.42,10.49,100.0,0.0027169771995922435
13040,647110,0.43,0.43,10.72,100.0,0.002714261444706412
13050,647595,0.45,0.45,10.78,100.0,0.0027115484043537014
13060,648095,0.42,0.42,10.69,100.0,0.0027088380758208013
13070,648587,0.38,0.38,10.73,100.0,0.002706130456397111
13080,649077,0.38,0.38,10.73,100.0,0.0027034255433747412
13090,649576,0.41,0.41,10.73,100.0,0.0027007233340485067
13100,650061,0.41,0.41,10.34,100.0,0.002698023825715928
13110,650557,0.4,0.4,10.31,100.0,0.002695327015677227
13120,651050,0.41,0.41,10.17,100.0,0.002692632901235324
13130,651523,0.42,0.42,10.13,100.0,0.002689941479695836
13140,652016,0.41,0.41,10.28,100.0,0.00268725274836707
13150,652505,0.41,0.41,10.27,100.0,0.002684566704560026
13160,653005,0.42,0.42,10.35,100.0,0.002681883345588391
13170,653497,0.43,0.43,10.35,100.0,0.002679202668768539
13180,653997,0.45,0.45,10.04,100.0,0.002676524671419524
13190,654496,0.46,0.46,10.02,100.0,0.0026738493508630806
13200,654990,0.44,0.44,9.94,100.0,0.002671176704423619
13210,655481,0.46,0.46,10.02,100.0,0.0026685067294282276
13220,655981,0.48,0.48,10.4,100.0,0.0026658394232066634
13230,656477,0.49,0.49,10.37,100.0,0.002663174783091352
13240,656977,0.48,0.48,10.55,100.0,0.0026605128064173885
13250,657473,0.44,0.44,10.5,100.0,0.0026578534905225284
13260,657973,0.41,0.41,10.54,100.0,0.00265519683274719
13270,658471,0.44,0.44,10.35,100.0,0.00265254283043445
13280,658969,0.42,0.42,10.25,100.0,0.0026498914809300394
13290,659469,0.42,0.42,10.77,100.0,0.0026472427815823446
13300,659969,0.4,0.4,11.05,100.0,0.002644596729742401
13310,660455,0.39,0.39,10.75,100.0,0.00264195332276389
13320,660955,0.37,0.37,10.82,100.0,0.002639312558003143
13330,661455,0.35,0.35,11.19,100.0,0.0026366744328191285
13340,661951,0.32,0.32,11.19,100.0,0.002634038944573459
13350,662451,0.31,0.31,11.21,100.0,0.002631406090630382
13360,662934,0.34,0.34,11.48,100.0,0.002628775868356779
13370,663434,0.3,0.3,11.43,100.0,0.0026261482751221664
13380,663932,0.32,0.32,11.77,100.0,0.0026235233082986856
13390,664425,0.32,0.32,11.72,100.0,0.0026209009652611082
13400,664925,0.35,0.35,11.84,100.0,0.002618281243386829
13410,665413,0.33,0.33,11.85,100.0,0.0026156641400558634
13420,665912,0.32,0.32,11.78,100.0,0.0026130496526508462
13430,666410,0.33,0.33,11.96,100.0,0.0026104377785570285
13440,666902,0.36,0.36,11.89,100.0,0.002607828515162275
13450,667394,0.35,0.35,11.89,100.0,0.00260522185985706
13460,667880,0.36,0.36,12.31,100.0,0.002602617810034468
13470,668380,0.38,0.38,12.83,100.0,0.002600016363090189
13480,668874,0.34,0.34,12.91,100.0,0.0025974175164225153
13490,669364,0.32,0.32,12.69,100.0,0.0025948212674323404
13500,669864,0.29,0.29,12.9,100.0,0.002592227613523155
13510,670351,0.3,0.3,12.81,100.0,0.0025896365521010448
13520,670851,0.29,0.29,13.05,100.0,0.0025870480805746904
13530,671351,0.29,0.29,13.27,100.0,0.002584462196355361
13540,671824,0.29,0.29,13.09,100.0,0.0025818788968569126
13550,672320,0.32,0.32,13.08,100.0,0.0025792981794957883
13560,672816,0.32,0.32,12.94,100.0,0.002576720041691012
13570,673274,0.29,0.29,12.85,100.0,0.0025741444808641883
13580,673774,0.32,0.32,13.2,100.0,0.0025715714944394975
13590,674274,0.33,0.33,13.14,100.0,0.0025690010798436963
13600,674759,0.34,0.34,13.22,100.0,0.0025664332345061124
13610,675233,0.33,0.33,13.28,100.0,0.0025638679558586436
13620,675724,0.35,0.35,12.83,100.0,0.0025613052413357555
13630,676196,0.35,0.35,12.87,100.0,0.0025587450883744756
13640,676696,0.35,0.35,12.88,100.0,0.0025561874944143954
13650,677182,0.36,0.36,13.38,100.0,0.0025536324568976652
13660,677682,0.35,0.35,13.15,100.0,0.002551079973268991
13670,678172,0.42,0.42,13.01,100.0,0.0025485300409756337
13680,678672,0.39,0.39,12.92,100.0,0.002545982657467407
13690,679171,0.36,0.36,12.94,100.0,0.0025434378201966714
13700,679671,0.38,0.38,12.73,100.0,0.002540895526618335
13710,680141,0.38,0.38,13.02,100.0,0.0025383557741898498
13720,680633,0.37,0.37,13.11,100.0,0.002535818560371209
13730,681133,0.36,0.36,13.06,100.0,0.002533283882624945
13740,681633,0.36,0.36,13.1,100.0,0.0025307517384161268
13750,682118,0.33,0.33,13.1,100.0,0.002528222125212356
13760,682599,0.37,0.37,12.64,100.0,0.0025256950404837675
13770,683088,0.36,0.36,12.1,100.0,0.0025231704817030216
13780,683588,0.38,0.38,11.9,100.0,0.0025206484463453074
13790,684064,0.42,0.42,11.74,100.0,0.0025181289318883388
13800,684537,0.38,0.38,11.82,100.0,0.0025156119358123474
13810,685011,0.43,0.43,11.82,100.0,0.0025130974556000865
13820,685489,0.46,0.46,11.73,100.0,0.002510585488736823
13830,685989,0.45,0.45,11.74,100.0,0.002508076032710338
13840,686489,0.45,0.45,11.95,100.0,0.002505569085010926
13850,686974,0.49,0.49,11.78,100.0,0.002503064643131388
13860,687464,0.48,0.48,11.24,100.0,0.0025005627045670315
13870,687955,0.45,0.45,11.08,100.0,0.002498063266815667
13880,688440,0.44,0.44,11.16,100.0,0.002495566327377606
13890,688922,0.43,0.43,11.03,100.0,0.002493071883755661
13900,689422,0.46,0.46,10.89,100.0,0.002490579933455137
13910,689922,0.42,0.42,10.84,100.0,0.002488090473983835
13920,690422,0.43,0.43,10.25,100.0,0.002485603502852046
13930,690900,0.48,0.48,10.32,100.0,0.00248311901757255
13940,691377,0.49,0.49,9.98,100.0,0.002480637015660614
13950,691872,0.45,0.45,9.95,100.0,0.0024781574946339865
13960,692365,0.44,0.44,10.03,100.0,0.0024756804520128985
13970,692848,0.43,0.43,10.6,100.0,0.0024732058853200603
13980,693339,0.45,0.45,10.3,100.0,0.002470733792080656
13990,693839,0.45,0.45,10.5,100.0,0.0024682641698223463
14000,694305,0.42,0.42,10.55,100.0,0.002465797016075261
14010,694805,0.46,0.46,10.46,100.0,0.002463332328371999
14020,695263,0.44,0.44,10.46,100.0,0.002460870104247627
14030,695763,0.46,0.46,10.48,100.0,0.002458410341239674
14040,696223,0.43,0.43,10.49,100.0,0.0024559530368881296
14050,696712,0.47,0.47,10.49,100.0,0.002453498188735445
14060,697203,0.46,0.46,10.53,100.0,0.002451045794326526
14070,697696,0.5,0.5,10.3,100.0,0.002448595851208733
14080,698190,0.45,0.45,10.3,100.0,0.0024461483569318773
14090,698685,0.44,0.44,10.23,100.0,0.00244370330904822
14100,699169,0.45,0.45,10.37,100.0,0.002441260705112468
14110,699655,0.43,0.43,10.12,100.0,0.0024388205426817727
14120,700129,0.4,0.4,10.36,100.0,0.0024363828193157276
14130,700619,0.38,0.38,10.37,100.0,0.0024339475325763655
14140,701119,0.43,0.43,10.47,100.0,0.0024315146800281563
14150,701610,0.43,0.43,10.55,100.0,0.002429084259238004
14160,702097,0.39,0.39,10.61,100.0,0.0024266562677752444
14170,702583,0.35,0.35,10.62,100.0,0.0024242307032116424
14180,703074,0.42,0.42,10.72,100.0,0.002421807563121391
14190,703553,0.43,0.43,10.69,100.0,0.002419386845081107
14200,704053,0.43,0.43,10.93,100.0,0.0024169685466698307
14210,704551,0.45,0.45,10.71,100.0,0.002414552665469022
14220,705033,0.47,0.47,10.97,100.0,0.002412139199062557
14230,705528,0.45,0.45,10.44,100.0,0.002409728145036728
14240,706023,0.44,0.44,10.38,100.0,0.0024073195009802397
14250,706523,0.45,0.45,10.0,100.0,0.0024049132644842074
14260,706991,0.46,0.46,10.01,100.0,0.0024025094331421534
14270,707472,0.45,0.45,10.01,100.0,0.0024001080045500064
14280,707949,0.38,0.38,10.16,100.0,0.0023977089763060964
14290,708437,0.38,0.38,9.97,100.0,0.002395312346011155
14300,708937,0.38,0.38,10.03,100.0,0.0023929181112683135
14310,709408,0.37,0.37,10.48,100.0,0.0023905262696830958
14320,709908,0.37,0.37,10.71,100.0,0.0023881368188634223
14330,710402,0.38,0.38,10.98,100.0,0.0023857497564196014
14340,710880,0.4,0.4,10.72,100.0,0.002383365079964333
14350,711380,0.42,0.42,11.27,100.0,0.0023809827871127016
14360,711879,0.45,0.45,10.96,100.0,0.002378602875482175
14370,712379,0.46,0.46,10.82,100.0,0.002376225342692605
14380,712879,0.49,0.49,10.8,100.0,0.002373850186366219
14390,713379,0.53,0.53,10.6,100.0,0.0023714774041276253
14400,713879,0.6,0.6,10.56,100.0,0.002369106993603802
14410,714363,0.56,0.56,10.51,100.0,0.002366738952424102
14420,714861,0.58,0.58,10.18,100.0,0.0023643732782202484
14430,715345,0.59,0.59,10.9,100.0,0.0023620099686263276
14440,715836,0.56,0.56,10.67,100.0,0.002359649021278796
14450,716336,0.53,0.53,11.08,100.0,0.002357290433816469
14460,716833,0.54,0.54,10.83,100.0,0.002354934203880523
14470,717296,0.56,0.56,10.87,100.0,0.002352580329114492
14480,717796,0.56,0.56,11.01,100.0,0.0023502288071642658
14490,718289,0.52,0.52,11.04,100.0,0.002347879635678087
14500,718784,0.46,0.46,10.89,100.0,0.0023455328123065497
14510,719278,0.46,0.46,11.04,100.0,0.002343188334702595
14520,719753,0.43,0.43,11.02,100.0,0.0023408462005215097
14530,720237,0.38,0.38,11.05,100.0,0.002338506407420926
14540,720728,0.39,0.39,11.22,100.0,0.002336168953060817
14550,721224,0.37,0.37,11.12,100.0,0.0023338338351034937
14560,721714,0.32,0.32,11.26,100.0,0.002331501051213605
14570,722166,0.31,0.31,10.72,100.0,0.002329170599058134
14580,722665,0.28,0.28,10.63,100.0,0.002326842476306394
14590,723164,0.27,0.27,10.78,100.0,0.00232451668063003
14600,723654,0.32,0.32,10.43,100.0,0.0023221932097030134
14610,724154,0.38,0.38,10.13,100.0,0.00231987206120164
14620,724642,0.38,0.38,10.35,100.0,0.0023175532328045295
14630,725142,0.43,0.43,10.4,100.0,0.0023152367221926226
14640,725633,0.42,0.42,10.64,100.0,0.0023129225270491754
14650,726121,0.43,0.43,10.84,100.0,0.002310610645059762
14660,726621,0.46,0.46,10.53,100.0,0.002308301073912268
14670,727104,0.43,0.43,10.57,100.0,0.0023059938112968913
14680,727593,0.49,0.49,10.76,100.0,0.002303688854906138
14690,728086,0.5,0.5,10.82,100.0,0.0023013862024348227
14700,728581,0.45,0.45,10.56,100.0,0.0022990858515800614
14710,729081,0.4,0.4,10.74,100.0,0.002296787800041273
14720,729565,0.39,0.39,10.62,100.0,0.0022944920455201753
14730,730056,0.37,0.37,10.2,100.0,0.0022921985857207853
14740,730548,0.36,0.36,10.43,100.0,0.0022899074183494127
14750,731034,0.42,0.42,10.5,100.0,0.002287618541114661
14760,731494,0.42,0.42,10.46,100.0,0.0022853319517274246
14770,731976,0.44,0.44,10.16,100.0,0.002283047647900884
14780,732469,0.42,0.42,10.25,100.0,0.0022807656273505067
14790,732960,0.44,0.44,10.47,100.0,0.002278485887794045
14800,733451,0.45,0.45,10.28,100.0,0.00227620842695153
14810,733944,0.45,0.45,10.28,100.0,0.0022739332425452735
14820,734434,0.48,0.48,10.02,100.0,0.002271660332299864
14830,734934,0.49,0.49,10.08,100.0,0.002269389693942162
14840,735415,0.53,0.53,10.04,100.0,0.002267121325201304
14850,735874,0.46,0.46,10.09,100.0,0.0022648552238086917
14860,736357,0.49,0.49,10.18,100.0,0.002262591387497999
14870,736857,0.5,0.5,10.23,100.0,0.0022603298140051616
14880,737332,0.46,0.46,10.09,100.0,0.0022580705010683813
14890,737800,0.44,0.44,10.18,100.0,0.002255813446428118
14900,738285,0.42,0.42,10.05,100.0,0.0022535586478270903
14910,738758,0.45,0.45,9.89,100.0,0.0022513061030102755
14920,739244,0.45,0.45,10.01,100.0,0.0022490558097249024
14930,739714,0.42,0.42,10.06,100.0,0.0022468077657204527
14940,740197,0.38,0.38,10.08,100.0,0.002244561968748657
14950,740685,0.38,0.38,9.99,100.0,0.0022423184165634943
14960,741173,0.38,0.38,9.54,100.0,0.0022400771069211877
14970,741673,0.4,0.4,9.55,100.0,0.002237838037580203
14980,742154,0.41,0.41,9.58,100.0,0.0022356012063012463
14990,742634,0.37,0.37,9.58,100.0,0.0022333666108472626
15000,743114,0.4,0.4,9.47,100.0,0.002231134248983433
15010,743611,0.38,0.38,9.34,100.0,0.0022289041184771724
15020,744058,0.34,0.34,9.33,100.0,0.0022266762170981263
15030,744549,0.4,0.4,9.07,100.0,0.0022244505426181715
15040,745032,0.43,0.43,9.33,100.0,0.0022222270928114107
15050,745511,0.42,0.42,9.12,100.0,0.002220005865454171
15060,746011,0.42,0.42,9.02,100.0,0.0022177868583250025
15070,746511,0.4,0.4,8.99,100.0,0.002215570069204676
15080,746993,0.4,0.4,9.11,100.0,0.002213355495876181
15090,747493,0.42,0.42,9.27,100.0,0.0022111431361247214
15100,747993,0.45,0.45,8.96,100.0,0.0022089329877377174
15110,748470,0.47,0.47,8.97,100.0,0.0022067250485047984
15120,748944,0.52,0.52,8.97,100.0,0.002204519316217805
15130,749436,0.46,0.46,8.85,100.0,0.0022023157886707835
15140,749913,0.41,0.41,8.92,100.0,0.0022001144636599862
15150,750408,0.45,0.44,9.0,100.0,0.0021979153389838683
15160,750897,0.46,0.45,8.8,100.0,0.0021957184124430837
15170,751375,0.47,0.46,9.11,100.0,0.0021935236818404866
15180,751841,0.5,0.49,9.07,100.0,0.002191331144981127
15190,752333,0.5,0.49,8.92,100.0,0.0021891407996722477
15200,752812,0.45,0.44,8.89,100.0,0.002186952643723285
15210,753311,0.4,0.39,8.88,100.0,0.0021847666749458634
15220,753811,0.38,0.37,8.77,100.0,0.002182582891153795
15230,754295,0.44,0.43,8.8,100.0,0.0021804012901630782
15240,754779,0.48,0.47,9.0,100.0,0.0021782218697918936
15250,755257,0.44,0.44,9.1,100.0,0.002176044627860602
15260,755757,0.39,0.39,8.95,100.0,0.002173869562191744
15270,756235,0.37,0.37,9.02,100.0,0.002171696670610037
15280,756717,0.36,0.36,8.98,100.0,0.0021695259509423707
15290,757209,0.4,0.4,8.89,100.0,0.002167357401017809
15300,757682,0.37,0.37,8.85,100.0,0.0021651910186675856
15310,758172,0.42,0.42,8.97,100.0,0.0021630268017250993
15320,758668,0.46,0.46,9.1,100.0,0.002160864748025918
15330,759151,0.41,0.41,9.39,100.0,0.0021587048554077707
15340,759639,0.4,0.4,9.62,100.0,0.0021565471217105483
15350,760126,0.41,0.41,9.69,100.0,0.002154391544776302
15360,760626,0.42,0.42,9.65,100.0,0.0021522381224492394
15370,761126,0.46,0.46,9.71,100.0,0.002150086852575723
15380,761621,0.44,0.44,9.71,100.0,0.002147937733004266
15390,762121,0.42,0.42,9.84,100.0,0.002145790761585535
15400,762598,0.43,0.43,9.9,100.0,0.0021436459361723424
15410,763098,0.39,0.39,9.94,100.0,0.002141503254619649
15420,763583,0.37,0.37,9.77,100.0,0.002139362714784559
15430,764083,0.37,0.37,9.82,100.0,0.0021372243145263174
15440,764579,0.36,0.36,10.38,100.0,0.002135088051706311
15450,765070,0.38,0.38,10.64,100.0,0.002132953924188062
15460,765551,0.41,0.41,10.68,100.0,0.0021308219298372304
15470,766041,0.35,0.35,10.6,100.0,0.0021286920665216083
15480,766506,0.38,0.38,10.5,100.0,0.0021265643321111186
15490,766998,0.38,0.38,10.72,100.0,0.0021244387244778147
15500,767491,0.36,0.36,10.72,100.0,0.0021223152414958754
15510,767991,0.37,0.37,11.24,100.0,0.0021201938810416054
15520,768469,0.34,0.34,11.43,100.0,0.0021180746409934317
15530,768958,0.36,0.36,11.68,100.0,0.002115957519231902
15540,769446,0.39,0.39,11.6,100.0,0.002113842513639684
15550,769926,0.37,0.37,11.5,100.0,0.0021117296221015588
15560,770415,0.35,0.35,11.7,100.0,0.002109618842504424
15570,770896,0.37,0.37,11.7,100.0,0.002107510172737289
15580,771396,0.36,0.36,12.02,100.0,0.0021054036106912723
15590,771896,0.35,0.35,12.12,100.0,0.002103299154259602
15600,772376,0.39,0.39,12.6,100.0,0.00210119680133761
15610,772865,0.39,0.39,12.62,100.0,0.0020990965498227333
15620,773357,0.4,0.4,12.39,100.0,0.0020969983976145113
15630,773819,0.37,0.37,12.27,100.0,0.0020949023426145804
15640,774319,0.38,0.38,11.91,100.0,0.0020928083827266757
15650,774801,0.38,0.38,11.89,100.0,0.0020907165158566294
15660,775291,0.36,0.36,11.7,100.0,0.002088626739912363
15670,775774,0.38,0.38,11.59,100.0,0.0020865390528038924
15680,776274,0.38,0.38,11.92,100.0,0.002084453452443322
15690,776767,0.37,0.37,11.94,100.0,0.0020823699367448416
15700,777250,0.35,0.35,11.72,100.0,0.0020802885036247287
15710,777744,0.36,0.36,12.01,100.0,0.0020782091510013396
15720,778231,0.35,0.35,11.99,100.0,0.002076131876795115
15730,778730,0.39,0.39,12.13,100.0,0.0020740566789285726
15740,779230,0.35,0.35,12.02,100.0,0.002071983555326306
15750,779721,0.36,0.36,11.53,100.0,0.0020699125039149854
15760,780212,0.42,0.42,11.12,100.0,0.002067843522623351
15770,780712,0.39,0.39,11.1,100.0,0.0020657766093822153
15780,781212,0.37,0.37,11.13,100.0,0.002063711762124458
15790,781689,0.38,0.38,11.34,100.0,0.002061648978785024
15800,782185,0.4,0.4,11.01,100.0,0.002059588257300926
15810,782685,0.41,0.41,10.61,100.0,0.0020575295956112333
15820,783120,0.39,0.39,10.64,100.0,0.0020554729916570794
15830,783609,0.38,0.38,10.56,100.0,0.0020534184433816547
15840,784100,0.4,0.4,10.37,100.0,0.0020513659487302054
15850,784584,0.45,0.45,10.16,100.0,0.0020493155056500317
15860,785070,0.44,0.44,9.8,100.0,0.002047267112090485
15870,785545,0.47,0.47,9.85,100.0,0.0020452207660029667
15880,786023,0.48,0.48,9.49,100.0,0.002043176465340925
15890,786513,0.48,0.48,9.49,100.0,0.002041134208059855
15900,787012,0.48,0.48,9.85,100.0,0.002039093992117295
15910,787511,0.48,0.48,9.8,100.0,0.0020370558154728263
15920,788011,0.53,0.53,9.79,100.0,0.002035019676088067
15930,788507,0.51,0.51,9.9,100.0,0.0020329855719266737
15940,789001,0.5,0.5,9.95,100.0,0.002030953500954339
15950,789484,0.43,0.43,9.73,100.0,0.0020289234611387884
15960,789979,0.4,0.4,9.77,100.0,0.0020268954504497785
15970,790462,0.38,0.38,9.62,100.0,0.002024869466859096
15980,790950,0.38,0.38,9.8,100.0,0.0020228455083405547
15990,791443,0.4,0.4,9.78,100.0,0.0020208235728699938
16000,791943,0.38,0.38,10.12,100.0,0.0020188036584252752
16010,792440,0.37,0.37,10.04,100.0,0.0020167857629862828
16020,792940,0.34,0.34,10.21,100.0,0.0020147698845349176
16030,793431,0.34,0.34,10.17,100.0,0.002012756021055101
16040,793921,0.34,0.34,10.23,100.0,0.0020107441705327672
16050,794421,0.37,0.37,10.16,100.0,0.0020087343309558646
16060,794921,0.37,0.37,10.03,100.0,0.002006726500314352
16070,795414,0.38,0.38,10.25,100.0,0.002004720676600198
16080,795902,0.38,0.38,10.4,100.0,0.002002716857807378
16090,796376,0.35,0.35,10.49,100.0,0.0020007150419318735
16100,796876,0.39,0.39,10.54,100.0,0.0019987152269716666
16110,797357,0.37,0.37,10.68,100.0,0.0019967174109267434
16120,797846,0.42,0.42,10.82,100.0,0.0019947215917990877
16130,798342,0.44,0.44,10.95,100.0,0.001992727767592681
16140,798842,0.44,0.44,10.83,100.0,0.0019907359363134985
16150,799342,0.42,0.42,10.64,100.0,0.0019887460959695106
16160,799842,0.44,0.44,10.69,100.0,0.001986758244570677
16170,800342,0.44,0.44,10.71,100.0,0.0019847723801289466
16180,800842,0.46,0.46,10.61,100.0,0.001982788500658258
16190,801317,0.49,0.49,10.6,100.0,0.0019808066041745328
16200,801796,0.46,0.46,10.74,100.0,0.0019788266886956746
16210,802295,0.48,0.48,10.94,100.0,0.001976848752241572
16220,802789,0.43,0.43,10.88,100.0,0.001974872792834088
16230,803288,0.44,0.44,11.25,100.0,0.0019728988084970673
16240,803777,0.42,0.42,11.5,100.0,0.001970926797256328
16250,804277,0.46,0.46,11.07,100.0,0.0019689567571396604
16260,804764,0.45,0.45,11.18,100.0,0.0019669886861768287
16270,805264,0.49,0.49,11.04,100.0,0.0019650225823995633
16280,805756,0.48,0.48,11.13,100.0,0.001963058443841565
16290,806244,0.46,0.46,10.94,100.0,0.0019610962685384973
16300,806744,0.48,0.48,10.93,100.0,0.001959136054527989
16310,807230,0.47,0.47,11.02,100.0,0.001957177799849631
16320,807710,0.48,0.48,11.1,100.0,0.0019552215025449714
16330,808194,0.45,0.45,11.09,100.0,0.0019532671606575175
16340,808687,0.46,0.46,10.99,100.0,0.0019513147722327315
16350,809185,0.4,0.4,10.82,100.0,0.0019493643353180297
16360,809676,0.37,0.37,10.69,100.0,0.0019474158479627802
16370,810176,0.33,0.33,10.69,100.0,0.0019454693082183005
16380,810676,0.37,0.37,10.79,100.0,0.0019435247141378557
16390,811165,0.38,0.38,10.82,100.0,0.0019415820637766572
16400,811660,0.36,0.36,10.92,100.0,0.00193964135519186
16410,812159,0.35,0.35,11.13,100.0,0.001937702586442562
16420,812655,0.41,0.41,11.0,100.0,0.0019357657555898
16430,813123,0.41,0.41,11.2,100.0,0.0019338308606965493
16440,813610,0.45,0.45,11.14,100.0,0.001931897899827721
16450,814108,0.49,0.49,11.35,100.0,0.0019299668710501614
16460,814607,0.5,0.5,11.9,100.0,0.001928037772432648
16470,815107,0.5,0.5,12.14,100.0,0.0019261106020458892
16480,815589,0.45,0.45,11.86,100.0,0.0019241853579625215
16490,816089,0.46,0.46,11.68,100.0,0.0019222620382571083
16500,816587,0.48,0.48,11.58,100.0,0.0019203406410061375
16510,817087,0.52,0.52,11.56,100.0,0.0019184211642880194
16520,817587,0.46,0.46,11.31,100.0,0.0019165036061830852
16530,818077,0.48,0.48,11.48,100.0,0.001914587964773585
16540,818558,0.46,0.46,11.37,100.0,0.0019126742381436854
16550,819055,0.43,0.43,11.44,100.0,0.0019107624243794683
16560,819553,0.4,0.4,11.48,100.0,0.0019088525215689286
16570,820015,0.4,0.4,11.53,100.0,0.0019069445278019723
16580,820514,0.41,0.41,11.55,100.0,0.0019050384411704146
16590,821006,0.36,0.36,11.55,100.0,0.0019031342597679779
16600,821506,0.31,0.31,11.55,100.0,0.0019012319816902907
16610,822005,0.31,0.31,11.86,100.0,0.0018993316050348842
16620,822475,0.32,0.32,11.85,100.0,0.0018974331279011918
16630,822967,0.31,0.31,11.97,100.0,0.0018955365483905463
16640,823467,0.29,0.29,12.01,100.0,0.0018936418646061778
16650,823952,0.29,0.29,11.88,100.0,0.0018917490746532136
16660,824436,0.35,0.35,11.79,100.0,0.001889858176638674
16670,824935,0.33,0.33,11.55,100.0,0.001887969168671472
16680,825427,0.3,0.3,11.55,100.0,0.0018860820488624099
16690,825904,0.34,0.34,11.22,100.0,0.0018841968153241798
16700,826404,0.39,0.39,11.32,100.0,0.001882313466171359
16710,826879,0.37,0.37,11.43,100.0,0.0018804319995204095
16720,827378,0.36,0.36,11.1,100.0,0.0018785524134896767
16730,827875,0.34,0.34,11.03,100.0,0.0018766747061993863
16740,828352,0.36,0.36,10.93,100.0,0.0018747988757716436
16750,828852,0.38,0.38,11.1,100.0,0.0018729249203304295
16760,829325,0.35,0.35,10.55,100.0,0.001871052838001602
16770,829813,0.35,0.35,10.14,100.0,0.0018691826269128906
16780,830311,0.38,0.38,9.68,100.0,0.0018673142851938973
16790,830811,0.41,0.41,9.63,100.0,0.001865447810976093
16800,831306,0.39,0.39,9.86,100.0,0.0018635832023928178
16810,831792,0.38,0.38,9.81,100.0,0.0018617204575792756
16820,832283,0.37,0.37,9.77,100.0,0.0018598595746725352
16830,832783,0.39,0.39,9.97,100.0,0.001858000551811527
16840,833283,0.39,0.39,10.01,100.0,0.0018561433871370431
16850,833772,0.38,0.38,9.94,100.0,0.0018542880787917324
16860,834272,0.38,0.38,10.0,100.0,0.0018524346249201005
16870,834763,0.39,0.39,9.92,100.0,0.0018505830236685088
16880,835250,0.38,0.38,9.76,100.0,0.0018487332731851704
16890,835745,0.34,0.34,9.58,100.0,0.001846885371620149
16900,836245,0.33,0.33,9.61,100.0,0.0018450393171253589
16910,836745,0.35,0.35,9.09,100.0,0.0018431951078545605
16920,837230,0.37,0.37,9.25,100.0,0.00184135274196336
16930,837730,0.37,0.37,9.26,100.0,0.001839512217609207
16940,838215,0.36,0.36,9.77,100.0,0.0018376735329513928
16950,838710,0.4,0.4,10.13,100.0,0.001835836686151049
16960,839185,0.41,0.41,10.41,100.0,0.0018340016753711447
16970,839682,0.48,0.48,10.48,100.0,0.0018321684987764862
16980,840182,0.5,0.5,10.43,100.0,0.0018303371545337127
16990,840682,0.49,0.49,10.29,100.0,0.0018285076408112967
17000,841164,0.49,0.49,10.38,100.0,0.0018266799557795413
17010,841639,0.47,0.47,10.58,100.0,0.0018248540976105786
17020,842102,0.43,0.43,10.59,100.0,0.0018230300644783682
17030,842602,0.43,0.43,10.32,100.0,0.0018212078545586936
17040,843080,0.42,0.42,10.16,100.0,0.001819387466029163
17050,843580,0.44,0.44,10.67,100.0,0.0018175688970692055
17060,844069,0.46,0.46,10.52,100.0,0.0018157521458600702
17070,844526,0.37,0.37,10.46,100.0,0.0018139372105848237
17080,845014,0.34,0.34,10.31,100.0,0.0018121240894283495
17090,845485,0.35,0.35,10.25,100.0,0.0018103127805773446
17100,845972,0.38,0.38,9.95,100.0,0.001808503282220319
17110,846472,0.39,0.39,9.73,100.0,0.0018066955925475938
17120,846955,0.43,0.43,9.79,100.0,0.0018048897097512977
17130,847438,0.43,0.43,9.64,100.0,0.001803085632025367
17140,847924,0.44,0.44,9.74,100.0,0.0018012833575655437
17150,848416,0.37,0.37,9.8,100.0,0.0017994828845693733
17160,848901,0.35,0.35,10.41,100.0,0.001797684211236202
17170,849383,0.42,0.42,10.5,100.0,0.0017958873357671766
17180,849881,0.43,0.43,10.47,100.0,0.001794092256365242
17190,850360,0.42,0.42,10.45,100.0,0.0017922989712351386
17200,850860,0.41,0.41,10.73,100.0,0.0017905074785834027
17210,851360,0.4,0.4,10.55,100.0,0.0017887177766183618
17220,851854,0.38,0.38,10.44,100.0,0.0017869298635501344
17230,852312,0.39,0.39,10.01,100.0,0.001785143737590629
17240,852812,0.38,0.38,10.15,100.0,0.001783359396953541
17250,853312,0.4,0.4,9.85,100.0,0.0017815768398543506
17260,853794,0.36,0.36,10.29,100.0,0.0017797960645103226
17270,854278,0.29,0.29,10.22,100.0,0.0017780170691405037
17280,854758,0.29,0.29,10.25,100.0,0.0017762398519657202
17290,855235,0.33,0.33,10.4,100.0,0.0017744644112085769
17300,855732,0.33,0.33,10.49,100.0,0.0017726907450934552
17310,856228,0.36,0.36,10.28,100.0,0.0017709188518465113
17320,856692,0.39,0.39,10.23,100.0,0.0017691487296956749
17330,857175,0.4,0.4,10.06,100.0,0.001767380376870647
17340,857668,0.44,0.44,10.19,100.0,0.0017656137916028975
17350,858164,0.43,0.43,10.21,100.0,0.0017638489721256646
17360,858652,0.51,0.51,10.19,100.0,0.0017620859166739516
17370,859142,0.54,0.54,10.27,100.0,0.001760324623484527
17380,859612,0.54,0.54,10.49,100.0,0.001758565090795921
17390,860094,0.53,0.53,10.84,100.0,0.001756807316848425
17400,860577,0.54,0.54,11.09,100.0,0.0017550512998840892
17410,861054,0.5,0.5,11.17,100.0,0.001753297038146721
17420,861554,0.47,0.47,11.29,100.0,0.001751544529881883
17430,862045,0.44,0.44,11.18,100.0,0.0017497937733368912
17440,862545,0.4,0.4,10.67,100.0,0.0017480447667608142
17450,863045,0.38,0.38,10.57,100.0,0.00174629750840447
17460,863545,0.34,0.34,10.42,100.0,0.0017445519965204254
17470,864020,0.33,0.33,10.75,100.0,0.0017428082293629939
17480,864520,0.33,0.33,10.73,100.0,0.0017410662051882337
17490,864981,0.32,0.32,10.14,100.0,0.001739325922253947
17500,865454,0.3,0.3,10.17,100.0,0.0017375873788196756
17510,865950,0.33,0.33,10.2,100.0,0.0017358505731467021
17520,866448,0.32,0.32,10.08,100.0,0.0017341155034980478
17530,866937,0.36,0.36,9.85,100.0,0.0017323821681384686
17540,867436,0.37,0.37,10.13,100.0,0.0017306505653344566
17550,867904,0.43,0.43,9.97,100.0,0.001728920693354235
17560,868401,0.44,0.44,9.8,100.0,0.0017271925504677588
17570,868874,0.43,0.43,9.92,100.0,0.0017254661349467124
17580,869374,0.41,0.41,10.04,100.0,0.001723741445064507
17590,869857,0.41,0.41,10.01,100.0,0.00172201847909628
17600,870352,0.41,0.41,10.12,100.0,0.0017202972353188932
17610,870850,0.41,0.41,10.01,100.0,0.0017185777120109311
17620,871344,0.42,0.42,10.07,100.0,0.0017168599074526977
17630,871827,0.4,0.4,10.4,100.0,0.0017151438199262165
17640,872317,0.41,0.41,10.69,100.0,0.0017134294477152278
17650,872811,0.36,0.36,10.73,100.0,0.0017117167891051886
17660,873298,0.33,0.33,10.7,100.0,0.0017100058423832685
17670,873782,0.33,0.33,10.58,100.0,0.0017082966058383497
17680,874282,0.35,0.35,10.27,100.0,0.0017065890777610243
17690,874757,0.33,0.33,9.85,100.0,0.0017048832564435935
17700,875257,0.32,0.32,9.87,100.0,0.0017031791401800654
17710,875720,0.31,0.31,9.82,100.0,0.0017014767272661533
17720,876201,0.35,0.35,9.69,100.0,0.001699776015999273
17730,876695,0.35,0.35,9.64,100.0,0.0016980770046785439
17740,877160,0.33,0.33,9.72,100.0,0.001696379691604784
17750,877647,0.33,0.33,9.73,100.0,0.0016946840750805107
17760,878138,0.33,0.33,9.62,100.0,0.0016929901534099377
17770,878628,0.34,0.34,9.26,100.0,0.0016912979248989736
17780,879121,0.35,0.35,9.57,100.0,0.0016896073878552205
17790,879621,0.38,0.38,9.66,100.0,0.0016879185405879722
17800,880094,0.39,0.39,9.75,100.0,0.001686231381408213
17810,880594,0.4,0.4,10.21,100.0,0.0016845459086286144
17820,881076,0.4,0.4,10.08,100.0,0.0016828621205635347
17830,881573,0.37,0.37,10.0,100.0,0.0016811800155290173
17840,882073,0.38,0.38,9.96,100.0,0.001679499591842789
17850,882562,0.39,0.39,10.16,100.0,0.001677820847824258
17860,883053,0.4,0.4,10.23,100.0,0.0016761437817945123
17870,883540,0.39,0.39,10.19,100.0,0.001674468392076318
17880,884029,0.37,0.37,10.12,100.0,0.001672794676994117
17890,884517,0.37,0.37,10.18,100.0,0.0016711226348740278
17900,885005,0.38,0.38,10.16,100.0,0.0016694522640438398
17910,885467,0.33,0.33,10.16,100.0,0.0016677835628330158
17920,885967,0.28,0.28,9.96,100.0,0.0016661165295726874
17930,886465,0.31,0.31,10.43,100.0,0.0016644511625956541
17940,886951,0.3,0.3,10.73,100.0,0.0016627874602363824
17950,887427,0.31,0.31,10.8,100.0,0.0016611254208310038
17960,887927,0.32,0.32,10.77,100.0,0.0016594650427173123
17970,888427,0.31,0.31,10.82,100.0,0.0016578063242347633
17980,888913,0.33,0.33,10.84,100.0,0.0016561492637244728
17990,889409,0.34,0.34,10.84,100.0,0.001654493859529214
18000,889899,0.38,0.38,10.95,100.0,0.0016528401099934174
18010,890361,0.41,0.41,10.96,100.0,0.0016511880134631677
18020,890860,0.44,0.44,11.16,100.0,0.0016495375682862032
18030,891345,0.43,0.43,11.0,100.0,0.0016478887728119131
18040,891833,0.44,0.44,11.11,100.0,0.001646241625391337
18050,892333,0.44,0.44,11.5,100.0,0.0016445961243771628
18060,892798,0.43,0.43,11.72,100.0,0.001642952268123725
18070,893298,0.48,0.48,11.39,100.0,0.0016413100549870026
18080,893798,0.46,0.46,11.65,100.0,0.0016396694833246174
18090,894296,0.45,0.45,11.91,100.0,0.0016380305514958342
18100,894788,0.4,0.4,11.82,100.0,0.001636393257861557
18110,895260,0.38,0.38,11.76,100.0,0.0016347576007843289
18120,895726,0.36,0.36,11.65,100.0,0.0016331235786283288
18130,896209,0.37,0.37,11.57,100.0,0.0016314911897593704
18140,896682,0.37,0.37,11.72,100.0,0.0016298604325449021
18150,897167,0.4,0.4,11.64,100.0,0.001628231305354003
18160,897659,0.41,0.41,11.69,100.0,0.0016266038065573829
18170,898126,0.41,0.41,11.89,100.0,0.00162497793452738
18180,898626,0.42,0.42,11.85,100.0,0.0016233536876379604
18190,899120,0.39,0.39,11.89,100.0,0.0016217310642647142
18200,899617,0.4,0.4,12.16,100.0,0.0016201100627848547
18210,900111,0.47,0.47,11.92,100.0,0.001618490681577219
18220,900592,0.52,0.52,11.49,100.0,0.0016168729190222642
18230,901084,0.5,0.5,11.35,100.0,0.0016152567735020647
18240,901558,0.47,0.47,11.52,100.0,0.0016136422434003142
18250,902044,0.45,0.45,11.83,100.0,0.0016120293271023208
18260,902534,0.45,0.45,12.35,100.0,0.0016104180229950063
18270,903034,0.42,0.42,12.57,100.0,0.0016088083294669053
18280,903513,0.43,0.43,12.35,100.0,0.0016072002449081639
18290,903990,0.46,0.46,12.23,100.0,0.0016055937677105358
18300,904457,0.44,0.44,12.24,100.0,0.0016039888962673839
18310,904945,0.41,0.41,12.29,100.0,0.001602385628973675
18320,905435,0.36,0.36,12.14,100.0,0.0016007839642259818
18330,905932,0.36,0.36,11.97,100.0,0.0015991839004224793
18340,906420,0.37,0.37,12.13,100.0,0.001597585435962944
18350,906872,0.38,0.38,12.41,100.0,0.0015959885692487508
18360,907350,0.37,0.37,12.16,100.0,0.0015943932986828735
18370,907850,0.36,0.36,11.91,100.0,0.0015927996226698814
18380,908346,0.32,0.32,11.91,100.0,0.0015912075396159395
18390,908846,0.28,0.28,11.94,100.0,0.0015896170479288052
18400,909346,0.28,0.28,11.87,100.0,0.0015880281460178276
18410,909834,0.27,0.27,11.87,100.0,0.0015864408322939453
18420,910324,0.31,0.31,11.59,100.0,0.0015848551051696866
18430,910793,0.31,0.31,11.6,100.0,0.001583270963059165
18440,911288,0.36,0.36,11.86,100.0,0.0015816884043780804
18450,911782,0.35,0.35,11.62,100.0,0.001580107427543715
18460,912282,0.37,0.36,11.67,100.0,0.001578528030974934
18470,912777,0.39,0.38,11.53,100.0,0.0015769502130921831
18480,913243,0.46,0.45,11.34,100.0,0.001575373972317486
18490,913726,0.49,0.48,11.35,100.0,0.0015737993070744443
18500,914202,0.49,0.48,11.21,100.0,0.0015722262157882355
18510,914642,0.47,0.46,11.29,100.0,0.0015706546968856103
18520,915139,0.44,0.43,11.38,100.0,0.001569084748794893
18530,915625,0.45,0.44,11.4,100.0,0.001567516369945978
18540,916112,0.44,0.43,10.85,100.0,0.0015659495587703293
18550,916595,0.4,0.39,10.65,100.0,0.0015643843137009797
18560,917062,0.42,0.42,10.45,100.0,0.001562820633172527
18570,917554,0.43,0.43,10.65,100.0,0.0015612585156211344
18580,918052,0.38,0.38,10.57,100.0,0.001559697959484527
18590,918550,0.39,0.39,10.77,100.0,0.0015581389632019931
18600,919040,0.43,0.43,10.74,100.0,0.0015565815252143805
18610,919528,0.46,0.46,10.63,100.0,0.0015550256439640952
18620,920019,0.49,0.49,10.1,100.0,0.001553471317895101
18630,920519,0.5,0.5,10.51,100.0,0.0015519185454529153
18640,920981,0.47,0.47,10.82,100.0,0.0015503673250846103
18650,921443,0.5,0.5,10.78,100.0,0.0015488176552388106
18660,921932,0.44,0.44,11.1,100.0,0.0015472695343656912
18670,922416,0.43,0.43,11.05,100.0,0.0015457229609169764
18680,922911,0.44,0.44,11.02,100.0,0.0015441779333459375
18690,923373,0.45,0.45,10.71,100.0,0.001542634450107393
18700,923854,0.44,0.44,10.54,100.0,0.0015410925096577047
18710,924332,0.41,0.41,10.59,100.0,0.001539552110454778
18720,924802,0.39,0.39,10.51,100.0,0.0015380132509580596
18730,925238,0.37,0.37,10.59,100.0,0.0015364759296285352
18740,925715,0.34,0.34,10.59,100.0,0.0015349401449287305
18750,926198,0.35,0.35,10.34,100.0,0.0015334058953227067
18760,926669,0.37,0.37,10.44,100.0,0.0015318731792760604
18770,927152,0.37,0.37,10.45,100.0,0.0015303419952559228
18780,927640,0.37,0.37,10.33,100.0,0.001528812341730956
18790,928097,0.34,0.34,10.12,100.0,0.0015272842171713537
18800,928591,0.34,0.34,9.96,100.0,0.0015257576200488382
18810,929089,0.36,0.36,9.93,100.0,0.00152423254883666
18820,929544,0.33,0.33,9.94,100.0,0.0015227090020095947
18830,930021,0.35,0.35,10.09,100.0,0.0015211869780439428
18840,930480,0.4,0.4,9.91,100.0,0.0015196664754175285
18850,930945,0.39,0.39,9.73,100.0,0.0015181474926096968
18860,931413,0.37,0.37,9.69,100.0,0.001516630028101313
18870,931913,0.36,0.36,9.9,100.0,0.0015151140803747606
18880,932404,0.37,0.37,9.6,100.0,0.0015135996479139404
18890,932897,0.38,0.38,9.52,100.0,0.001512086729204268
18900,933380,0.37,0.37,9.55,100.0,0.0015105753227326736
18910,933876,0.35,0.35,9.52,100.0,0.001509065426987599
18920,934368,0.34,0.34,9.48,100.0,0.0015075570404589973
18930,934860,0.32,0.32,9.49,100.0,0.0015060501616383317
18940,935348,0.3,0.3,9.43,100.0,0.0015045447890185719
18950,935824,0.3,0.3,9.18,100.0,0.0015030409210941944
18960,936285,0.3,0.3,8.79,100.0,0.0015015385563611815
18970,936755,0.28,0.28,8.72,100.0,0.001500037693317018
18980,937233,0.27,0.27,8.83,100.0,0.00149853833046069
18990,937687,0.26,0.26,8.84,100.0,0.0014970404662926848
19000,938187,0.26,0.26,8.9,100.0,0.001495544099314989
19010,938667,0.26,0.26,9.21,100.0,0.0014940492280310852
19020,939151,0.32,0.32,9.42,100.0,0.0014925558509459524
19030,939625,0.31,0.31,9.46,100.0,0.0014910639665660645
19040,940125,0.32,0.32,9.41,100.0,0.0014895735733993871
19050,940602,0.29,0.29,9.4,100.0,0.0014880846699553787
19060,941101,0.32,0.32,9.35,100.0,0.0014865972547449863
19070,941601,0.37,0.37,9.59,100.0,0.0014851113262806452
19080,942063,0.39,0.39,9.84,100.0,0.0014836268830762795
19090,942563,0.42,0.42,9.57,100.0,0.0014821439236472967
19100,943019,0.42,0.42,9.69,100.0,0.001480662446510589
19110,943511,0.43,0.43,9.64,100.0,0.0014791824501845306
19120,943969,0.39,0.39,9.95,100.0,0.001477703933188978
19130,944466,0.4,0.4,10.14,100.0,0.0014762268940452657
19140,944949,0.42,0.42,9.95,100.0,0.0014747513312762068
19150,945405,0.45,0.45,10.06,100.0,0.001473277243406091
19160,945887,0.4,0.4,10.06,100.0,0.0014718046289606823
19170,946387,0.38,0.38,10.39,100.0,0.0014703334864672193
19180,946865,0.39,0.39,10.52,100.0,0.0014688638144544116
19190,947359,0.36,0.36,10.42,100.0,0.001467395611452441
19200,947853,0.37,0.37,10.39,100.0,0.0014659288759929572
19210,948340,0.4,0.4,10.52,100.0,0.0014644636066090781
19220,948806,0.41,0.41,10.79,100.0,0.0014629998018353876
19230,949291,0.42,0.42,10.88,100.0,0.0014615374602079338
19240,949788,0.43,0.43,10.87,100.0,0.0014600765802642295
19250,950288,0.4,0.4,10.92,100.0,0.0014586171605432481
19260,950771,0.4,0.4,10.92,100.0,0.001457159199585424
19270,951267,0.37,0.37,10.9,100.0,0.0014557026959326495
19280,951765,0.36,0.36,11.09,100.0,0.0014542476481282762
19290,952262,0.36,0.36,10.95,100.0,0.0014527940547171105
19300,952722,0.33,0.33,10.94,100.0,0.0014513419142454136
19310,953198,0.29,0.29,10.81,100.0,0.0014498912252608992
19320,953693,0.29,0.29,10.41,100.0,0.0014484419863127333
19330,954153,0.29,0.29,10.53,100.0,0.0014469941959515318
19340,954652,0.31,0.31,10.48,100.0,0.0014455478527293601
19350,955152,0.35,0.35,10.6,100.0,0.0014441029551997293
19360,955642,0.37,0.37,10.51,100.0,0.0014426595019175975
19370,956142,0.42,0.42,10.33,100.0,0.0014412174914393676
19380,956620,0.37,0.37,10.33,100.0,0.001439776922322884
19390,957118,0.42,0.42,10.44,100.0,0.0014383377931274331
19400,957592,0.43,0.43,10.38,100.0,0.0014369001024137425
19410,958075,0.44,0.44,10.32,100.0,0.001435463848743977
19420,958574,0.44,0.44,10.2,100.0,0.0014340290306817396
19430,959069,0.45,0.45,10.14,100.0,0.0014325956467920683
19440,959553,0.4,0.4,10.23,100.0,0.001431163695641436
19450,960026,0.39,0.39,10.17,100.0,0.001429733175797748
19460,960515,0.43,0.43,10.15,100.0,0.0014283040858303413
19470,961010,0.4,0.4,10.15,100.0,0.001426876424309983
19480,961498,0.45,0.45,10.09,100.0,0.001425450189808869
19490,961971,0.42,0.42,10.24,100.0,0.0014240253809006214
19500,962455,0.44,0.44,10.06,100.0,0.0014226019961602894
19510,962938,0.43,0.43,10.07,100.0,0.001421180034164345
19520,963419,0.4,0.4,9.89,100.0,0.0014197594934906848
19530,963917,0.42,0.42,9.73,100.0,0.001418340372718625
19540,964391,0.41,0.41,9.73,100.0,0.001416922670428903
19550,964860,0.39,0.39,9.98,100.0,0.0014155063852036751
19560,965360,0.35,0.35,9.92,100.0,0.0014140915156265136
19570,965852,0.38,0.38,9.95,100.0,0.001412678060282408
19580,966335,0.36,0.36,9.87,100.0,0.0014112660177577614
19590,966813,0.34,0.34,10.37,100.0,0.0014098553866403894
19600,967302,0.34,0.34,10.59,100.0,0.00140844616551952
19610,967802,0.36,0.36,10.48,100.0,0.0014070383529857912
19620,968277,0.41,0.41,10.77,100.0,0.0014056319476312498
19630,968758,0.36,0.36,10.79,100.0,0.0014042269480493484
19640,969253,0.36,0.36,10.58,100.0,0.0014028233528349478
19650,969743,0.37,0.37,10.56,100.0,0.0014014211605843125
19660,970242,0.42,0.42,10.8,100.0,0.0014000203698951096
19670,970736,0.41,0.41,10.77,100.0,0.001398620979366408
19680,971232,0.42,0.42,10.82,100.0,0.0013972229875986774
19690,971710,0.45,0.45,11.09,100.0,0.0013958263931937859
19700,972201,0.45,0.45,11.25,100.0,0.0013944311947549995
19710,972692,0.45,0.45,11.15,100.0,0.0013930373908869796
19720,973178,0.44,0.44,11.14,100.0,0.0013916449801957835
19730,973675,0.47,0.47,11.11,100.0,0.0013902539612888612
19740,974164,0.48,0.48,11.02,100.0,0.0013888643327750537
19750,974651,0.49,0.49,11.0,100.0,0.0013874760932645939
19760,975118,0.44,0.44,10.87,100.0,0.0013860892413691034
19770,975595,0.44,0.44,11.07,100.0,0.0013847037757015919
19780,976057,0.43,0.43,10.97,100.0,0.001383319694876454
19790,976548,0.39,0.39,10.96,100.0,0.001381936997509471
19800,977025,0.36,0.36,11.07,100.0,0.0013805556822178069
19810,977509,0.35,0.35,11.25,100.0,0.0013791757476200087
19820,977986,0.37,0.36,11.35,100.0,0.0013777971923360033
19830,978468,0.35,0.34,11.27,100.0,0.0013764200149870974
19840,978945,0.33,0.32,11.35,100.0,0.0013750442141959754
19850,979427,0.31,0.3,11.4,100.0,0.0013736697885866995
19860,979924,0.32,0.31,11.31,100.0,0.0013722967367847067
19870,980412,0.33,0.32,10.77,100.0,0.001370925057416807
19880,980909,0.32,0.31,10.88,100.0,0.0013695547491111841
19890,981398,0.32,0.31,10.91,100.0,0.0013681858104973926
19900,981887,0.36,0.35,11.25,100.0,0.0013668182402063564
19910,982367,0.37,0.36,10.91,100.0,0.001365452036870369
19920,982819,0.33,0.33,11.01,100.0,0.00136408719912309
19930,983306,0.34,0.34,11.03,100.0,0.0013627237255995448
19940,983803,0.36,0.36,10.88,100.0,0.0013613616149361237
19950,984296,0.43,0.43,10.92,100.0,0.0013600008657705795
19960,984766,0.43,0.43,10.99,100.0,0.001358641476742027
19970,985222,0.4,0.4,10.83,100.0,0.001357283446490941
19980,985717,0.39,0.39,10.78,100.0,0.0013559267736591555
19990,986199,0.4,0.4,10.64,100.0,0.0013545714568898618
20000,986699,0.39,0.39,10.1,100.0,0.0013532174948276076
20010,987184,0.38,0.38,10.18,100.0,0.001351864886118295
20020,987674,0.43,0.43,10.63,100.0,0.0013505136294091804
20030,988143,0.42,0.42,10.44,100.0,0.0013491637233488713
20040,988622,0.39,0.39,10.42,100.0,0.0013478151665873267
20050,989120,0.34,0.34,10.41,100.0,0.001346467957775855
20060,989610,0.33,0.33,10.4,100.0,0.0013451220955671124
20070,990105,0.33,0.33,10.34,100.0,0.001343777578615102
20080,990591,0.38,0.38,10.5,100.0,0.0013424344055751724
20090,991075,0.39,0.39,10.56,100.0,0.0013410925751040162
20100,991561,0.37,0.37,10.74,100.0,0.0013397520858596684
20110,992061,0.38,0.38,10.8,100.0,0.001338412936501505
20120,992561,0.38,0.38,10.6,100.0,0.0013370751256902439
20130,993023,0.38,0.38,10.65,100.0,0.0013357386520879394
20140,993499,0.4,0.4,10.56,100.0,0.0013344035143579844
20150,993999,0.43,0.43,10.6,100.0,0.0013330697111651078
20160,994468,0.45,0.45,10.85,100.0,0.0013317372411753724
20170,994956,0.47,0.47,10.89,100.0,0.0013304061030561748
20180,995440,0.45,0.45,10.73,100.0,0.0013290762954762446
20190,995940,0.47,0.47,10.5,100.0,0.0013277478171056403
20200,996438,0.49,0.49,10.28,100.0,0.0013264206666157503
20210,996933,0.46,0.46,10.4,100.0,0.001325094842679292
20220,997396,0.42,0.42,10.42,100.0,0.0013237703439703086
20230,997859,0.41,0.41,10.29,100.0,0.0013224471691641684
20240,998322,0.38,0.38,10.29,100.0,0.0013211253169375648
20250,998806,0.36,0.36,10.17,100.0,0.0013198047859685127
20260,999295,0.37,0.37,10.39,100.0,0.001318485574936349
20270,999773,0.37,0.37,10.48,100.0,0.001317167682521731
