episode,global_step,avg_reward,avg_deliveries,avg_ttfd,buffer_size,entropy_coef,clip_range
10,409,0.0,0.0,0.0,0.0,0.009996319,0.19997955
20,830,0.0,0.0,0.0,0.0,0.00999253,0.1999585
30,1319,0.06666666666666667,0.06666666666666667,32.5,0.43333333333333335,0.009988129,0.19993405
40,1796,0.05,0.05,32.5,0.825,0.009983836,0.1999102
50,2254,0.06,0.06,28.0,1.1,0.009979714,0.19988730000000002
60,2702,0.08333333333333333,0.08333333333333333,23.6,1.6166666666666667,0.009975682,0.1998649
70,3171,0.07142857142857142,0.07142857142857142,23.6,2.1,0.009971461000000001,0.19984145
80,3618,0.0625,0.0625,23.6,2.4625,0.009967438,0.1998191
90,4106,0.08888888888888889,0.08888888888888889,28.142857142857142,2.922222222222222,0.009963046,0.19979470000000002
100,4590,0.1,0.1,27.88888888888889,3.41,0.009958690000000001,0.19977050000000002
110,5041,0.12,0.12,26.727272727272727,4.39,0.009954631,0.19974795
120,5467,0.14,0.14,26.53846153846154,5.61,0.009950797,0.19972665
130,5911,0.13,0.13,26.214285714285715,6.83,0.009946801,0.19970445
140,6351,0.13,0.13,26.214285714285715,8.03,0.009942841000000001,0.19968245
150,6793,0.13,0.13,24.866666666666667,9.28,0.009938863000000001,0.19966035000000001
160,7265,0.11,0.11,24.866666666666667,10.36,0.009934615,0.19963675
170,7727,0.13,0.13,24.11764705882353,11.47,0.009930457,0.19961365
180,8215,0.16,0.16,24.8,12.86,0.009926065,0.19958925000000002
190,8682,0.13,0.13,24.8,14.2,0.009921862,0.19956590000000002
200,9120,0.12,0.12,25.095238095238095,15.52,0.00991792,0.199544
210,9610,0.14,0.14,23.0,16.86,0.00991351,0.19951950000000002
220,10091,0.13,0.13,22.73076923076923,18.24,0.009909181,0.19949545000000002
230,10556,0.12,0.12,22.73076923076923,19.49,0.009904996000000001,0.19947220000000002
240,11027,0.16,0.16,22.733333333333334,20.99,0.009900757,0.19944865
250,11511,0.16,0.16,22.70967741935484,22.57,0.009896401,0.19942445
260,11979,0.19,0.19,23.676470588235293,24.29,0.009892189000000001,0.19940105000000002
270,12400,0.18,0.18,23.17142857142857,26.18,0.0098884,0.19938
280,12830,0.18,0.18,23.210526315789473,27.98,0.00988453,0.19935850000000002
290,13292,0.2,0.2,23.65,29.87,0.009880372,0.19933540000000002
300,13746,0.22,0.22,24.162790697674417,31.9,0.009876286,0.1993127
310,14198,0.19,0.19,24.568181818181817,33.96,0.009872218,0.1992901
320,14675,0.18,0.18,24.568181818181817,35.76,0.009867925,0.19926625
330,15099,0.2,0.2,24.108695652173914,37.7,0.009864109,0.19924505
340,15564,0.19,0.19,24.244897959183675,39.5,0.009859924,0.1992218
350,16021,0.19,0.19,24.06,41.45,0.009855811,0.19919895
360,16483,0.18,0.18,23.692307692307693,43.27,0.009851653,0.19917585000000002
370,16934,0.2,0.2,23.563636363636363,45.16,0.009847594,0.1991533
380,17415,0.18,0.18,23.75,47.04,0.009843265,0.19912925
390,17875,0.18,0.18,23.862068965517242,48.82,0.009839125,0.19910625
400,18350,0.15,0.15,23.862068965517242,50.49,0.009834850000000001,0.19908250000000002
410,18793,0.14,0.14,23.862068965517242,51.91,0.009830863,0.19906035
420,19262,0.16,0.16,23.95,53.4,0.009826642,0.19903690000000002
430,19747,0.16,0.16,23.580645161290324,55.0,0.009822277,0.19901265
440,20168,0.14,0.14,23.634920634920636,56.53,0.009818488,0.19899160000000002
450,20632,0.16,0.16,23.03030303030303,57.99,0.009814312,0.19896840000000002
460,21092,0.15,0.15,22.761194029850746,59.65,0.009810172,0.19894540000000002
470,21560,0.12,0.12,22.761194029850746,60.96,0.00980596,0.19892200000000002
480,21997,0.11,0.11,22.761194029850746,62.09,0.009802027,0.19890015
490,22447,0.11,0.11,23.043478260869566,63.18,0.009797977,0.19887765000000002
500,22903,0.12,0.12,22.885714285714286,64.34,0.009793873,0.19885485
510,23350,0.14,0.14,22.5,65.7,0.009789850000000001,0.19883250000000002
520,23783,0.15,0.15,22.283783783783782,67.12,0.009785953,0.19881085
530,24269,0.15,0.15,22.486842105263158,68.56,0.009781579,0.19878655
540,24713,0.15,0.15,22.74025974025974,69.99,0.009777583,0.19876435
550,25165,0.14,0.14,22.79746835443038,71.34,0.009773515,0.19874175000000002
560,25607,0.14,0.14,23.1375,72.59,0.009769537,0.19871965
570,26101,0.18,0.18,23.19277108433735,74.08,0.009765091,0.19869495
580,26585,0.2,0.2,23.04705882352941,75.87,0.009760735,0.19867075
590,27038,0.22,0.22,23.0,77.87,0.009756658,0.19864810000000002
600,27493,0.24,0.24,22.98913043478261,80.05,0.009752563,0.19862535
610,27945,0.23,0.23,22.838709677419356,82.12,0.009748495,0.19860275000000002
620,28394,0.21,0.21,22.74468085106383,84.13,0.009744454,0.19858030000000002
630,28882,0.23,0.23,22.536082474226806,86.08,0.009740062,0.1985559
640,29310,0.26,0.26,22.41,88.3,0.00973621,0.1985345
650,29740,0.27,0.27,22.02,90.67,0.00973234,0.19851300000000002
660,30201,0.29,0.29,21.96,93.22,0.009728191,0.19848995
670,30624,0.28,0.28,21.98,95.74,0.009724384,0.1984688
680,31114,0.28,0.28,22.27,98.2,0.009719974000000001,0.19844430000000002
690,31583,0.28,0.28,22.03,100.82,0.009715753,0.19842085
700,32027,0.28,0.28,21.86,103.34,0.009711757,0.19839865
710,32442,0.29,0.29,21.91,106.09,0.009708022,0.19837790000000002
720,32899,0.3,0.3,21.95,108.82,0.009703909,0.19835505
730,33353,0.26,0.26,21.95,111.49,0.009699823,0.19833235000000002
740,33820,0.25,0.25,22.46,113.97,0.00969562,0.198309
750,34286,0.22,0.22,22.46,116.29,0.009691426,0.1982857
760,34732,0.22,0.22,22.25,118.47,0.009687412,0.1982634
770,35176,0.19,0.19,22.25,120.56,0.009683416,0.1982412
780,35649,0.21,0.21,22.3,122.6,0.009679159,0.19821755000000002
790,36076,0.18,0.18,21.99,124.38,0.009675316,0.19819620000000002
800,36538,0.17,0.17,21.76,126.0,0.009671158000000001,0.19817310000000002
810,37006,0.16,0.16,21.86,127.44,0.009666946000000001,0.1981497
820,37491,0.16,0.16,21.83,128.96,0.009662581,0.19812545
830,37944,0.18,0.18,21.63,130.49,0.009658504,0.19810280000000002
840,38425,0.17,0.17,21.72,132.14,0.009654175000000001,0.19807875
850,38889,0.2,0.2,21.43,133.92,0.009649999,0.19805555
860,39349,0.18,0.18,21.37,135.73,0.009645859,0.19803255
870,39772,0.19,0.19,21.38,137.49,0.009642052,0.1980114
880,40251,0.18,0.18,21.37,139.28,0.009637741,0.19798745
890,40719,0.2,0.2,21.26,141.06,0.009633529,0.19796405
900,41178,0.21,0.21,21.6,142.98,0.009629398,0.1979411
910,41590,0.22,0.22,21.4,144.93,0.009625690000000001,0.1979205
920,42075,0.22,0.22,21.2,146.94,0.009621325,0.19789625000000002
930,42520,0.22,0.22,20.96,149.06,0.00961732,0.19787400000000002
940,42977,0.23,0.23,20.97,151.09,0.009613207,0.19785115
950,43472,0.23,0.23,21.11,153.17,0.009608752,0.1978264
960,43928,0.22,0.22,21.11,155.18,0.009604648,0.19780360000000002
970,44406,0.22,0.22,21.24,157.21,0.009600346000000001,0.1977797
980,44875,0.21,0.21,21.57,159.12,0.009596125,0.19775625000000002
990,45368,0.22,0.22,21.68,161.17,0.009591688000000001,0.1977316
1000,45791,0.2,0.2,21.66,163.22,0.009587881,0.19771045
1010,46256,0.2,0.2,21.97,165.24,0.009583696000000001,0.1976872
1020,46719,0.22,0.22,21.43,167.29,0.009579529,0.19766405
1030,47149,0.22,0.22,20.97,169.42,0.009575659,0.19764255
1040,47589,0.2,0.2,21.06,171.56,0.009571699,0.19762055
1050,48056,0.2,0.2,20.65,173.55,0.009567496,0.1975972
1060,48522,0.21,0.21,20.73,175.56,0.009563302000000001,0.1975739
1070,48973,0.22,0.22,20.74,177.64,0.009559243,0.19755135000000001
1080,49410,0.21,0.21,20.39,179.82,0.009555310000000001,0.1975295
1090,49879,0.2,0.2,20.17,181.9,0.009551089,0.19750605000000002
1100,50319,0.21,0.21,20.31,183.94,0.009547129,0.19748405000000002
1110,50773,0.23,0.23,19.96,186.19,0.009543043000000001,0.19746135
1120,51239,0.21,0.21,20.24,188.48,0.009538849,0.19743805
1130,51680,0.23,0.23,20.61,190.5,0.00953488,0.197416
1140,52101,0.24,0.24,20.47,192.32,0.009531091,0.19739495
1150,52529,0.23,0.23,19.97,193.97,0.009527239,0.19737355
1160,53000,0.25,0.25,19.7,195.46,0.009523,0.19735
1170,53455,0.24,0.24,19.82,196.79,0.009518905,0.19732725
1180,53921,0.24,0.24,19.8,197.92,0.009514711,0.19730395
1190,54357,0.23,0.23,19.77,198.85,0.009510787,0.19728215000000002
1200,54834,0.22,0.22,19.72,199.56,0.009506494,0.1972583
1210,55282,0.18,0.18,19.72,199.92,0.009502462,0.19723590000000002
1220,55740,0.2,0.2,20.11,200.0,0.009498340000000001,0.197213
1230,56219,0.17,0.17,20.21,200.0,0.009494029000000001,0.19718905
1240,56671,0.16,0.16,20.03,200.0,0.009489961,0.19716645000000002
1250,57097,0.17,0.17,19.62,200.0,0.009486127,0.19714515000000002
1260,57569,0.17,0.17,19.41,200.0,0.009481879,0.19712155
1270,58018,0.19,0.19,19.52,200.0,0.009477838,0.1970991
1280,58499,0.21,0.21,20.09,200.0,0.009473509,0.19707505
1290,58974,0.21,0.21,20.2,200.0,0.009469234,0.1970513
1300,59396,0.23,0.23,20.08,200.0,0.009465436,0.19703020000000002
1310,59854,0.23,0.23,20.08,200.0,0.009461314,0.1970073
1320,60333,0.19,0.19,20.08,200.0,0.009457003,0.19698335
1330,60774,0.22,0.22,19.66,200.0,0.009453034,0.1969613
1340,61269,0.24,0.24,19.99,200.0,0.009448579,0.19693655000000002
1350,61746,0.23,0.23,20.16,200.0,0.009444286,0.1969127
1360,62206,0.22,0.22,20.04,200.0,0.009440146,0.1968897
1370,62642,0.19,0.19,20.04,200.0,0.009436222,0.1968679
1380,63127,0.17,0.17,20.35,200.0,0.009431857,0.19684365
1390,63597,0.16,0.16,20.42,200.0,0.009427627000000001,0.19682015
1400,64028,0.16,0.16,20.04,200.0,0.009423748000000001,0.19679860000000002
1410,64473,0.17,0.17,20.06,200.0,0.009419743,0.19677635000000002
1420,64897,0.2,0.2,20.01,200.0,0.009415927000000001,0.19675515000000002
1430,65357,0.19,0.19,20.03,200.0,0.009411787,0.19673215000000002
1440,65826,0.2,0.2,20.17,200.0,0.009407566000000001,0.19670870000000001
1450,66283,0.21,0.21,20.03,200.0,0.009403453,0.19668585000000002
1460,66698,0.2,0.2,19.76,200.0,0.009399718,0.1966651
1470,67143,0.23,0.23,19.96,200.0,0.009395713,0.19664285
1480,67572,0.24,0.24,19.85,200.0,0.009391852000000001,0.1966214
1490,68045,0.25,0.25,19.97,200.0,0.009387595,0.19659775000000002
1500,68498,0.23,0.23,19.85,200.0,0.009383518,0.1965751
1510,68950,0.24,0.24,19.45,200.0,0.009379450000000001,0.19655250000000002
1520,69421,0.25,0.25,19.31,200.0,0.009375211,0.19652895
1530,69878,0.24,0.24,19.21,200.0,0.009371098,0.19650610000000002
1540,70344,0.22,0.22,19.43,200.0,0.009366904,0.1964828
1550,70835,0.19,0.19,19.43,200.0,0.009362485,0.19645825
1560,71326,0.19,0.19,19.32,200.0,0.009358066,0.19643370000000002
1570,71780,0.19,0.19,19.56,200.0,0.00935398,0.196411
1580,72183,0.17,0.17,19.56,200.0,0.009350353,0.19639085
1590,72620,0.19,0.19,19.59,200.0,0.00934642,0.19636900000000002
1600,73075,0.19,0.19,19.54,200.0,0.009342325,0.19634625
1610,73547,0.2,0.2,20.14,200.0,0.009338077,0.19632265000000002
1620,73963,0.16,0.16,20.14,200.0,0.009334333,0.19630185
1630,74385,0.15,0.15,20.15,200.0,0.009330535000000001,0.19628075
1640,74832,0.15,0.15,20.23,200.0,0.009326512,0.1962584
1650,75270,0.19,0.19,20.26,200.0,0.00932257,0.1962365
1660,75711,0.2,0.2,20.12,200.0,0.009318601,0.19621445
1670,76184,0.18,0.18,20.18,200.0,0.009314344,0.1961908
1680,76651,0.2,0.2,20.18,200.0,0.009310141000000001,0.19616745000000002
1690,77106,0.19,0.19,20.35,200.0,0.009306046,0.1961447
1700,77543,0.19,0.19,20.34,200.0,0.009302113,0.19612285000000002
1710,78020,0.21,0.21,20.17,200.0,0.00929782,0.19609900000000002
1720,78464,0.23,0.23,19.96,200.0,0.009293824000000001,0.1960768
1730,78937,0.26,0.26,19.47,200.0,0.009289567,0.19605315
1740,79437,0.28,0.28,19.91,200.0,0.009285067000000001,0.19602815
1750,79918,0.25,0.25,20.17,200.0,0.009280738,0.19600410000000001
1760,80398,0.25,0.25,20.1,200.0,0.009276418,0.19598010000000002
1770,80839,0.25,0.25,20.16,200.0,0.009272449,0.19595805000000002
1780,81256,0.28,0.28,19.75,200.0,0.009268696,0.1959372
1790,81710,0.27,0.27,19.19,200.0,0.00926461,0.19591450000000002
1800,82171,0.28,0.28,19.02,200.0,0.009260461000000001,0.19589145000000002
1810,82618,0.26,0.26,19.13,200.0,0.009256438,0.19586910000000002
1820,83049,0.25,0.25,19.18,200.0,0.009252559,0.19584755
1830,83471,0.22,0.22,18.98,200.0,0.009248761,0.19582645
1840,83911,0.2,0.2,19.16,200.0,0.009244801,0.19580445000000002
1850,84386,0.22,0.22,18.8,200.0,0.009240526,0.1957807
1860,84787,0.2,0.2,18.8,200.0,0.009236917,0.19576065
1870,85241,0.22,0.22,18.92,200.0,0.009232831,0.19573795000000002
1880,85646,0.18,0.18,18.78,200.0,0.009229186,0.19571770000000002
1890,86090,0.17,0.17,18.57,200.0,0.00922519,0.19569550000000002
1900,86567,0.17,0.17,18.6,200.0,0.009220897,0.19567165
1910,87036,0.17,0.17,18.94,200.0,0.009216676,0.19564820000000002
1920,87518,0.18,0.18,18.87,200.0,0.009212338,0.19562410000000002
1930,87971,0.17,0.17,18.87,200.0,0.009208261,0.19560145
1940,88462,0.17,0.17,18.67,200.0,0.009203842,0.1955769
1950,88927,0.16,0.16,18.74,200.0,0.009199657,0.19555365000000002
1960,89374,0.18,0.18,18.55,200.0,0.009195634,0.19553130000000002
1970,89812,0.15,0.15,18.55,200.0,0.009191692,0.1955094
1980,90243,0.14,0.14,18.55,200.0,0.009187813,0.19548785000000002
1990,90733,0.14,0.14,18.78,200.0,0.009183403,0.19546335
2000,91182,0.12,0.12,18.78,200.0,0.009179362,0.1954409
2010,91618,0.11,0.11,18.95,200.0,0.009175438,0.1954191
2020,92028,0.1,0.1,18.96,200.0,0.009171748,0.1953986
2030,92494,0.12,0.12,18.95,200.0,0.009167554,0.1953753
2040,92963,0.1,0.1,18.95,200.0,0.009163333,0.19535185000000002
2050,93397,0.1,0.1,18.79,200.0,0.009159427,0.19533015
2060,93853,0.09,0.09,18.56,200.0,0.009155323,0.19530735000000002
2070,94342,0.09,0.09,18.56,200.0,0.009150922,0.1952829
2080,94804,0.1,0.1,18.54,200.0,0.009146764,0.1952598
2090,95264,0.11,0.11,18.27,200.0,0.009142624,0.19523680000000002
2100,95731,0.13,0.13,18.71,200.0,0.009138421,0.19521345
2110,96197,0.11,0.11,18.71,200.0,0.009134227,0.19519015
2120,96631,0.11,0.11,19.0,200.0,0.009130321,0.19516845000000002
2130,97099,0.11,0.11,19.14,200.0,0.009126109,0.19514505000000001
2140,97564,0.13,0.13,19.52,200.0,0.009121924,0.1951218
2150,98020,0.13,0.13,19.88,200.0,0.00911782,0.19509900000000002
2160,98497,0.14,0.14,19.75,200.0,0.009113527,0.19507515
2170,98982,0.17,0.17,20.14,200.0,0.009109162,0.1950509
2180,99405,0.17,0.17,20.15,200.0,0.009105355,0.19502975
2190,99853,0.17,0.17,20.06,200.0,0.009101323,0.19500735000000002
2200,100279,0.17,0.17,19.96,200.0,0.009097489,0.19498605000000002
2210,100745,0.18,0.18,20.0,200.0,0.009093295,0.19496275000000002
2220,101191,0.18,0.18,19.82,200.0,0.009089281,0.19494045000000002
2230,101672,0.19,0.19,19.51,200.0,0.009084952,0.19491640000000002
2240,102155,0.21,0.21,19.46,200.0,0.009080605,0.19489225000000002
2250,102565,0.23,0.23,19.41,200.0,0.009076915,0.19487175
2260,103025,0.23,0.23,19.5,200.0,0.009072775,0.19484875000000001
2270,103483,0.21,0.21,19.45,200.0,0.009068653,0.19482585000000002
2280,103952,0.21,0.21,19.32,200.0,0.009064432,0.19480240000000001
2290,104452,0.2,0.2,19.21,200.0,0.009059932,0.19477740000000002
2300,104938,0.19,0.19,19.2,200.0,0.009055558,0.1947531
2310,105403,0.2,0.2,19.27,200.0,0.009051373,0.19472985
2320,105875,0.21,0.21,19.23,200.0,0.009047125,0.19470625
2330,106338,0.19,0.19,19.47,200.0,0.009042958,0.1946831
2340,106796,0.18,0.18,19.71,200.0,0.009038836,0.1946602
2350,107229,0.16,0.16,19.69,200.0,0.009034939,0.19463855000000002
2360,107703,0.14,0.14,19.69,200.0,0.009030673,0.19461485
2370,108137,0.16,0.16,19.93,200.0,0.009026767,0.19459315000000002
2380,108587,0.18,0.18,19.94,200.0,0.009022717,0.19457065
2390,109042,0.17,0.17,19.94,200.0,0.009018622,0.1945479
2400,109460,0.18,0.18,19.94,200.0,0.00901486,0.194527
2410,109934,0.17,0.17,19.85,200.0,0.009010594,0.19450330000000002
2420,110401,0.17,0.17,19.88,200.0,0.009006391,0.19447995
2430,110854,0.19,0.19,20.07,200.0,0.009002314,0.1944573
2440,111345,0.17,0.17,20.44,200.0,0.008997895,0.19443275000000002
2450,111813,0.18,0.18,20.62,200.0,0.008993683,0.19440935
2460,112294,0.19,0.19,20.89,200.0,0.008989354,0.1943853
2470,112778,0.18,0.18,20.6,200.0,0.008984998000000001,0.1943611
2480,113259,0.18,0.18,20.52,200.0,0.008980669,0.19433705
2490,113665,0.21,0.21,20.57,200.0,0.008977015,0.19431675
2500,114116,0.2,0.2,20.86,200.0,0.008972956,0.1942942
2510,114554,0.24,0.24,20.85,200.0,0.008969014,0.1942723
2520,114982,0.22,0.22,20.85,200.0,0.008965162,0.1942509
2530,115369,0.21,0.21,20.97,200.0,0.008961679,0.19423155
2540,115828,0.22,0.22,20.89,200.0,0.008957548,0.1942086
2550,116292,0.21,0.21,20.6,200.0,0.008953372,0.1941854
2560,116743,0.22,0.22,20.76,200.0,0.008949313,0.19416285
2570,117188,0.21,0.21,20.73,200.0,0.008945308,0.1941406
2580,117602,0.18,0.18,20.73,200.0,0.008941582,0.1941199
2590,118028,0.17,0.17,21.09,200.0,0.008937748,0.1940986
2600,118480,0.17,0.17,21.3,200.0,0.00893368,0.194076
2610,118935,0.15,0.15,21.0,200.0,0.008929585,0.19405325
2620,119413,0.17,0.17,21.28,200.0,0.008925283,0.19402935000000002
2630,119889,0.17,0.17,21.16,200.0,0.008920999,0.19400555
2640,120299,0.16,0.16,21.09,200.0,0.008917309,0.19398505000000002
2650,120783,0.18,0.18,21.48,200.0,0.008912953,0.19396085000000002
2660,121243,0.18,0.18,21.49,200.0,0.008908813,0.19393785000000002
2670,121718,0.18,0.18,21.58,200.0,0.008904538,0.1939141
2680,122199,0.18,0.18,21.58,200.0,0.008900209,0.19389005
2690,122662,0.17,0.17,21.84,200.0,0.008896042,0.1938669
2700,123105,0.17,0.17,21.8,200.0,0.008892055,0.19384475
2710,123578,0.17,0.17,21.84,200.0,0.008887798,0.1938211
2720,124042,0.2,0.2,22.21,200.0,0.008883622,0.19379790000000002
2730,124498,0.19,0.19,22.15,200.0,0.008879518,0.1937751
2740,124925,0.21,0.21,21.91,200.0,0.008875675,0.19375375
2750,125364,0.19,0.19,22.18,200.0,0.008871724000000001,0.1937318
2760,125815,0.18,0.18,22.43,200.0,0.008867665,0.19370925
2770,126292,0.2,0.2,22.59,200.0,0.008863372,0.1936854
2780,126745,0.21,0.21,22.84,200.0,0.008859295,0.19366275000000002
2790,127239,0.21,0.21,22.7,200.0,0.008854849,0.19363805
2800,127722,0.22,0.22,22.67,200.0,0.008850502,0.1936139
2810,128119,0.2,0.2,22.78,200.0,0.008846929,0.19359405000000002
2820,128573,0.17,0.17,22.67,200.0,0.008842843,0.19357135
2830,129028,0.16,0.16,22.67,200.0,0.008838748,0.19354860000000002
2840,129485,0.17,0.17,23.05,200.0,0.008834635,0.19352575
2850,129933,0.16,0.16,22.76,200.0,0.008830603,0.19350335000000002
2860,130405,0.16,0.16,23.1,200.0,0.008826355000000001,0.19347975
2870,130886,0.15,0.15,23.35,200.0,0.008822026,0.1934557
2880,131370,0.14,0.14,23.35,200.0,0.00881767,0.1934315
2890,131828,0.14,0.14,23.18,200.0,0.008813548000000001,0.1934086
2900,132311,0.15,0.15,23.26,200.0,0.008809201,0.19338445
2910,132760,0.17,0.17,23.61,200.0,0.00880516,0.193362
2920,133250,0.15,0.15,23.61,200.0,0.00880075,0.1933375
2930,133681,0.16,0.16,23.35,200.0,0.008796871,0.19331595000000001
2940,134150,0.13,0.13,23.58,200.0,0.00879265,0.1932925
2950,134620,0.15,0.15,23.67,200.0,0.00878842,0.193269
2960,135074,0.15,0.15,23.81,200.0,0.008784334,0.1932463
2970,135550,0.16,0.16,23.31,200.0,0.00878005,0.19322250000000002
2980,136018,0.18,0.18,23.47,200.0,0.008775838,0.1931991
2990,136474,0.19,0.19,24.13,200.0,0.008771734,0.1931763
3000,136893,0.18,0.18,24.45,200.0,0.008767963,0.19315535
3010,137375,0.15,0.15,24.45,200.0,0.008763625,0.19313125
3020,137867,0.17,0.17,24.35,200.0,0.008759197,0.19310665000000002
3030,138340,0.2,0.2,23.96,200.0,0.00875494,0.193083
3040,138827,0.19,0.19,23.96,200.0,0.008750556999999999,0.19305865
3050,139245,0.17,0.17,23.92,200.0,0.008746795,0.19303775
3060,139735,0.19,0.19,24.29,200.0,0.008742385,0.19301325
3070,140201,0.17,0.17,24.56,200.0,0.008738191,0.19298995000000002
3080,140665,0.16,0.16,24.69,200.0,0.008734015,0.19296675000000002
3090,141108,0.15,0.15,24.65,200.0,0.008730028,0.19294460000000002
3100,141575,0.14,0.14,24.47,200.0,0.008725825,0.19292125000000002
3110,142040,0.16,0.16,24.61,200.0,0.00872164,0.19289800000000001
3120,142482,0.15,0.15,24.71,200.0,0.008717662000000001,0.19287590000000002
3130,142955,0.12,0.12,24.74,200.0,0.008713405,0.19285225
3140,143442,0.14,0.14,24.79,200.0,0.008709022,0.1928279
3150,143883,0.14,0.14,24.83,200.0,0.008705053,0.19280585
3160,144284,0.11,0.11,24.83,200.0,0.008701444,0.1927858
3170,144749,0.13,0.13,24.97,200.0,0.008697259,0.19276255
3180,145245,0.15,0.15,25.43,200.0,0.008692795,0.19273775
3190,145723,0.16,0.16,25.55,200.0,0.008688493,0.19271385000000002
3200,146181,0.2,0.2,25.25,200.0,0.008684371,0.19269095
3210,146636,0.23,0.23,25.17,200.0,0.008680276,0.1926682
3220,147086,0.25,0.25,25.16,200.0,0.008676226,0.1926457
3230,147525,0.26,0.26,25.31,200.0,0.008672275,0.19262375
3240,148004,0.24,0.24,25.31,200.0,0.008667964,0.19259980000000002
3250,148463,0.25,0.25,25.23,200.0,0.008663833,0.19257685000000002
3260,148932,0.26,0.26,25.25,200.0,0.008659612,0.1925534
3270,149394,0.25,0.25,25.31,200.0,0.008655454,0.19253030000000002
3280,149839,0.25,0.25,25.0,200.0,0.008651449,0.19250805000000001
3290,150322,0.26,0.26,24.75,200.0,0.008647102,0.1924839
3300,150775,0.22,0.22,24.52,200.0,0.008643025,0.19246125
3310,151271,0.18,0.18,24.8,200.0,0.008638561,0.19243645
3320,151724,0.18,0.18,24.46,200.0,0.008634484,0.1924138
3330,152224,0.18,0.18,24.55,200.0,0.008629984,0.1923888
3340,152675,0.2,0.2,24.55,200.0,0.008625925,0.19236625000000002
3350,153140,0.18,0.18,24.55,200.0,0.00862174,0.19234300000000001
3360,153626,0.21,0.21,24.52,200.0,0.008617366,0.1923187
3370,154113,0.21,0.21,24.09,200.0,0.008612983,0.19229435
3380,154538,0.21,0.21,24.46,200.0,0.008609158,0.1922731
3390,155009,0.21,0.21,24.78,200.0,0.008604918999999999,0.19224955000000002
3400,155486,0.21,0.21,25.05,200.0,0.008600626,0.1922257
3410,155948,0.23,0.23,24.66,200.0,0.008596468,0.1922026
3420,156404,0.25,0.25,24.43,200.0,0.008592364,0.1921798
3430,156856,0.25,0.25,24.57,200.0,0.008588296,0.1921572
3440,157274,0.24,0.24,24.61,200.0,0.008584534,0.1921363
3450,157746,0.26,0.26,24.27,200.0,0.008580286,0.1921127
3460,158200,0.23,0.23,24.02,200.0,0.008576199999999999,0.19209
3470,158689,0.23,0.23,24.02,200.0,0.008571799,0.19206555
3480,159151,0.24,0.24,24.06,200.0,0.008567641,0.19204245
3490,159616,0.26,0.26,23.9,200.0,0.008563456,0.1920192
3500,160102,0.27,0.27,23.71,200.0,0.008559082,0.1919949
3510,160572,0.27,0.27,23.55,200.0,0.008554852,0.19197140000000001
3520,161057,0.24,0.24,23.35,200.0,0.008550487,0.19194715
3530,161557,0.23,0.23,23.51,200.0,0.008545987,0.19192215
3540,162008,0.22,0.22,23.51,200.0,0.008541928,0.1918996
3550,162500,0.22,0.22,23.65,200.0,0.0085375,0.19187500000000002
3560,162962,0.23,0.23,23.51,200.0,0.008533342,0.19185190000000002
3570,163427,0.23,0.23,23.55,200.0,0.008529157,0.19182865000000002
3580,163899,0.2,0.2,23.27,200.0,0.008524909,0.19180505
3590,164385,0.18,0.18,23.39,200.0,0.008520535,0.19178075
3600,164847,0.18,0.18,23.68,200.0,0.008516377,0.19175765
3610,165314,0.18,0.18,23.44,200.0,0.008512174,0.1917343
3620,165774,0.18,0.18,23.73,200.0,0.008508034,0.1917113
3630,166242,0.18,0.18,23.74,200.0,0.008503822,0.19168790000000002
3640,166706,0.2,0.2,23.6,200.0,0.008499646,0.19166470000000002
3650,167157,0.23,0.23,23.38,200.0,0.008495587,0.19164215
3660,167618,0.22,0.22,23.52,200.0,0.008491438,0.19161910000000001
3670,168079,0.2,0.2,23.52,200.0,0.008487289,0.19159605000000002
3680,168564,0.21,0.21,23.67,200.0,0.008482924,0.19157180000000001
3690,169026,0.2,0.2,23.61,200.0,0.008478766,0.19154870000000002
3700,169494,0.19,0.19,23.59,200.0,0.008474554,0.1915253
3710,169981,0.18,0.18,23.28,200.0,0.008470171,0.19150095
3720,170472,0.18,0.18,23.47,200.0,0.008465752,0.19147640000000002
3730,170893,0.18,0.18,23.51,200.0,0.008461963,0.19145535
3740,171380,0.2,0.2,23.44,200.0,0.00845758,0.19143100000000002
3750,171832,0.16,0.16,23.81,200.0,0.008453512,0.1914084
3760,172294,0.16,0.16,24.06,200.0,0.008449354,0.1913853
3770,172721,0.19,0.19,23.81,200.0,0.008445511,0.19136395
3780,173212,0.18,0.18,23.94,200.0,0.008441092,0.19133940000000002
3790,173664,0.18,0.18,23.94,200.0,0.008437024,0.1913168
3800,174097,0.2,0.2,24.31,200.0,0.008433127,0.19129515
3810,174554,0.21,0.21,23.8,200.0,0.008429014,0.1912723
3820,175007,0.21,0.21,23.8,200.0,0.008424937,0.19124965000000002
3830,175445,0.25,0.25,23.76,200.0,0.008420995,0.19122775
3840,175931,0.23,0.23,23.56,200.0,0.008416620999999999,0.19120345
3850,176389,0.23,0.23,23.72,200.0,0.008412499,0.19118055
3860,176821,0.24,0.24,23.41,200.0,0.008408611,0.19115895
3870,177298,0.21,0.21,23.41,200.0,0.008404318,0.1911351
3880,177772,0.2,0.2,23.41,200.0,0.008400052,0.19111140000000001
3890,178246,0.19,0.19,23.41,200.0,0.008395786,0.1910877
3900,178680,0.18,0.18,23.15,200.0,0.00839188,0.191066
3910,179166,0.17,0.17,22.93,200.0,0.008387506,0.1910417
3920,179644,0.15,0.15,22.93,200.0,0.008383204,0.19101780000000002
3930,180133,0.11,0.11,23.08,200.0,0.008378803,0.19099335
3940,180633,0.1,0.1,22.96,200.0,0.008374303,0.19096835
3950,181062,0.12,0.12,22.61,200.0,0.008370442,0.1909469
3960,181555,0.1,0.1,22.61,200.0,0.008366005,0.19092225000000002
3970,182023,0.12,0.12,22.76,200.0,0.008361793,0.19089885
3980,182502,0.13,0.13,22.61,200.0,0.008357482,0.19087490000000001
3990,182944,0.13,0.13,22.63,200.0,0.008353504,0.19085280000000002
4000,183414,0.13,0.13,22.89,200.0,0.008349274,0.1908293
4010,183866,0.13,0.13,22.73,200.0,0.008345206,0.1908067
4020,184334,0.15,0.15,22.65,200.0,0.008340994000000001,0.19078330000000002
4030,184812,0.15,0.15,22.6,200.0,0.008336692,0.1907594
4040,185272,0.14,0.14,22.6,200.0,0.008332552,0.1907364
4050,185735,0.12,0.12,22.85,200.0,0.008328385,0.19071325
4060,186180,0.13,0.13,22.76,200.0,0.00832438,0.190691
4070,186626,0.13,0.13,22.69,200.0,0.008320366,0.1906687
4080,187087,0.13,0.13,22.9,200.0,0.008316217,0.19064565
4090,187557,0.13,0.13,22.91,200.0,0.008311987,0.19062215000000002
4100,188043,0.13,0.13,23.36,200.0,0.008307613,0.19059785
4110,188511,0.12,0.12,23.17,200.0,0.008303401,0.19057445
4120,188977,0.13,0.13,22.71,200.0,0.008299207,0.19055115
4130,189466,0.12,0.12,22.71,200.0,0.008294806,0.19052670000000002
4140,189925,0.12,0.12,22.71,200.0,0.008290675,0.19050375
4150,190393,0.12,0.12,22.59,200.0,0.008286463,0.19048035000000002
4160,190871,0.13,0.13,22.44,200.0,0.008282161,0.19045645
4170,191319,0.14,0.14,22.7,200.0,0.008278129,0.19043405000000002
4180,191784,0.15,0.15,22.82,200.0,0.008273944,0.19041080000000002
4190,192272,0.16,0.16,22.99,200.0,0.008269552,0.1903864
4200,192727,0.15,0.15,23.05,200.0,0.008265457,0.19036365
4210,193215,0.15,0.15,22.79,200.0,0.008261065,0.19033925000000002
4220,193653,0.12,0.12,22.79,200.0,0.008257123,0.19031735
4230,194118,0.15,0.15,22.49,200.0,0.008252938,0.19029410000000002
4240,194584,0.19,0.19,21.94,200.0,0.008248744,0.19027080000000002
4250,195035,0.2,0.2,21.95,200.0,0.008244685,0.19024825
4260,195516,0.2,0.2,21.77,200.0,0.008240356,0.1902242
4270,195956,0.17,0.17,21.77,200.0,0.008236396,0.19020220000000002
4280,196415,0.17,0.17,21.64,200.0,0.008232264999999999,0.19017925000000002
4290,196894,0.18,0.18,21.75,200.0,0.008227953999999999,0.1901553
4300,197348,0.17,0.17,21.75,200.0,0.008223868,0.1901326
4310,197833,0.17,0.17,21.66,200.0,0.008219503,0.19010835
4320,198247,0.19,0.19,21.61,200.0,0.008215777,0.19008765
4330,198691,0.18,0.18,21.21,200.0,0.008211781,0.19006545
4340,199181,0.15,0.15,21.16,200.0,0.008207371,0.19004095000000001
4350,199648,0.14,0.14,21.02,200.0,0.008203168,0.1900176
4360,200118,0.13,0.13,20.88,200.0,0.008198938,0.1899941
4370,200559,0.14,0.14,21.07,200.0,0.008194969,0.18997205
4380,201024,0.13,0.13,20.95,200.0,0.008190784,0.1899488
4390,201512,0.11,0.11,21.09,200.0,0.008186392,0.1899244
4400,201963,0.13,0.13,20.98,200.0,0.008182333,0.18990185
4410,202442,0.14,0.14,21.14,200.0,0.008178022,0.18987790000000002
4420,202898,0.13,0.13,21.18,200.0,0.008173918,0.1898551
4430,203378,0.15,0.15,21.09,200.0,0.008169598,0.1898311
4440,203854,0.18,0.18,20.63,200.0,0.008165314,0.1898073
4450,204335,0.18,0.18,20.6,200.0,0.008160985,0.18978325000000001
4460,204820,0.2,0.2,20.31,200.0,0.00815662,0.189759
4470,205257,0.21,0.21,20.62,200.0,0.008152687,0.18973715000000002
4480,205748,0.21,0.21,20.74,200.0,0.008148268,0.1897126
4490,206236,0.23,0.23,20.51,200.0,0.008143876,0.1896882
4500,206687,0.23,0.23,20.64,200.0,0.008139817,0.18966565000000002
4510,207126,0.23,0.23,20.77,200.0,0.008135866,0.1896437
4520,207604,0.22,0.22,20.77,200.0,0.008131564,0.1896198
4530,208066,0.18,0.18,20.77,200.0,0.008127406,0.1895967
4540,208525,0.14,0.14,20.77,200.0,0.008123275,0.18957375
4550,208951,0.15,0.15,20.9,200.0,0.008119441,0.18955245
4560,209409,0.14,0.14,20.61,200.0,0.008115319,0.18952955000000002
4570,209904,0.15,0.15,20.73,200.0,0.008110864,0.1895048
4580,210364,0.15,0.15,20.79,200.0,0.008106724,0.1894818
4590,210815,0.14,0.14,20.65,200.0,0.008102665,0.18945925
4600,211283,0.15,0.15,20.59,200.0,0.008098453,0.18943585000000002
4610,211729,0.14,0.14,20.6,200.0,0.008094439,0.18941355
4620,212199,0.16,0.16,20.54,200.0,0.008090209,0.18939005
4630,212681,0.17,0.17,20.39,200.0,0.008085871,0.18936595
4640,213132,0.18,0.18,20.36,200.0,0.008081812,0.1893434
4650,213623,0.18,0.18,20.38,200.0,0.008077393,0.18931885
4660,214089,0.2,0.2,20.32,200.0,0.008073199,0.18929555
4670,214556,0.2,0.2,20.31,200.0,0.008068996,0.1892722
4680,215000,0.2,0.2,20.37,200.0,0.008065,0.18925
4690,215458,0.19,0.19,20.67,200.0,0.008060878,0.1892271
4700,215929,0.17,0.17,20.76,200.0,0.008056639,0.18920355
4710,216402,0.18,0.18,20.57,200.0,0.008052382,0.1891799
4720,216857,0.16,0.16,20.57,200.0,0.008048287,0.18915715
4730,217274,0.16,0.16,20.62,200.0,0.008044533999999999,0.1891363
4740,217752,0.19,0.19,20.36,200.0,0.008040232,0.1891124
4750,218245,0.2,0.2,19.81,200.0,0.008035795,0.18908775
4760,218720,0.2,0.2,19.92,200.0,0.00803152,0.189064
4770,219189,0.19,0.19,20.1,200.0,0.008027299,0.18904055
4780,219630,0.22,0.22,20.04,200.0,0.00802333,0.1890185
4790,220069,0.24,0.24,19.53,200.0,0.008019379,0.18899655
4800,220545,0.25,0.25,19.22,200.0,0.008015095,0.18897275
4810,221011,0.25,0.25,18.77,200.0,0.008010901,0.18894945000000002
4820,221484,0.27,0.27,19.08,200.0,0.008006644,0.1889258
4830,221944,0.26,0.26,19.08,200.0,0.008002504,0.1889028
4840,222420,0.24,0.24,19.1,200.0,0.00799822,0.18887900000000002
4850,222823,0.24,0.24,19.1,200.0,0.007994593,0.18885885
4860,223217,0.23,0.23,18.84,200.0,0.007991047,0.18883915
4870,223676,0.22,0.22,19.11,200.0,0.007986916,0.18881620000000002
4880,224151,0.21,0.21,19.76,200.0,0.007982641,0.18879245
4890,224649,0.18,0.18,19.76,200.0,0.007978159,0.18876755
4900,225121,0.19,0.19,19.52,200.0,0.007973911,0.18874395
4910,225621,0.21,0.21,19.84,200.0,0.007969411,0.18871895
4920,226080,0.2,0.2,19.81,200.0,0.00796528,0.188696
4930,226487,0.23,0.23,19.6,200.0,0.007961617,0.18867565
4940,226964,0.23,0.23,19.68,200.0,0.007957324,0.1886518
4950,227404,0.21,0.21,19.85,200.0,0.007953364000000001,0.18862980000000001
4960,227881,0.21,0.21,19.97,200.0,0.007949071,0.18860595
4970,228346,0.2,0.2,19.97,200.0,0.007944886,0.18858270000000002
4980,228824,0.19,0.19,19.98,200.0,0.007940584,0.1885588
4990,229305,0.2,0.2,20.03,200.0,0.007936255,0.18853475
5000,229779,0.19,0.19,19.99,200.0,0.007931989,0.18851105
5010,230259,0.17,0.17,20.12,200.0,0.007927669,0.18848705000000002
5020,230708,0.19,0.19,19.85,200.0,0.007923628,0.1884646
5030,231141,0.18,0.18,20.09,200.0,0.007919731,0.18844295
5040,231600,0.16,0.16,20.09,200.0,0.0079156,0.18842
5050,232069,0.17,0.17,19.6,200.0,0.007911379,0.18839655
5060,232485,0.16,0.16,19.5,200.0,0.007907635,0.18837575
5070,232950,0.18,0.18,19.55,200.0,0.00790345,0.1883525
5080,233392,0.17,0.17,19.79,200.0,0.007899472000000001,0.1883304
5090,233866,0.19,0.19,19.89,200.0,0.007895206,0.1883067
5100,234328,0.18,0.18,20.09,200.0,0.007891048,0.1882836
5110,234773,0.17,0.17,20.25,200.0,0.007887043,0.18826135
5120,235250,0.16,0.16,20.32,200.0,0.00788275,0.1882375
5130,235693,0.16,0.16,20.14,200.0,0.007878763,0.18821535
5140,236163,0.21,0.21,20.22,200.0,0.007874533,0.18819185
5150,236601,0.21,0.21,20.58,200.0,0.007870591,0.18816995
5160,237080,0.19,0.19,20.58,200.0,0.00786628,0.188146
5170,237555,0.18,0.18,20.36,200.0,0.007862005,0.18812225000000002
5180,238030,0.18,0.18,20.28,200.0,0.00785773,0.1880985
5190,238468,0.16,0.16,20.47,200.0,0.007853788,0.1880766
5200,238904,0.18,0.18,20.7,200.0,0.007849864,0.1880548
5210,239345,0.18,0.18,20.59,200.0,0.007845895,0.18803275
5220,239813,0.17,0.17,20.56,200.0,0.007841683,0.18800935000000002
5230,240279,0.16,0.16,20.57,200.0,0.007837489,0.18798605000000002
5240,240768,0.15,0.15,20.52,200.0,0.007833088,0.1879616
5250,241232,0.13,0.13,20.52,200.0,0.007828912,0.1879384
5260,241664,0.15,0.15,20.43,200.0,0.007825024,0.1879168
5270,242143,0.17,0.17,20.21,200.0,0.007820713,0.18789285
5280,242602,0.18,0.18,20.45,200.0,0.007816581999999999,0.1878699
5290,243045,0.17,0.17,20.45,200.0,0.007812595,0.18784775
5300,243496,0.17,0.17,20.49,200.0,0.007808536,0.1878252
5310,243916,0.17,0.17,20.56,200.0,0.0078047559999999995,0.1878042
5320,244391,0.16,0.16,20.56,200.0,0.007800481,0.18778045000000002
5330,244832,0.16,0.16,20.57,200.0,0.007796512,0.18775840000000002
5340,245296,0.14,0.14,20.58,200.0,0.007792336,0.18773520000000002
5350,245778,0.2,0.2,20.85,200.0,0.007787998,0.18771110000000002
5360,246216,0.23,0.23,20.97,200.0,0.007784056,0.1876892
5370,246646,0.21,0.21,20.98,200.0,0.007780186,0.1876677
5380,247134,0.22,0.22,21.16,200.0,0.007775794,0.1876433
5390,247591,0.26,0.26,21.2,200.0,0.007771681,0.18762045
5400,248050,0.24,0.24,21.29,200.0,0.00776755,0.1875975
5410,248523,0.25,0.25,21.67,200.0,0.007763293,0.18757385000000001
5420,248999,0.26,0.26,21.62,200.0,0.007759009,0.18755005
5430,249470,0.28,0.28,21.12,200.0,0.007754769999999999,0.1875265
5440,249900,0.26,0.26,21.12,200.0,0.0077509,0.187505
5450,250333,0.21,0.21,20.97,200.0,0.007747003,0.18748335
5460,250818,0.18,0.18,20.73,200.0,0.007742638,0.18745910000000002
5470,251259,0.18,0.18,20.75,200.0,0.007738669,0.18743705
5480,251711,0.17,0.17,20.57,200.0,0.007734601,0.18741445
5490,252182,0.14,0.14,20.8,200.0,0.007730361999999999,0.1873909
5500,252662,0.17,0.17,21.34,200.0,0.007726042,0.1873669
5510,253138,0.17,0.17,21.23,200.0,0.0077217580000000004,0.1873431
5520,253565,0.16,0.16,21.23,200.0,0.0077179150000000005,0.18732175
5530,254043,0.16,0.16,21.44,200.0,0.007713612999999999,0.18729785000000002
5540,254495,0.17,0.17,21.7,200.0,0.007709545,0.18727525
5550,254941,0.18,0.18,21.4,200.0,0.007705531,0.18725295
5560,255400,0.18,0.18,21.59,200.0,0.0077014,0.18723
5570,255854,0.21,0.21,21.54,200.0,0.007697314,0.1872073
5580,256322,0.2,0.2,21.72,200.0,0.007693102,0.18718390000000001
5590,256746,0.19,0.19,21.72,200.0,0.007689286,0.18716270000000002
5600,257195,0.16,0.16,21.85,200.0,0.007685245,0.18714025
5610,257660,0.15,0.15,21.83,200.0,0.00768106,0.187117
5620,258108,0.17,0.17,21.85,200.0,0.007677028,0.1870946
5630,258569,0.18,0.18,21.95,200.0,0.0076728790000000005,0.18707155
5640,259051,0.17,0.17,21.95,200.0,0.007668541,0.18704745
5650,259481,0.16,0.16,22.01,200.0,0.007664671,0.18702595
5660,259888,0.18,0.18,21.42,200.0,0.007661008,0.1870056
5670,260336,0.15,0.15,21.47,200.0,0.007656975999999999,0.18698320000000002
5680,260785,0.15,0.15,21.44,200.0,0.007652935,0.18696075
5690,261223,0.15,0.15,21.44,200.0,0.007648993,0.18693885000000002
5700,261723,0.17,0.17,21.44,200.0,0.0076444930000000005,0.18691385000000002
5710,262192,0.19,0.19,21.72,200.0,0.007640272,0.1868904
5720,262640,0.18,0.18,21.81,200.0,0.00763624,0.186868
5730,263057,0.16,0.16,22.09,200.0,0.007632487,0.18684715000000002
5740,263519,0.17,0.17,22.1,200.0,0.007628329,0.18682405000000002
5750,263961,0.2,0.2,22.32,200.0,0.007624351,0.18680195
5760,264437,0.16,0.16,22.32,200.0,0.007620067,0.18677815
5770,264892,0.15,0.15,22.32,200.0,0.007615972,0.18675540000000002
5780,265373,0.16,0.16,22.5,200.0,0.0076116429999999995,0.18673135000000002
5790,265835,0.18,0.18,22.71,200.0,0.007607485000000001,0.18670825000000002
5800,266253,0.17,0.17,22.54,200.0,0.007603723,0.18668735
5810,266742,0.17,0.17,22.94,200.0,0.007599322,0.18666290000000002
5820,267217,0.18,0.18,22.96,200.0,0.007595047000000001,0.18663915
5830,267687,0.18,0.18,23.08,200.0,0.007590817,0.18661565
5840,268123,0.19,0.19,23.2,200.0,0.007586893,0.18659385
5850,268556,0.16,0.16,22.83,200.0,0.007582996,0.1865722
5860,269043,0.18,0.18,22.52,200.0,0.007578613,0.18654785000000002
5870,269489,0.19,0.19,22.64,200.0,0.007574599,0.18652555
5880,269924,0.2,0.2,22.97,200.0,0.007570683999999999,0.1865038
5890,270348,0.19,0.19,23.15,200.0,0.007566868,0.1864826
5900,270797,0.19,0.19,23.12,200.0,0.007562826999999999,0.18646015000000002
5910,271266,0.18,0.18,23.19,200.0,0.007558606,0.1864367
5920,271691,0.17,0.17,23.11,200.0,0.007554781,0.18641545
5930,272169,0.17,0.17,23.44,200.0,0.0075504790000000006,0.18639155000000002
5940,272626,0.18,0.18,23.58,200.0,0.0075463660000000005,0.1863687
5950,273078,0.2,0.2,23.97,200.0,0.007542298,0.18634610000000001
5960,273532,0.19,0.19,23.77,200.0,0.007538212,0.1863234
5970,273974,0.21,0.21,24.09,200.0,0.007534234,0.1863013
5980,274389,0.21,0.21,23.58,200.0,0.0075304989999999995,0.18628055000000002
5990,274858,0.23,0.23,23.4,200.0,0.007526278,0.1862571
6000,275293,0.22,0.22,23.61,200.0,0.007522363,0.18623535
6010,275751,0.21,0.21,23.81,200.0,0.007518241,0.18621245
6020,276219,0.24,0.24,24.06,200.0,0.007514029,0.18618905
6030,276702,0.23,0.23,23.92,200.0,0.007509682,0.1861649
6040,277164,0.23,0.23,23.9,200.0,0.0075055239999999995,0.1861418
6050,277627,0.25,0.25,23.65,200.0,0.007501357,0.18611865
6060,278114,0.24,0.24,23.65,200.0,0.007496974,0.18609430000000002
6070,278609,0.24,0.24,23.42,200.0,0.007492519,0.18606955
6080,279078,0.21,0.21,23.42,200.0,0.007488298,0.18604610000000002
6090,279522,0.19,0.19,23.1,200.0,0.007484302,0.18602390000000002
6100,280009,0.2,0.2,22.96,200.0,0.007479919,0.18599955
6110,280460,0.2,0.2,23.06,200.0,0.00747586,0.185977
6120,280884,0.18,0.18,22.74,200.0,0.007472044,0.1859558
6130,281357,0.19,0.19,22.3,200.0,0.007467787,0.18593215000000002
6140,281840,0.19,0.19,22.42,200.0,0.00746344,0.18590800000000002
6150,282298,0.15,0.15,22.21,200.0,0.0074593179999999995,0.1858851
6160,282762,0.18,0.18,22.27,200.0,0.007455142,0.1858619
6170,283206,0.18,0.18,22.29,200.0,0.007451146,0.1858397
6180,283670,0.18,0.18,22.29,200.0,0.007446970000000001,0.1858165
6190,284170,0.18,0.18,22.47,200.0,0.00744247,0.1857915
6200,284657,0.19,0.19,22.74,200.0,0.0074380869999999995,0.18576715
6210,285121,0.2,0.2,22.59,200.0,0.007433911,0.18574395
6220,285586,0.19,0.19,22.74,200.0,0.007429725999999999,0.18572070000000002
6230,286029,0.18,0.18,22.95,200.0,0.007425739000000001,0.18569855000000002
6240,286473,0.16,0.16,22.88,200.0,0.007421743,0.18567635000000002
6250,286884,0.17,0.17,22.61,200.0,0.007418044,0.1856558
6260,287354,0.15,0.15,22.56,200.0,0.0074138139999999995,0.1856323
6270,287802,0.14,0.14,22.38,200.0,0.007409782,0.1856099
6280,288270,0.15,0.15,22.53,200.0,0.00740557,0.18558650000000002
6290,288737,0.15,0.15,22.46,200.0,0.007401367,0.18556315
6300,289213,0.16,0.16,22.16,200.0,0.0073970830000000005,0.18553935
6310,289680,0.15,0.15,22.17,200.0,0.00739288,0.18551600000000001
6320,290149,0.15,0.15,21.75,200.0,0.0073886590000000005,0.18549255
6330,290591,0.14,0.14,21.75,200.0,0.007384681000000001,0.18547045
6340,291074,0.15,0.15,21.54,200.0,0.0073803340000000005,0.1854463
6350,291537,0.16,0.16,21.52,200.0,0.0073761669999999994,0.18542315
6360,291998,0.17,0.17,21.57,200.0,0.007372018,0.1854001
6370,292487,0.15,0.15,21.57,200.0,0.007367617,0.18537565
6380,292953,0.15,0.15,21.34,200.0,0.007363422999999999,0.18535235
6390,293411,0.14,0.14,21.34,200.0,0.007359301,0.18532945
6400,293832,0.11,0.11,21.28,200.0,0.007355512,0.1853084
6410,294268,0.13,0.13,21.38,200.0,0.007351588,0.1852866
6420,294724,0.14,0.14,21.54,200.0,0.007347484,0.1852638
6430,295165,0.17,0.17,21.47,200.0,0.007343515,0.18524175
6440,295627,0.16,0.16,21.44,200.0,0.007339357,0.18521865
6450,296118,0.14,0.14,21.38,200.0,0.007334938,0.1851941
6460,296554,0.13,0.13,21.44,200.0,0.007331014,0.1851723
6470,297025,0.15,0.15,21.4,200.0,0.007326775000000001,0.18514875
6480,297488,0.17,0.17,21.45,200.0,0.0073226079999999995,0.1851256
6490,297947,0.17,0.17,21.45,200.0,0.007318477,0.18510265
6500,298409,0.18,0.18,21.42,200.0,0.007314319,0.18507955
6510,298888,0.17,0.17,21.44,200.0,0.007310008,0.18505560000000001
6520,299354,0.17,0.17,21.1,200.0,0.007305814,0.1850323
6530,299806,0.16,0.16,21.14,200.0,0.007301746,0.1850097
6540,300227,0.16,0.16,21.13,200.0,0.007297957,0.18498865
6550,300671,0.16,0.16,21.05,200.0,0.007293961,0.18496645
6560,301132,0.15,0.15,21.05,200.0,0.007289812,0.1849434
6570,301560,0.15,0.15,20.79,200.0,0.007285959999999999,0.184922
6580,302000,0.12,0.12,20.79,200.0,0.007282,0.1849
6590,302433,0.14,0.14,20.55,200.0,0.007278102999999999,0.18487835
6600,302917,0.13,0.13,20.64,200.0,0.0072737470000000005,0.18485415
6610,303362,0.11,0.11,20.64,200.0,0.007269741999999999,0.1848319
6620,303842,0.1,0.1,20.48,200.0,0.007265422,0.1848079
6630,304306,0.13,0.13,20.37,200.0,0.007261246,0.1847847
6640,304756,0.14,0.14,20.05,200.0,0.007257196,0.18476220000000002
6650,305222,0.16,0.16,19.7,200.0,0.007253002,0.1847389
6660,305698,0.17,0.17,19.68,200.0,0.0072487179999999995,0.1847151
6670,306156,0.17,0.17,19.82,200.0,0.007244596,0.1846922
6680,306609,0.19,0.19,19.81,200.0,0.007240518999999999,0.18466955000000002
6690,307103,0.18,0.18,19.68,200.0,0.007236072999999999,0.18464485
6700,307590,0.18,0.18,19.71,200.0,0.007231690000000001,0.18462050000000002
6710,308058,0.21,0.21,18.94,200.0,0.007227478,0.18459710000000001
6720,308506,0.21,0.21,19.07,200.0,0.007223446,0.1845747
6730,308957,0.17,0.17,18.98,200.0,0.007219387,0.18455215
6740,309382,0.18,0.18,18.88,200.0,0.007215562,0.1845309
6750,309821,0.19,0.19,19.31,200.0,0.007211611,0.18450895
6760,310260,0.2,0.2,19.25,200.0,0.007207659999999999,0.184487
6770,310710,0.21,0.21,19.73,200.0,0.00720361,0.1844645
6780,311173,0.2,0.2,19.43,200.0,0.007199443,0.18444135
6790,311662,0.23,0.23,19.08,200.0,0.0071950420000000005,0.1844169
6800,312156,0.24,0.24,19.11,200.0,0.0071905960000000005,0.1843922
6810,312616,0.23,0.23,19.19,200.0,0.007186456,0.1843692
6820,313065,0.24,0.24,19.26,200.0,0.007182415,0.18434675
6830,313548,0.26,0.26,19.1,200.0,0.007178068,0.1843226
6840,314011,0.24,0.24,18.95,200.0,0.007173901,0.18429945
6850,314477,0.23,0.23,19.37,200.0,0.007169707,0.18427615
6860,314934,0.23,0.23,19.29,200.0,0.007165594,0.1842533
6870,315417,0.22,0.22,19.15,200.0,0.007161247,0.18422915
6880,315903,0.22,0.22,18.76,200.0,0.007156872999999999,0.18420485
6890,316395,0.22,0.22,18.89,200.0,0.007152445,0.18418025000000002
6900,316848,0.21,0.21,19.02,200.0,0.0071483679999999996,0.1841576
6910,317329,0.22,0.22,19.01,200.0,0.007144039,0.18413355
6920,317807,0.22,0.22,19.06,200.0,0.007139737,0.18410965
6930,318271,0.19,0.19,19.06,200.0,0.0071355609999999995,0.18408645
6940,318702,0.19,0.19,19.04,200.0,0.007131682,0.1840649
6950,319175,0.2,0.2,19.1,200.0,0.007127425,0.18404125000000002
6960,319632,0.2,0.2,19.1,200.0,0.007123312,0.1840184
6970,320110,0.18,0.18,19.1,200.0,0.00711901,0.1839945
6980,320571,0.19,0.19,18.81,200.0,0.007114861,0.18397145
6990,321015,0.17,0.17,18.68,200.0,0.007110865,0.18394925
7000,321483,0.2,0.2,18.47,200.0,0.007106652999999999,0.18392585
7010,321916,0.17,0.17,18.47,200.0,0.007102756,0.18390420000000002
7020,322382,0.19,0.19,18.61,200.0,0.007098561999999999,0.1838809
7030,322854,0.21,0.21,18.65,200.0,0.007094314,0.1838573
7040,323311,0.24,0.24,18.21,200.0,0.007090200999999999,0.18383445
7050,323737,0.22,0.22,18.28,200.0,0.007086367,0.18381315
7060,324227,0.22,0.22,18.52,200.0,0.007081957,0.18378865
7070,324678,0.22,0.22,18.52,200.0,0.007077897999999999,0.18376610000000002
7080,325150,0.23,0.23,18.77,200.0,0.00707365,0.1837425
7090,325632,0.22,0.22,18.66,200.0,0.0070693119999999995,0.1837184
7100,326066,0.21,0.21,19.12,200.0,0.007065406,0.1836967
7110,326536,0.25,0.25,19.09,200.0,0.007061176,0.1836732
7120,327022,0.24,0.24,19.31,200.0,0.007056802,0.1836489
7130,327461,0.22,0.22,19.31,200.0,0.007052851,0.18362695
7140,327924,0.2,0.2,19.3,200.0,0.0070486839999999995,0.1836038
7150,328390,0.21,0.21,19.21,200.0,0.00704449,0.1835805
7160,328863,0.19,0.19,19.21,200.0,0.007040233,0.18355685
7170,329346,0.2,0.2,19.31,200.0,0.007035886,0.1835327
7180,329829,0.18,0.18,19.26,200.0,0.007031539,0.18350855
7190,330310,0.18,0.18,19.28,200.0,0.00702721,0.1834845
7200,330745,0.2,0.2,19.32,200.0,0.007023295,0.18346275
7210,331231,0.21,0.21,19.78,200.0,0.007018921,0.18343845
7220,331719,0.2,0.2,19.69,200.0,0.007014529,0.18341405
7230,332185,0.23,0.23,19.55,200.0,0.0070103349999999995,0.18339075
7240,332685,0.21,0.21,19.55,200.0,0.007005835,0.18336575
7250,333167,0.21,0.21,19.57,200.0,0.007001497,0.18334165
7260,333633,0.23,0.23,19.96,200.0,0.006997303,0.18331835000000002
7270,334113,0.24,0.24,20.32,200.0,0.0069929829999999995,0.18329435
7280,334577,0.24,0.24,20.47,200.0,0.006988807,0.18327115
7290,335056,0.25,0.25,20.15,200.0,0.006984496,0.1832472
7300,335506,0.23,0.23,20.09,200.0,0.0069804459999999995,0.18322470000000002
7310,335972,0.2,0.2,20.24,200.0,0.0069762520000000005,0.18320140000000001
7320,336430,0.19,0.19,20.58,200.0,0.00697213,0.1831785
7330,336893,0.17,0.17,20.56,200.0,0.006967963,0.18315535
7340,337366,0.19,0.19,20.67,200.0,0.006963706,0.1831317
7350,337829,0.19,0.19,20.38,200.0,0.006959539,0.18310855
7360,338329,0.18,0.18,20.14,200.0,0.006955039,0.18308355
7370,338816,0.19,0.19,20.66,200.0,0.0069506559999999995,0.1830592
7380,339248,0.21,0.21,20.15,200.0,0.006946768,0.1830376
7390,339729,0.21,0.21,20.39,200.0,0.006942439,0.18301355
7400,340160,0.19,0.19,20.67,200.0,0.00693856,0.18299200000000002
7410,340622,0.17,0.17,20.67,200.0,0.006934402,0.18296890000000002
7420,341071,0.19,0.19,21.44,200.0,0.0069303609999999995,0.18294645
7430,341484,0.19,0.19,21.32,200.0,0.006926643999999999,0.1829258
7440,341927,0.18,0.18,21.24,200.0,0.0069226570000000005,0.18290365
7450,342411,0.17,0.17,21.22,200.0,0.006918301,0.18287945
7460,342874,0.16,0.16,21.22,200.0,0.006914134,0.1828563
7470,343374,0.15,0.15,21.75,200.0,0.006909634,0.1828313
7480,343827,0.15,0.15,21.39,200.0,0.006905557,0.18280865000000002
7490,344284,0.15,0.15,20.88,200.0,0.006901444,0.1827858
7500,344762,0.16,0.16,21.16,200.0,0.006897142,0.1827619
7510,345228,0.16,0.16,21.16,200.0,0.0068929479999999994,0.1827386
7520,345672,0.14,0.14,21.2,200.0,0.006888952,0.1827164
7530,346137,0.14,0.14,20.99,200.0,0.006884767,0.18269315
7540,346602,0.13,0.13,20.99,200.0,0.006880582,0.1826699
7550,347079,0.13,0.13,21.03,200.0,0.006876288999999999,0.18264605
7560,347554,0.16,0.16,21.0,200.0,0.006872014,0.18262230000000002
7570,348013,0.14,0.14,21.0,200.0,0.006867883,0.18259935
7580,348502,0.12,0.12,20.99,200.0,0.006863482000000001,0.1825749
7590,348904,0.1,0.1,20.99,200.0,0.006859864,0.18255480000000002
7600,349396,0.09,0.09,21.17,200.0,0.0068554359999999995,0.1825302
7610,349860,0.1,0.1,21.55,200.0,0.00685126,0.182507
7620,350337,0.11,0.11,21.49,200.0,0.006846967,0.18248315
7630,350789,0.12,0.12,21.36,200.0,0.0068428989999999995,0.18246055
7640,351231,0.12,0.12,21.36,200.0,0.0068389209999999995,0.18243845
7650,351688,0.13,0.13,21.24,200.0,0.0068348079999999995,0.1824156
7660,352151,0.1,0.1,21.24,200.0,0.006830641,0.18239245
7670,352622,0.14,0.14,20.97,200.0,0.0068264020000000005,0.1823689
7680,353109,0.15,0.15,21.09,200.0,0.006822019,0.18234455
7690,353561,0.18,0.18,21.14,200.0,0.006817950999999999,0.18232195
7700,354044,0.2,0.2,21.02,200.0,0.006813603999999999,0.1822978
7710,354489,0.22,0.22,20.52,200.0,0.0068095989999999995,0.18227555
7720,354942,0.21,0.21,20.61,200.0,0.006805522,0.1822529
7730,355409,0.2,0.2,20.76,200.0,0.006801319,0.18222955000000002
7740,355851,0.24,0.24,20.62,200.0,0.006797341,0.18220745
7750,356335,0.23,0.23,20.97,200.0,0.006792985,0.18218325000000002
7760,356779,0.23,0.23,20.97,200.0,0.006788989,0.18216105
7770,357264,0.21,0.21,21.1,200.0,0.0067846239999999995,0.18213680000000002
7780,357737,0.21,0.21,21.2,200.0,0.006780366999999999,0.18211315
7790,358178,0.2,0.2,21.05,200.0,0.0067763979999999994,0.1820911
7800,358678,0.2,0.2,21.64,200.0,0.006771898,0.1820661
7810,359152,0.19,0.19,21.58,200.0,0.006767631999999999,0.1820424
7820,359603,0.21,0.21,21.35,200.0,0.006763573,0.18201985
7830,360084,0.22,0.22,21.53,200.0,0.006759243999999999,0.1819958
7840,360525,0.2,0.2,21.58,200.0,0.006755275,0.18197375000000002
7850,360932,0.18,0.18,21.58,200.0,0.006751612000000001,0.18195340000000002
7860,361359,0.18,0.18,21.58,200.0,0.006747769,0.18193205
7870,361843,0.17,0.17,21.64,200.0,0.006743413,0.18190785
7880,362305,0.15,0.15,21.64,200.0,0.0067392549999999996,0.18188475
7890,362755,0.14,0.14,21.47,200.0,0.006735204999999999,0.18186225
7900,363252,0.11,0.11,21.47,200.0,0.006730732,0.1818374
7910,363740,0.09,0.09,21.47,200.0,0.00672634,0.181813
7920,364192,0.1,0.1,21.19,200.0,0.006722272,0.18179040000000002
7930,364628,0.09,0.09,21.13,200.0,0.006718348,0.1817686
7940,365104,0.08,0.08,20.94,200.0,0.0067140640000000005,0.1817448
7950,365562,0.08,0.08,20.94,200.0,0.006709942,0.1817219
7960,366038,0.11,0.11,20.43,200.0,0.006705658,0.1816981
7970,366466,0.1,0.1,20.43,200.0,0.006701805999999999,0.1816767
7980,366935,0.12,0.12,20.41,200.0,0.006697585,0.18165325000000002
7990,367406,0.14,0.14,20.64,200.0,0.006693345999999999,0.1816297
8000,367899,0.16,0.16,20.01,200.0,0.006688909,0.18160505000000002
8010,368352,0.16,0.16,20.01,200.0,0.006684832,0.1815824
8020,368833,0.12,0.12,20.01,200.0,0.006680502999999999,0.18155835
8030,369302,0.13,0.13,19.9,200.0,0.0066762819999999995,0.1815349
8040,369744,0.16,0.16,20.38,200.0,0.0066723039999999996,0.1815128
8050,370229,0.17,0.17,20.48,200.0,0.0066679389999999995,0.18148855
8060,370720,0.18,0.18,20.15,200.0,0.00666352,0.18146400000000001
8070,371187,0.19,0.19,20.07,200.0,0.006659317,0.18144065
8080,371677,0.19,0.19,20.13,200.0,0.006654907,0.18141615
8090,372167,0.18,0.18,19.95,200.0,0.006650497,0.18139165000000002
8100,372632,0.17,0.17,19.62,200.0,0.006646312,0.1813684
8110,373110,0.2,0.2,18.92,200.0,0.00664201,0.18134450000000002
8120,373552,0.22,0.22,18.69,200.0,0.006638032,0.1813224
8130,374029,0.21,0.21,18.65,200.0,0.006633739,0.18129855
8140,374487,0.19,0.19,18.24,200.0,0.006629616999999999,0.18127565
8150,374966,0.2,0.2,18.55,200.0,0.006625305999999999,0.18125170000000002
8160,375459,0.18,0.18,18.72,200.0,0.006620869,0.18122705
8170,375936,0.18,0.18,18.82,200.0,0.006616576,0.1812032
8180,376415,0.18,0.18,18.42,200.0,0.006612265,0.18117925000000001
8190,376889,0.17,0.17,18.51,200.0,0.006607999,0.18115555
8200,377356,0.18,0.18,18.46,200.0,0.0066037959999999995,0.1811322
8210,377856,0.18,0.18,18.73,200.0,0.006599295999999999,0.1811072
8220,378313,0.18,0.18,18.53,200.0,0.006595182999999999,0.18108435
8230,378787,0.2,0.2,18.62,200.0,0.006590917,0.18106065000000002
8240,379268,0.19,0.19,18.76,200.0,0.006586588,0.1810366
8250,379733,0.21,0.21,18.97,200.0,0.0065824030000000006,0.18101335000000002
8260,380200,0.21,0.21,18.77,200.0,0.006578199999999999,0.18099
8270,380652,0.24,0.24,18.63,200.0,0.006574132,0.1809674
8280,381128,0.24,0.24,18.79,200.0,0.006569848,0.1809436
8290,381565,0.25,0.25,18.84,200.0,0.006565915,0.18092175
8300,382001,0.24,0.24,18.85,200.0,0.006561991,0.18089995
8310,382457,0.22,0.22,19.0,200.0,0.006557887,0.18087715000000001
8320,382909,0.23,0.23,19.12,200.0,0.006553819,0.18085455
8330,383391,0.22,0.22,19.17,200.0,0.006549480999999999,0.18083045
8340,383856,0.23,0.23,19.57,200.0,0.006545296,0.1808072
8350,384336,0.21,0.21,19.56,200.0,0.0065409759999999996,0.1807832
8360,384794,0.2,0.2,19.52,200.0,0.006536854,0.1807603
8370,385256,0.18,0.18,19.55,200.0,0.006532695999999999,0.18073720000000001
8380,385743,0.19,0.19,19.99,200.0,0.006528312999999999,0.18071285
8390,386198,0.18,0.18,20.01,200.0,0.006524218,0.18069010000000002
8400,386653,0.2,0.2,19.33,200.0,0.006520122999999999,0.18066735
8410,387137,0.21,0.21,19.38,200.0,0.0065157669999999996,0.18064315
8420,387555,0.2,0.2,19.34,200.0,0.0065120049999999995,0.18062225
8430,388020,0.2,0.2,19.19,200.0,0.00650782,0.180599
8440,388507,0.2,0.2,19.78,200.0,0.006503437,0.18057465
8450,388930,0.19,0.19,19.68,200.0,0.006499629999999999,0.1805535
8460,389363,0.2,0.2,19.52,200.0,0.006495733,0.18053185
8470,389840,0.2,0.2,19.47,200.0,0.006491439999999999,0.180508
8480,390314,0.2,0.2,19.49,200.0,0.006487174,0.18048430000000001
8490,390772,0.21,0.21,19.33,200.0,0.0064830519999999996,0.1804614
8500,391257,0.2,0.2,19.51,200.0,0.0064786869999999995,0.18043715
8510,391734,0.19,0.19,19.42,200.0,0.006474394,0.1804133
8520,392204,0.2,0.2,19.76,200.0,0.0064701640000000005,0.18038980000000002
8530,392652,0.19,0.19,19.64,200.0,0.0064661319999999994,0.1803674
8540,393071,0.19,0.19,19.57,200.0,0.006462361,0.18034645
8550,393508,0.19,0.19,19.32,200.0,0.0064584279999999996,0.1803246
8560,393985,0.18,0.18,19.48,200.0,0.006454135,0.18030075
8570,394485,0.18,0.18,19.03,200.0,0.0064496350000000004,0.18027575
8580,394972,0.15,0.15,19.03,200.0,0.006445252,0.1802514
8590,395443,0.16,0.16,19.02,200.0,0.006441013,0.18022785
8600,395889,0.15,0.15,19.06,200.0,0.006436999,0.18020555
8610,396331,0.16,0.16,19.04,200.0,0.006433021,0.18018345
8620,396761,0.14,0.14,18.9,200.0,0.006429151,0.18016195000000002
8630,397230,0.15,0.15,19.27,200.0,0.00642493,0.1801385
8640,397682,0.13,0.13,19.27,200.0,0.006420861999999999,0.1801159
8650,398143,0.16,0.16,19.17,200.0,0.006416712999999999,0.18009285
8660,398627,0.2,0.2,19.47,200.0,0.006412357,0.18006865
8670,399088,0.19,0.19,19.19,200.0,0.006408208,0.1800456
8680,399530,0.2,0.2,19.06,200.0,0.00640423,0.1800235
8690,399999,0.2,0.2,18.96,200.0,0.006400009,0.18000005
8700,400487,0.22,0.22,19.56,200.0,0.006395617,0.17997565000000001
8710,400913,0.24,0.24,19.24,200.0,0.006391783,0.17995435
8720,401396,0.24,0.24,19.17,200.0,0.006387436,0.1799302
8730,401871,0.23,0.23,19.44,200.0,0.006383161,0.17990645
8740,402338,0.25,0.25,19.34,200.0,0.0063789580000000005,0.17988310000000002
8750,402766,0.23,0.23,18.91,200.0,0.006375106,0.1798617
8760,403189,0.19,0.19,18.97,200.0,0.0063712989999999995,0.17984055
8770,403682,0.21,0.21,19.06,200.0,0.006366862,0.1798159
8780,404141,0.24,0.24,19.2,200.0,0.006362731,0.17979295
8790,404601,0.26,0.26,18.86,200.0,0.006358591,0.17976995
8800,405087,0.28,0.28,18.65,200.0,0.0063542170000000005,0.17974565
8810,405543,0.25,0.25,18.37,200.0,0.006350113,0.17972285
8820,405980,0.25,0.25,18.37,200.0,0.00634618,0.179701
8830,406460,0.26,0.26,18.05,200.0,0.0063418599999999995,0.179677
8840,406912,0.25,0.25,18.25,200.0,0.006337792,0.1796544
8850,407384,0.26,0.26,17.78,200.0,0.006333544,0.1796308
8860,407829,0.26,0.26,17.7,200.0,0.006329539,0.17960855
8870,408316,0.28,0.28,17.73,200.0,0.006325156,0.1795842
8880,408791,0.25,0.25,17.41,200.0,0.0063208809999999995,0.17956045
8890,409259,0.23,0.23,17.73,200.0,0.0063166690000000005,0.17953705
8900,409742,0.18,0.18,17.73,200.0,0.006312322,0.1795129
8910,410193,0.2,0.2,17.76,200.0,0.006308263,0.17949035000000002
8920,410651,0.21,0.21,17.75,200.0,0.006304141,0.17946745
8930,411094,0.19,0.19,17.75,200.0,0.006300154,0.1794453
8940,411540,0.2,0.2,17.44,200.0,0.0062961399999999995,0.179423
8950,412035,0.2,0.2,17.35,200.0,0.006291685,0.17939825
8960,412486,0.19,0.19,17.35,200.0,0.006287625999999999,0.1793757
8970,412933,0.15,0.15,17.46,200.0,0.0062836030000000005,0.17935335
8980,413410,0.14,0.14,17.46,200.0,0.00627931,0.1793295
8990,413855,0.11,0.11,17.46,200.0,0.006275305,0.17930725
9000,414335,0.13,0.13,17.54,200.0,0.006270985,0.17928325
9010,414820,0.13,0.13,17.55,200.0,0.00626662,0.179259
9020,415253,0.13,0.13,18.09,200.0,0.0062627229999999996,0.17923735000000002
9030,415733,0.15,0.15,17.92,200.0,0.006258402999999999,0.17921335
9040,416225,0.16,0.16,17.78,200.0,0.006253975,0.17918875
9050,416708,0.16,0.16,17.55,200.0,0.006249628,0.1791646
9060,417190,0.18,0.18,17.65,200.0,0.00624529,0.1791405
9070,417669,0.19,0.19,17.49,200.0,0.006240979,0.17911655
9080,418129,0.22,0.22,17.84,200.0,0.006236839,0.17909355
9090,418621,0.25,0.25,17.75,200.0,0.006232411,0.17906895
9100,419090,0.26,0.26,17.63,200.0,0.00622819,0.1790455
9110,419557,0.24,0.24,17.86,200.0,0.006223987,0.17902215
9120,419996,0.22,0.22,17.86,200.0,0.006220036,0.1790002
9130,420480,0.22,0.22,17.84,200.0,0.0062156799999999995,0.178976
9140,420954,0.2,0.2,17.66,200.0,0.006211414,0.1789523
9150,421399,0.17,0.17,17.66,200.0,0.006207409,0.17893005
9160,421893,0.16,0.16,17.8,200.0,0.006202963,0.17890535000000002
9170,422367,0.15,0.15,17.79,200.0,0.0061986969999999995,0.17888165
9180,422806,0.14,0.14,18.24,200.0,0.006194745999999999,0.1788597
9190,423278,0.14,0.14,18.39,200.0,0.006190498,0.1788361
9200,423734,0.11,0.11,18.39,200.0,0.006186394,0.1788133
9210,424174,0.12,0.12,18.53,200.0,0.006182434,0.17879130000000001
9220,424620,0.15,0.15,18.06,200.0,0.00617842,0.178769
9230,425026,0.15,0.15,18.16,200.0,0.006174766,0.1787487
9240,425460,0.15,0.15,18.05,200.0,0.00617086,0.178727
9250,425959,0.17,0.17,17.75,200.0,0.006166369,0.17870205
9260,426456,0.2,0.2,17.85,200.0,0.006161896,0.1786772
9270,426924,0.23,0.23,17.63,200.0,0.006157684,0.1786538
9280,427395,0.22,0.22,17.66,200.0,0.006153445,0.17863025
9290,427844,0.24,0.24,18.16,200.0,0.006149404,0.1786078
9300,428310,0.24,0.24,18.16,200.0,0.00614521,0.1785845
9310,428791,0.23,0.23,18.35,200.0,0.006140881,0.17856045
9320,429280,0.21,0.21,18.19,200.0,0.00613648,0.178536
9330,429771,0.21,0.21,17.92,200.0,0.006132060999999999,0.17851145000000002
9340,430221,0.2,0.2,17.92,200.0,0.006128010999999999,0.17848895
9350,430673,0.21,0.21,17.7,200.0,0.006123943,0.17846635
9360,431127,0.2,0.2,17.72,200.0,0.006119856999999999,0.17844365
9370,431593,0.16,0.16,17.72,200.0,0.006115663,0.17842035
9380,432067,0.15,0.15,17.72,200.0,0.006111396999999999,0.17839665
9390,432525,0.11,0.11,17.48,200.0,0.006107275,0.17837375
9400,432993,0.14,0.14,17.73,200.0,0.006103063,0.17835035
9410,433446,0.14,0.14,17.77,200.0,0.006098986,0.1783277
9420,433901,0.16,0.16,17.81,200.0,0.006094891,0.17830495000000002
9430,434370,0.14,0.14,17.81,200.0,0.00609067,0.1782815
9440,434828,0.14,0.14,17.81,200.0,0.006086548,0.1782586
9450,435285,0.12,0.12,17.59,200.0,0.006082435,0.17823575
9460,435782,0.1,0.1,17.35,200.0,0.006077962,0.1782109
9470,436280,0.14,0.14,17.7,200.0,0.00607348,0.178186
9480,436750,0.15,0.15,17.75,200.0,0.006069249999999999,0.1781625
9490,437218,0.15,0.15,17.61,200.0,0.006065038,0.1781391
9500,437694,0.15,0.15,17.85,200.0,0.006060754,0.1781153
9510,438192,0.18,0.18,18.0,200.0,0.006056272,0.1780904
9520,438652,0.16,0.16,18.08,200.0,0.006052132,0.17806740000000001
9530,439131,0.16,0.16,18.08,200.0,0.006047821,0.17804345
9540,439590,0.19,0.19,18.13,200.0,0.00604369,0.1780205
9550,440065,0.19,0.19,18.35,200.0,0.006039415,0.17799675
9560,440510,0.2,0.2,18.51,200.0,0.00603541,0.1779745
9570,440934,0.18,0.18,18.72,200.0,0.0060315939999999995,0.1779533
9580,441424,0.19,0.19,18.55,200.0,0.006027184,0.1779288
9590,441843,0.2,0.2,18.59,200.0,0.006023413,0.17790785
9600,442267,0.19,0.19,18.94,200.0,0.006019597,0.17788665
9610,442743,0.2,0.2,18.77,200.0,0.0060153129999999996,0.17786285000000002
9620,443212,0.22,0.22,18.87,200.0,0.006011092,0.1778394
9630,443694,0.28,0.28,19.13,200.0,0.0060067539999999996,0.1778153
9640,444168,0.28,0.28,18.95,200.0,0.006002487999999999,0.1777916
9650,444648,0.29,0.29,18.68,200.0,0.005998168,0.1777676
9660,445101,0.29,0.29,19.21,200.0,0.005994090999999999,0.17774495
9670,445588,0.29,0.29,19.73,200.0,0.005989708,0.1777206
9680,446005,0.29,0.29,19.57,200.0,0.005985955,0.17769975
9690,446491,0.29,0.29,19.71,200.0,0.005981581,0.17767545
9700,446982,0.3,0.3,19.64,200.0,0.005977161999999999,0.1776509
9710,447482,0.26,0.26,19.54,200.0,0.005972662,0.1776259
9720,447957,0.26,0.26,19.17,200.0,0.0059683869999999995,0.17760215000000001
9730,448429,0.22,0.22,19.09,200.0,0.005964138999999999,0.17757855
9740,448898,0.22,0.22,18.84,200.0,0.005959918,0.1775551
9750,449325,0.22,0.22,19.08,200.0,0.005956075,0.17753375
9760,449814,0.2,0.2,19.08,200.0,0.005951674,0.1775093
9770,450282,0.21,0.21,19.3,200.0,0.005947462,0.1774859
9780,450729,0.24,0.24,19.56,200.0,0.005943439,0.17746355
9790,451163,0.24,0.24,19.98,200.0,0.005939533,0.17744185
9800,451561,0.25,0.25,20.14,200.0,0.005935951,0.17742195
9810,451999,0.25,0.25,19.86,200.0,0.005932009,0.17740005
9820,452480,0.25,0.25,19.68,200.0,0.005927679999999999,0.177376
9830,452980,0.24,0.24,20.01,200.0,0.00592318,0.177351
9840,453444,0.23,0.23,19.77,200.0,0.005919003999999999,0.1773278
9850,453920,0.23,0.23,19.64,200.0,0.00591472,0.17730400000000002
9860,454379,0.25,0.25,19.82,200.0,0.005910589,0.17728105
9870,454850,0.25,0.25,20.24,200.0,0.00590635,0.1772575
9880,455310,0.22,0.22,20.27,200.0,0.00590221,0.17723450000000002
9890,455777,0.22,0.22,20.35,200.0,0.005898007,0.17721115
9900,456253,0.2,0.2,20.19,200.0,0.005893722999999999,0.17718735
9910,456711,0.2,0.2,20.5,200.0,0.0058896009999999995,0.17716445
9920,457158,0.17,0.17,20.5,200.0,0.005885578,0.1771421
9930,457649,0.19,0.19,20.7,200.0,0.005881159,0.17711755
9940,458081,0.18,0.18,20.83,200.0,0.005877271,0.17709595
9950,458512,0.19,0.19,20.73,200.0,0.005873392,0.1770744
9960,458987,0.2,0.2,20.11,200.0,0.005869117,0.17705065
9970,459422,0.19,0.19,19.93,200.0,0.005865202,0.1770289
9980,459883,0.22,0.22,20.02,200.0,0.005861053,0.17700585
9990,460322,0.23,0.23,19.91,200.0,0.0058571019999999994,0.1769839
10000,460815,0.23,0.23,19.75,200.0,0.005852665,0.17695925
10010,461268,0.23,0.23,19.62,200.0,0.005848588,0.1769366
10020,461736,0.26,0.26,19.47,200.0,0.005844376,0.1769132
10030,462220,0.23,0.23,19.47,200.0,0.00584002,0.176889
10040,462693,0.24,0.24,19.6,200.0,0.005835763,0.17686535
10050,463154,0.29,0.29,19.55,200.0,0.005831614,0.1768423
10060,463651,0.27,0.27,19.5,200.0,0.005827141,0.17681745000000001
10070,464130,0.28,0.28,19.52,200.0,0.00582283,0.1767935
10080,464556,0.23,0.23,19.52,200.0,0.005818996,0.1767722
10090,465010,0.21,0.21,19.12,200.0,0.0058149099999999995,0.1767495
10100,465453,0.23,0.23,19.13,200.0,0.005810923,0.17672735
10110,465914,0.26,0.26,19.12,200.0,0.005806774,0.1767043
10120,466379,0.27,0.27,19.45,200.0,0.0058025889999999995,0.17668105
10130,466800,0.27,0.27,19.45,200.0,0.0057988,0.17666
10140,467273,0.25,0.25,19.45,200.0,0.005794543,0.17663635
10150,467747,0.19,0.19,19.07,200.0,0.005790277,0.17661265
10160,468198,0.21,0.21,18.94,200.0,0.005786218,0.1765901
10170,468694,0.21,0.21,19.18,200.0,0.005781754,0.1765653
10180,469148,0.23,0.23,19.06,200.0,0.005777668,0.1765426
10190,469627,0.24,0.24,19.13,200.0,0.005773357,0.17651865
10200,470100,0.21,0.21,19.0,200.0,0.005769099999999999,0.176495
10210,470540,0.19,0.19,19.24,200.0,0.005765139999999999,0.176473
10220,471021,0.16,0.16,19.21,200.0,0.005760810999999999,0.17644895
10230,471503,0.17,0.17,19.3,200.0,0.005756473,0.17642485
10240,471923,0.19,0.19,19.17,200.0,0.005752693,0.17640385
10250,472370,0.21,0.21,18.83,200.0,0.00574867,0.1763815
10260,472808,0.22,0.22,18.85,200.0,0.005744727999999999,0.1763596
10270,473241,0.22,0.22,18.78,200.0,0.005740830999999999,0.17633795
10280,473699,0.24,0.24,18.74,200.0,0.0057367089999999996,0.17631505
10290,474140,0.24,0.24,18.77,200.0,0.00573274,0.176293
10300,474614,0.26,0.26,18.76,200.0,0.005728474,0.17626930000000002
10310,475082,0.27,0.27,19.32,200.0,0.005724262,0.1762459
10320,475544,0.28,0.28,19.43,200.0,0.005720103999999999,0.1762228
10330,476010,0.31,0.31,19.06,200.0,0.005715909999999999,0.1761995
10340,476477,0.3,0.3,19.02,200.0,0.005711707,0.17617615
10350,476961,0.26,0.26,19.02,200.0,0.005707350999999999,0.17615195
10360,477395,0.25,0.25,19.0,200.0,0.005703445,0.17613025
10370,477867,0.25,0.25,19.34,200.0,0.005699197,0.17610665
10380,478334,0.23,0.23,19.3,200.0,0.005694994,0.1760833
10390,478806,0.22,0.22,19.43,200.0,0.005690746,0.1760597
10400,479245,0.19,0.19,19.43,200.0,0.005686795,0.17603775
10410,479713,0.18,0.18,19.44,200.0,0.005682583,0.17601435
10420,480196,0.19,0.19,19.64,200.0,0.005678236,0.1759902
10430,480653,0.19,0.19,19.68,200.0,0.005674123,0.17596735
10440,481121,0.18,0.18,19.68,200.0,0.005669911,0.17594395000000002
10450,481614,0.19,0.19,19.39,200.0,0.005665474,0.1759193
10460,482064,0.18,0.18,19.1,200.0,0.005661424,0.1758968
10470,482534,0.18,0.18,19.23,200.0,0.005657194,0.1758733
10480,483016,0.17,0.17,19.17,200.0,0.0056528559999999995,0.1758492
10490,483499,0.17,0.17,19.06,200.0,0.0056485089999999995,0.17582505
10500,483974,0.18,0.18,19.33,200.0,0.005644234,0.1758013
10510,484396,0.18,0.18,19.43,200.0,0.0056404359999999995,0.1757802
10520,484847,0.16,0.16,19.45,200.0,0.005636377,0.17575765000000002
10530,485335,0.12,0.12,19.45,200.0,0.005631985,0.17573325
10540,485835,0.16,0.16,18.87,200.0,0.005627485,0.17570825
10550,486315,0.15,0.15,18.87,200.0,0.005623164999999999,0.17568425000000001
10560,486734,0.16,0.16,19.15,200.0,0.005619394,0.1756633
10570,487226,0.15,0.15,18.96,200.0,0.005614966,0.1756387
10580,487690,0.15,0.15,18.91,200.0,0.005610789999999999,0.1756155
10590,488157,0.16,0.16,19.1,200.0,0.005606587,0.17559215
10600,488582,0.18,0.18,18.97,200.0,0.005602762,0.1755709
10610,489072,0.17,0.17,19.13,200.0,0.005598352,0.1755464
10620,489533,0.17,0.17,19.11,200.0,0.005594203,0.17552335
10630,489965,0.18,0.18,19.04,200.0,0.005590315,0.17550175
10640,490448,0.15,0.15,18.97,200.0,0.005585967999999999,0.1754776
10650,490883,0.19,0.19,18.61,200.0,0.005582052999999999,0.17545585
10660,491360,0.18,0.18,18.61,200.0,0.005577759999999999,0.175432
10670,491843,0.17,0.17,18.86,200.0,0.005573413,0.17540785
10680,492294,0.19,0.19,18.72,200.0,0.0055693539999999995,0.1753853
10690,492771,0.19,0.19,18.44,200.0,0.005565061,0.17536145
10700,493257,0.19,0.19,18.4,200.0,0.005560687,0.17533715
10710,493723,0.18,0.18,18.4,200.0,0.005556492999999999,0.17531385
10720,494193,0.18,0.18,18.34,200.0,0.005552263,0.17529035
10730,494668,0.19,0.19,17.97,200.0,0.005547987999999999,0.1752666
10740,495064,0.18,0.18,17.97,200.0,0.005544424,0.1752468
10750,495535,0.16,0.16,17.95,200.0,0.0055401849999999996,0.17522325
10760,495974,0.15,0.15,18.0,200.0,0.005536233999999999,0.1752013
10770,496438,0.16,0.16,18.25,200.0,0.005532057999999999,0.1751781
10780,496840,0.13,0.13,18.25,200.0,0.00552844,0.175158
10790,497316,0.12,0.12,18.41,200.0,0.005524156,0.17513420000000002
10800,497771,0.12,0.12,18.55,200.0,0.005520061,0.17511145
10810,498230,0.15,0.15,18.8,200.0,0.00551593,0.1750885
10820,498721,0.15,0.15,19.05,200.0,0.005511510999999999,0.17506395
10830,499174,0.15,0.15,19.15,200.0,0.005507433999999999,0.1750413
10840,499655,0.18,0.18,18.7,200.0,0.0055031049999999995,0.17501725
10850,500087,0.16,0.16,18.7,200.0,0.005499217,0.17499565
10860,500536,0.16,0.16,18.75,200.0,0.005495176,0.1749732
10870,500982,0.17,0.17,18.87,200.0,0.005491161999999999,0.1749509
10880,501405,0.18,0.18,18.93,200.0,0.005487355,0.17492975
10890,501868,0.17,0.17,18.93,200.0,0.005483188,0.1749066
10900,502336,0.15,0.15,18.65,200.0,0.005478976,0.17488320000000002
10910,502793,0.14,0.14,18.91,200.0,0.005474862999999999,0.17486035
10920,503264,0.13,0.13,18.91,200.0,0.0054706239999999995,0.17483680000000001
10930,503713,0.14,0.14,18.59,200.0,0.005466583,0.17481435
10940,504193,0.13,0.13,18.43,200.0,0.005462262999999999,0.17479035
10950,504676,0.14,0.14,18.38,200.0,0.005457915999999999,0.1747662
10960,505146,0.15,0.15,18.12,200.0,0.005453686,0.1747427
10970,505646,0.15,0.15,18.22,200.0,0.005449185999999999,0.1747177
10980,506100,0.16,0.16,17.95,200.0,0.0054451,0.174695
10990,506576,0.16,0.16,17.95,200.0,0.005440815999999999,0.1746712
11000,507075,0.16,0.16,18.16,200.0,0.005436324999999999,0.17464625
11010,507572,0.18,0.18,17.67,200.0,0.005431851999999999,0.1746214
11020,508045,0.2,0.2,17.47,200.0,0.005427595,0.17459775
11030,508523,0.2,0.2,17.11,200.0,0.005423293,0.17457385
11040,508962,0.21,0.21,17.4,200.0,0.005419342,0.1745519
11050,509452,0.24,0.24,17.58,200.0,0.005414932,0.1745274
11060,509903,0.23,0.23,17.5,200.0,0.005410873,0.17450485
11070,510348,0.23,0.23,17.87,200.0,0.005406868,0.1744826
11080,510803,0.23,0.23,18.0,200.0,0.005402773,0.17445985
11090,511227,0.23,0.23,18.0,200.0,0.005398956999999999,0.17443865
11100,511683,0.23,0.23,17.92,200.0,0.005394853,0.17441585
11110,512141,0.22,0.22,17.67,200.0,0.005390731,0.17439295
11120,512607,0.22,0.22,17.55,200.0,0.005386536999999999,0.17436965
11130,513105,0.23,0.23,17.43,200.0,0.005382054999999999,0.17434475
11140,513581,0.21,0.21,17.44,200.0,0.005377771,0.17432095
11150,514051,0.21,0.21,17.81,200.0,0.005373540999999999,0.17429745
11160,514515,0.22,0.22,17.56,200.0,0.005369365,0.17427425000000002
11170,514973,0.23,0.23,18.06,200.0,0.005365243,0.17425135
11180,515392,0.24,0.24,18.47,200.0,0.005361472,0.1742304
11190,515868,0.27,0.27,18.62,200.0,0.005357188,0.1742066
11200,516336,0.28,0.28,18.45,200.0,0.005352976,0.1741832
11210,516807,0.26,0.26,18.84,200.0,0.005348736999999999,0.17415965
11220,517256,0.26,0.26,18.84,200.0,0.0053446959999999995,0.1741372
11230,517680,0.23,0.23,18.97,200.0,0.005340879999999999,0.174116
11240,518129,0.24,0.24,18.71,200.0,0.005336839,0.17409355
11250,518560,0.22,0.22,18.53,200.0,0.0053329599999999994,0.174072
11260,519033,0.26,0.26,18.67,200.0,0.005328703,0.17404835000000002
11270,519500,0.25,0.25,19.06,200.0,0.0053245,0.174025
11280,519973,0.26,0.26,19.59,200.0,0.005320243,0.17400135
11290,520460,0.27,0.27,19.47,200.0,0.0053158599999999995,0.173977
11300,520934,0.28,0.28,19.55,200.0,0.005311593999999999,0.1739533
11310,521404,0.3,0.3,18.99,200.0,0.005307364,0.1739298
11320,521892,0.3,0.3,19.13,200.0,0.0053029719999999995,0.1739054
11330,522372,0.3,0.3,19.01,200.0,0.005298652,0.17388140000000002
11340,522803,0.29,0.29,19.06,200.0,0.005294772999999999,0.17385985
11350,523254,0.27,0.27,19.06,200.0,0.005290713999999999,0.1738373
11360,523738,0.22,0.22,19.22,200.0,0.005286358,0.1738131
11370,524233,0.21,0.21,19.02,200.0,0.005281903,0.17378835
11380,524715,0.2,0.2,18.74,200.0,0.005277565,0.17376425
11390,525181,0.18,0.18,18.6,200.0,0.005273371,0.17374095
11400,525640,0.17,0.17,18.88,200.0,0.00526924,0.173718
11410,526058,0.15,0.15,18.83,200.0,0.005265478,0.1736971
11420,526499,0.14,0.14,18.91,200.0,0.005261508999999999,0.17367505
11430,526990,0.16,0.16,18.91,200.0,0.00525709,0.1736505
11440,527465,0.2,0.2,19.08,200.0,0.005252815,0.17362675
11450,527949,0.23,0.23,18.97,200.0,0.005248459,0.17360255
11460,528399,0.24,0.24,19.26,200.0,0.005244409,0.17358005
11470,528868,0.23,0.23,19.61,200.0,0.005240188,0.1735566
11480,529342,0.25,0.25,19.7,200.0,0.005235922,0.1735329
11490,529818,0.27,0.27,19.6,200.0,0.005231637999999999,0.1735091
11500,530233,0.25,0.25,19.6,200.0,0.005227903,0.17348835
11510,530679,0.26,0.26,19.41,200.0,0.005223889,0.17346605
11520,531166,0.27,0.27,18.91,200.0,0.005219506,0.1734417
11530,531654,0.27,0.27,18.83,200.0,0.005215114,0.1734173
11540,532095,0.23,0.23,18.64,200.0,0.0052111449999999995,0.17339525
11550,532581,0.25,0.25,19.2,200.0,0.005206771,0.17337095
11560,533014,0.26,0.26,19.78,200.0,0.005202874,0.1733493
11570,533463,0.25,0.25,19.78,200.0,0.005198832999999999,0.17332685
11580,533921,0.22,0.22,19.79,200.0,0.005194710999999999,0.17330395
11590,534392,0.21,0.21,20.0,200.0,0.005190472,0.1732804
11600,534853,0.22,0.22,20.04,200.0,0.005186323,0.17325735
11610,535335,0.21,0.21,20.18,200.0,0.005181984999999999,0.17323325
11620,535782,0.23,0.23,19.84,200.0,0.0051779619999999995,0.1732109
11630,536279,0.24,0.24,19.61,200.0,0.005173489,0.17318605
11640,536723,0.24,0.24,19.49,200.0,0.005169493,0.17316385
11650,537196,0.2,0.2,19.63,200.0,0.005165235999999999,0.1731402
11660,537627,0.18,0.18,19.73,200.0,0.005161357,0.17311865
11670,538069,0.2,0.2,19.89,200.0,0.005157378999999999,0.17309655000000002
11680,538535,0.2,0.2,19.93,200.0,0.005153184999999999,0.17307325
11690,538989,0.18,0.18,20.02,200.0,0.005149098999999999,0.17305055
11700,539410,0.17,0.17,20.02,200.0,0.00514531,0.1730295
11710,539895,0.2,0.2,20.44,200.0,0.005140944999999999,0.17300525
11720,540380,0.19,0.19,20.21,200.0,0.00513658,0.172981
11730,540859,0.17,0.17,20.4,200.0,0.005132269,0.17295705
11740,541324,0.16,0.16,20.4,200.0,0.005128084,0.1729338
11750,541755,0.15,0.15,20.4,200.0,0.005124205,0.17291225
11760,542235,0.16,0.16,20.22,200.0,0.005119884999999999,0.17288825
11770,542688,0.15,0.15,19.93,200.0,0.005115808,0.1728656
11780,543123,0.15,0.15,19.91,200.0,0.005111892999999999,0.17284385
11790,543588,0.19,0.19,19.61,200.0,0.005107708,0.1728206
11800,544076,0.23,0.23,19.43,200.0,0.005103315999999999,0.1727962
11810,544540,0.2,0.2,19.62,200.0,0.005099139999999999,0.172773
11820,544981,0.18,0.18,19.56,200.0,0.005095170999999999,0.17275095000000001
11830,545459,0.19,0.19,19.6,200.0,0.005090869,0.17272705
11840,545902,0.2,0.2,19.38,200.0,0.005086882,0.1727049
11850,546394,0.22,0.22,19.74,200.0,0.005082453999999999,0.1726803
11860,546888,0.22,0.22,20.07,200.0,0.005078007999999999,0.1726556
11870,547360,0.24,0.24,19.49,200.0,0.00507376,0.172632
11880,547827,0.26,0.26,19.37,200.0,0.005069557,0.17260865
11890,548298,0.22,0.22,19.56,200.0,0.005065318,0.1725851
11900,548763,0.18,0.18,19.56,200.0,0.005061133,0.17256185000000002
11910,549240,0.17,0.17,19.56,200.0,0.00505684,0.172538
11920,549709,0.18,0.18,19.59,200.0,0.0050526189999999995,0.17251455
11930,550168,0.18,0.18,19.6,200.0,0.005048487999999999,0.1724916
11940,550649,0.17,0.17,19.6,200.0,0.0050441589999999994,0.17246755
11950,551122,0.18,0.18,19.85,200.0,0.005039902,0.1724439
11960,551536,0.18,0.18,19.79,200.0,0.005036175999999999,0.1724232
11970,552027,0.18,0.18,20.05,200.0,0.0050317569999999995,0.17239865
11980,552474,0.15,0.15,20.13,200.0,0.005027734,0.1723763
11990,552964,0.15,0.15,19.94,200.0,0.005023323999999999,0.1723518
12000,553436,0.21,0.21,19.75,200.0,0.005019075999999999,0.1723282
12010,553921,0.22,0.22,19.62,200.0,0.005014711,0.17230395
12020,554369,0.2,0.2,19.62,200.0,0.005010679,0.17228155
12030,554822,0.2,0.2,19.44,200.0,0.005006601999999999,0.1722589
12040,555291,0.24,0.24,20.03,200.0,0.005002381,0.17223545
12050,555744,0.23,0.23,20.19,200.0,0.004998303999999999,0.1722128
12060,556235,0.24,0.24,20.4,200.0,0.004993884999999999,0.17218825
12070,556712,0.23,0.23,20.32,200.0,0.004989592,0.1721644
12080,557173,0.23,0.23,20.32,200.0,0.004985442999999999,0.17214135
12090,557625,0.25,0.25,19.73,200.0,0.004981375,0.17211875
12100,558123,0.22,0.22,19.56,200.0,0.004976893,0.17209385
12110,558593,0.25,0.25,19.73,200.0,0.0049726629999999996,0.17207035
12120,559046,0.27,0.27,19.81,200.0,0.004968586,0.1720477
12130,559531,0.25,0.25,19.88,200.0,0.0049642209999999996,0.17202345
12140,560009,0.24,0.24,19.62,200.0,0.004959919,0.17199955
12150,560472,0.23,0.23,19.37,200.0,0.004955752,0.1719764
12160,560940,0.23,0.23,19.7,200.0,0.00495154,0.171953
12170,561410,0.22,0.22,19.94,200.0,0.00494731,0.1719295
12180,561871,0.22,0.22,20.03,200.0,0.004943161,0.17190645
12190,562348,0.23,0.23,20.57,200.0,0.004938868,0.1718826
12200,562757,0.21,0.21,20.14,200.0,0.004935187,0.17186215
12210,563243,0.2,0.2,19.8,200.0,0.004930812999999999,0.17183785000000001
12220,563707,0.18,0.18,19.8,200.0,0.004926637,0.17181465
12230,564136,0.18,0.18,19.86,200.0,0.004922776,0.1717932
12240,564589,0.19,0.19,19.8,200.0,0.0049186989999999995,0.17177055
12250,565083,0.21,0.21,19.65,200.0,0.0049142529999999995,0.17174585
12260,565564,0.19,0.19,19.72,200.0,0.004909924,0.1717218
12270,566064,0.2,0.2,19.97,200.0,0.004905423999999999,0.1716968
12280,566518,0.21,0.21,20.11,200.0,0.004901338,0.1716741
12290,566970,0.19,0.19,20.13,200.0,0.00489727,0.1716515
12300,567442,0.18,0.18,20.13,200.0,0.0048930219999999995,0.1716279
12310,567930,0.2,0.2,20.41,200.0,0.004888629999999999,0.1716035
12320,568412,0.22,0.22,20.34,200.0,0.004884291999999999,0.1715794
12330,568878,0.24,0.24,20.65,200.0,0.004880097999999999,0.1715561
12340,569348,0.22,0.22,20.91,200.0,0.004875868,0.1715326
12350,569805,0.2,0.2,20.92,200.0,0.004871754999999999,0.17150975000000002
12360,570277,0.19,0.19,20.92,200.0,0.004867506999999999,0.17148615
12370,570712,0.2,0.2,20.58,200.0,0.004863592,0.17146440000000002
12380,571211,0.19,0.19,20.46,200.0,0.004859100999999999,0.17143945
12390,571666,0.17,0.17,20.46,200.0,0.004855005999999999,0.1714167
12400,572136,0.17,0.17,20.46,200.0,0.004850776,0.1713932
12410,572564,0.15,0.15,20.65,200.0,0.004846924,0.17137180000000002
12420,573044,0.15,0.15,20.62,200.0,0.0048426039999999995,0.1713478
12430,573510,0.15,0.15,20.57,200.0,0.00483841,0.1713245
12440,573982,0.15,0.15,21.02,200.0,0.0048341619999999995,0.1713009
12450,574451,0.17,0.17,21.27,200.0,0.004829940999999999,0.17127745
12460,574882,0.18,0.18,21.34,200.0,0.004826062,0.17125590000000002
12470,575357,0.17,0.17,21.11,200.0,0.004821786999999999,0.17123215
12480,575841,0.17,0.17,21.15,200.0,0.004817430999999999,0.17120795
12490,576296,0.19,0.19,21.04,200.0,0.004813336,0.1711852
12500,576736,0.21,0.21,20.83,200.0,0.004809376,0.17116320000000002
12510,577184,0.22,0.22,21.03,200.0,0.004805344,0.1711408
12520,577625,0.22,0.22,20.98,200.0,0.004801374999999999,0.17111875
12530,578083,0.21,0.21,21.18,200.0,0.004797253,0.17109585
12540,578546,0.22,0.22,21.31,200.0,0.004793085999999999,0.1710727
12550,579024,0.22,0.22,21.36,200.0,0.004788784,0.1710488
12560,579472,0.24,0.24,21.3,200.0,0.004784752,0.1710264
12570,579949,0.23,0.23,20.92,200.0,0.004780458999999999,0.17100255
12580,580415,0.24,0.24,20.95,200.0,0.004776264999999999,0.17097925
12590,580889,0.25,0.25,20.81,200.0,0.004771999,0.17095555
12600,581378,0.28,0.28,20.8,200.0,0.004767598,0.1709311
12610,581868,0.26,0.26,20.72,200.0,0.004763187999999999,0.1709066
12620,582339,0.26,0.26,20.32,200.0,0.004758948999999999,0.17088305
12630,582778,0.26,0.26,20.14,200.0,0.004754997999999999,0.1708611
12640,583265,0.26,0.26,20.41,200.0,0.004750615,0.17083675
12650,583760,0.23,0.23,20.41,200.0,0.00474616,0.17081200000000002
12660,584191,0.21,0.21,20.26,200.0,0.004742280999999999,0.17079045
12670,584662,0.21,0.21,20.48,200.0,0.004738042,0.1707669
12680,585138,0.2,0.2,20.46,200.0,0.004733757999999999,0.1707431
12690,585591,0.18,0.18,20.65,200.0,0.0047296809999999995,0.17072045
12700,586034,0.16,0.16,20.5,200.0,0.004725693999999999,0.1706983
12710,586519,0.17,0.17,20.05,200.0,0.004721329,0.17067405
12720,586984,0.15,0.15,20.05,200.0,0.004717144,0.1706508
12730,587465,0.15,0.15,19.83,200.0,0.0047128149999999995,0.17062675
12740,587942,0.13,0.13,20.09,200.0,0.004708522,0.1706029
12750,588384,0.16,0.16,20.17,200.0,0.004704544,0.1705808
12760,588857,0.17,0.17,20.47,200.0,0.004700287,0.17055715
12770,589318,0.2,0.2,20.4,200.0,0.004696138,0.1705341
12780,589772,0.2,0.2,20.41,200.0,0.0046920519999999995,0.1705114
12790,590223,0.21,0.21,20.43,200.0,0.004687992999999999,0.17048885
12800,590686,0.21,0.21,20.41,200.0,0.0046838259999999994,0.1704657
12810,591141,0.19,0.19,20.3,200.0,0.0046797309999999995,0.17044295
12820,591620,0.23,0.23,20.28,200.0,0.00467542,0.170419
12830,592086,0.27,0.27,20.04,200.0,0.004671226,0.1703957
12840,592497,0.27,0.27,20.15,200.0,0.0046675269999999994,0.17037515
12850,592952,0.25,0.25,20.2,200.0,0.0046634319999999995,0.17035240000000001
12860,593399,0.24,0.24,20.08,200.0,0.004659409,0.17033005
12870,593846,0.22,0.22,19.76,200.0,0.004655386,0.1703077
12880,594298,0.23,0.23,20.01,200.0,0.004651318,0.1702851
12890,594782,0.23,0.23,19.68,200.0,0.004646961999999999,0.1702609
12900,595258,0.2,0.2,19.68,200.0,0.004642678,0.1702371
12910,595724,0.21,0.21,19.66,200.0,0.004638483999999999,0.1702138
12920,596163,0.18,0.18,19.58,200.0,0.004634533,0.17019185
12930,596606,0.15,0.15,19.59,200.0,0.004630546,0.1701697
12940,597098,0.15,0.15,19.92,200.0,0.004626117999999999,0.1701451
12950,597576,0.16,0.16,19.82,200.0,0.004621816,0.1701212
12960,598035,0.17,0.17,19.24,200.0,0.004617685,0.17009825
12970,598445,0.17,0.17,19.07,200.0,0.004613994999999999,0.17007775
12980,598858,0.17,0.17,19.0,200.0,0.004610278,0.17005710000000002
12990,599308,0.19,0.19,19.01,200.0,0.004606228,0.1700346
13000,599743,0.21,0.21,19.01,200.0,0.004602312999999999,0.17001285
13010,600208,0.2,0.2,18.97,200.0,0.004598128,0.16998960000000002
13020,600659,0.2,0.2,18.96,200.0,0.004594068999999999,0.16996705
13030,601141,0.2,0.2,18.92,200.0,0.004589731,0.16994295
13040,601628,0.19,0.19,18.92,200.0,0.0045853479999999995,0.1699186
13050,602112,0.19,0.19,19.03,200.0,0.004580992,0.1698944
13060,602551,0.21,0.21,19.25,200.0,0.0045770410000000004,0.16987245
13070,602942,0.2,0.2,19.05,200.0,0.004573522,0.1698529
13080,603431,0.2,0.2,18.95,200.0,0.004569120999999999,0.16982845
13090,603884,0.17,0.17,19.05,200.0,0.004565044,0.1698058
13100,604355,0.18,0.18,18.84,200.0,0.004560804999999999,0.16978225
13110,604823,0.18,0.18,18.8,200.0,0.004556592999999999,0.16975885
13120,605295,0.2,0.2,19.14,200.0,0.004552344999999999,0.16973525
13130,605770,0.19,0.19,19.4,200.0,0.0045480699999999995,0.1697115
13140,606270,0.2,0.2,19.29,200.0,0.004543569999999999,0.1696865
13150,606755,0.21,0.21,19.63,200.0,0.004539204999999999,0.16966225
13160,607215,0.22,0.22,19.96,200.0,0.0045350650000000004,0.16963925
13170,607678,0.24,0.24,19.77,200.0,0.004530897999999999,0.1696161
13180,608134,0.26,0.26,19.74,200.0,0.004526794,0.1695933
13190,608599,0.3,0.3,19.8,200.0,0.0045226089999999995,0.16957005
13200,609064,0.27,0.27,19.8,200.0,0.004518423999999999,0.1695468
13210,609555,0.29,0.29,19.24,200.0,0.004514005,0.16952225
13220,610007,0.27,0.27,19.34,200.0,0.0045099369999999995,0.16949965
13230,610475,0.27,0.27,19.21,200.0,0.0045057249999999995,0.16947625
13240,610936,0.28,0.28,18.96,200.0,0.004501575999999999,0.1694532
13250,611399,0.28,0.28,18.72,200.0,0.004497408999999999,0.16943005
13260,611880,0.25,0.25,18.53,200.0,0.00449308,0.169406
13270,612333,0.23,0.23,18.55,200.0,0.004489002999999999,0.16938335
13280,612808,0.21,0.21,18.81,200.0,0.0044847279999999995,0.1693596
13290,613271,0.19,0.19,18.87,200.0,0.004480560999999999,0.16933645
13300,613752,0.21,0.21,19.16,200.0,0.004476232,0.1693124
13310,614222,0.2,0.2,18.75,200.0,0.004472001999999999,0.1692889
13320,614685,0.22,0.22,19.09,200.0,0.004467834999999999,0.16926575
13330,615146,0.21,0.21,19.44,200.0,0.004463686,0.1692427
13340,615593,0.19,0.19,19.44,200.0,0.004459663,0.16922035
13350,616059,0.17,0.17,19.19,200.0,0.004455468999999999,0.16919705
13360,616494,0.17,0.17,18.67,200.0,0.004451554,0.1691753
13370,616951,0.18,0.18,18.92,200.0,0.004447440999999999,0.16915245
13380,617425,0.17,0.17,18.97,200.0,0.004443175,0.16912875
13390,617850,0.15,0.15,19.07,200.0,0.00443935,0.1691075
13400,618322,0.16,0.16,18.91,200.0,0.004435101999999999,0.1690839
13410,618805,0.16,0.16,19.11,200.0,0.004430754999999999,0.16905975
13420,619255,0.16,0.16,19.23,200.0,0.0044267049999999995,0.16903725
13430,619737,0.16,0.16,19.23,200.0,0.004422367,0.16901315
13440,620196,0.22,0.22,19.06,200.0,0.004418236,0.1689902
13450,620656,0.21,0.21,19.06,200.0,0.004414095999999999,0.1689672
13460,621109,0.19,0.19,19.06,200.0,0.004410018999999999,0.16894455
13470,621560,0.2,0.2,18.81,200.0,0.0044059599999999996,0.168922
13480,622053,0.24,0.24,19.3,200.0,0.004401523,0.16889735
13490,622495,0.24,0.24,19.36,200.0,0.004397544999999999,0.16887525
13500,622978,0.23,0.23,19.16,200.0,0.004393197999999999,0.1688511
13510,623416,0.21,0.21,19.16,200.0,0.004389256,0.1688292
13520,623885,0.18,0.18,19.16,200.0,0.004385034999999999,0.16880575
13530,624358,0.21,0.21,19.19,200.0,0.004380778,0.1687821
13540,624796,0.17,0.17,19.36,200.0,0.004376835999999999,0.1687602
13550,625229,0.2,0.2,19.24,200.0,0.004372938999999999,0.16873855
13560,625666,0.22,0.22,19.15,200.0,0.004369005999999999,0.1687167
13570,626146,0.22,0.22,19.16,200.0,0.0043646859999999996,0.1686927
13580,626604,0.19,0.19,19.26,200.0,0.004360563999999999,0.16866979999999998
13590,627083,0.21,0.21,19.4,200.0,0.004356253,0.16864584999999999
13600,627568,0.2,0.2,19.6,200.0,0.004351887999999999,0.16862159999999998
13610,628041,0.21,0.21,19.68,200.0,0.004347631,0.16859795
13620,628487,0.24,0.24,19.28,200.0,0.004343616999999999,0.16857565
13630,628948,0.22,0.22,19.2,200.0,0.004339468,0.1685526
13640,629404,0.2,0.2,19.2,200.0,0.0043353639999999995,0.1685298
13650,629843,0.19,0.19,19.02,200.0,0.004331412999999999,0.16850785000000001
13660,630335,0.19,0.19,18.88,200.0,0.004326984999999999,0.16848325
13670,630783,0.18,0.18,18.63,200.0,0.004322953,0.16846085
13680,631234,0.18,0.18,18.83,200.0,0.004318894,0.16843829999999999
13690,631671,0.15,0.15,18.83,200.0,0.004314961,0.16841645
13700,632140,0.16,0.16,18.68,200.0,0.0043107399999999995,0.16839300000000001
13710,632611,0.17,0.17,18.9,200.0,0.004306500999999999,0.16836945
13720,633062,0.16,0.16,19.04,200.0,0.004302441999999999,0.1683469
13730,633553,0.17,0.17,18.98,200.0,0.004298022999999999,0.16832235
13740,634034,0.2,0.2,18.79,200.0,0.004293694,0.1682983
13750,634496,0.19,0.19,18.87,200.0,0.004289536,0.1682752
13760,634973,0.21,0.21,19.46,200.0,0.004285242999999999,0.16825135
13770,635458,0.23,0.23,19.74,200.0,0.004280878,0.16822710000000002
13780,635925,0.21,0.21,19.74,200.0,0.004276675,0.16820374999999999
13790,636353,0.21,0.21,19.74,200.0,0.004272823,0.16818235
13800,636828,0.21,0.21,19.69,200.0,0.004268548,0.1681586
13810,637269,0.19,0.19,19.69,200.0,0.004264579,0.16813655
13820,637747,0.18,0.18,19.94,200.0,0.004260277,0.16811265
13830,638201,0.17,0.17,20.0,200.0,0.0042561909999999994,0.16808995
13840,638622,0.16,0.16,20.03,200.0,0.004252402,0.1680689
13850,639058,0.16,0.16,20.14,200.0,0.004248477999999999,0.1680471
13860,639540,0.14,0.14,20.02,200.0,0.0042441399999999995,0.168023
13870,639977,0.15,0.15,19.49,200.0,0.004240206999999999,0.16800115
13880,640449,0.15,0.15,19.49,200.0,0.004235958999999999,0.16797755
13890,640910,0.17,0.17,19.46,200.0,0.00423181,0.1679545
13900,641342,0.17,0.17,19.93,200.0,0.004227921999999999,0.1679329
13910,641833,0.17,0.17,19.93,200.0,0.004223503,0.16790834999999998
13920,642314,0.17,0.17,19.84,200.0,0.004219173999999999,0.1678843
13930,642746,0.16,0.16,19.67,200.0,0.0042152859999999995,0.1678627
13940,643165,0.15,0.15,19.67,200.0,0.004211515,0.16784175
13950,643618,0.15,0.15,19.37,200.0,0.004207437999999999,0.1678191
13960,644062,0.15,0.15,19.44,200.0,0.004203441999999999,0.1677969
13970,644497,0.1,0.1,19.44,200.0,0.004199527,0.16777514999999998
13980,644937,0.15,0.15,18.93,200.0,0.004195567,0.16775315000000002
13990,645408,0.14,0.14,18.9,200.0,0.004191327999999999,0.1677296
14000,645867,0.15,0.15,19.24,200.0,0.004187197,0.16770665
14010,646321,0.19,0.19,18.84,200.0,0.004183110999999999,0.16768395
14020,646801,0.22,0.22,19.23,200.0,0.004178791,0.16765995
14030,647276,0.24,0.24,19.45,200.0,0.004174516,0.1676362
14040,647728,0.25,0.25,19.71,200.0,0.004170448,0.1676136
14050,648212,0.26,0.26,19.65,200.0,0.004166092,0.1675894
14060,648682,0.25,0.25,19.57,200.0,0.004161862,0.1675659
14070,649139,0.28,0.28,19.78,200.0,0.004157749,0.16754305
14080,649599,0.24,0.24,20.09,200.0,0.004153608999999999,0.16752005
14090,650023,0.24,0.24,20.28,200.0,0.004149793,0.16749885
14100,650476,0.24,0.24,19.92,200.0,0.004145715999999999,0.1674762
14110,650946,0.22,0.22,20.26,200.0,0.004141485999999999,0.1674527
14120,651403,0.19,0.19,20.08,200.0,0.004137373,0.16742985
14130,651877,0.16,0.16,20.08,200.0,0.004133107,0.16740615
14140,652339,0.15,0.15,20.3,200.0,0.004128949,0.16738305
14150,652811,0.18,0.18,20.01,200.0,0.004124700999999999,0.16735945
14160,653293,0.2,0.2,19.62,200.0,0.004120362999999999,0.16733535
14170,653726,0.17,0.17,19.62,200.0,0.004116465999999999,0.1673137
14180,654164,0.19,0.19,19.67,200.0,0.004112524,0.1672918
14190,654620,0.2,0.2,19.63,200.0,0.00410842,0.167269
14200,655089,0.19,0.19,19.83,200.0,0.004104198999999999,0.16724555
14210,655566,0.21,0.21,19.88,200.0,0.0040999059999999995,0.1672217
14220,656034,0.24,0.24,20.17,200.0,0.0040956939999999996,0.1671983
14230,656528,0.25,0.25,20.28,200.0,0.004091248,0.1671736
14240,656974,0.25,0.25,20.23,200.0,0.004087234,0.1671513
14250,657428,0.21,0.21,19.97,200.0,0.004083147999999999,0.16712860000000002
14260,657874,0.2,0.2,20.21,200.0,0.004079134,0.16710629999999999
14270,658329,0.2,0.2,20.21,200.0,0.004075038999999999,0.16708355
14280,658813,0.19,0.19,20.24,200.0,0.004070682999999999,0.16705935
14290,659291,0.19,0.19,20.24,200.0,0.004066381,0.16703545
14300,659738,0.19,0.19,20.41,200.0,0.004062357999999999,0.1670131
14310,660198,0.17,0.17,20.79,200.0,0.004058218,0.1669901
14320,660674,0.14,0.14,20.96,200.0,0.0040539339999999995,0.1669663
14330,661119,0.14,0.14,20.97,200.0,0.004049928999999999,0.16694405
14340,661578,0.14,0.14,20.93,200.0,0.004045798,0.1669211
14350,662038,0.15,0.15,20.69,200.0,0.004041657999999999,0.1668981
14360,662529,0.14,0.14,20.4,200.0,0.004037238999999999,0.16687354999999998
14370,662988,0.16,0.16,20.24,200.0,0.004033108,0.16685060000000002
14380,663436,0.17,0.17,20.12,200.0,0.0040290759999999995,0.16682819999999998
14390,663930,0.16,0.16,20.17,200.0,0.0040246299999999995,0.1668035
14400,664402,0.16,0.16,20.12,200.0,0.004020381999999999,0.16677989999999998
14410,664849,0.16,0.16,20.01,200.0,0.004016359,0.16675755
14420,665305,0.2,0.2,19.43,200.0,0.004012254999999999,0.16673475
14430,665781,0.2,0.2,19.45,200.0,0.004007971,0.16671095
14440,666235,0.21,0.21,19.42,200.0,0.0040038849999999996,0.16668824999999998
14450,666692,0.22,0.22,19.43,200.0,0.0039997719999999995,0.16666540000000002
14460,667120,0.22,0.22,19.57,200.0,0.003995919999999999,0.16664400000000001
14470,667603,0.21,0.21,19.54,200.0,0.003991573,0.16661985
14480,668041,0.23,0.23,19.79,200.0,0.003987630999999999,0.16659795
14490,668517,0.23,0.23,19.79,200.0,0.003983346999999999,0.16657415
14500,669007,0.22,0.22,19.74,200.0,0.003978936999999999,0.16654965
14510,669469,0.21,0.21,19.67,200.0,0.0039747789999999995,0.16652655
14520,669931,0.19,0.19,19.62,200.0,0.003970620999999999,0.16650345
14530,670401,0.21,0.21,19.49,200.0,0.003966391,0.16647995
14540,670864,0.2,0.2,19.76,200.0,0.0039622239999999994,0.16645680000000002
14550,671350,0.17,0.17,19.76,200.0,0.00395785,0.16643249999999998
14560,671829,0.18,0.18,19.85,200.0,0.003953539,0.16640855
14570,672285,0.18,0.18,19.71,200.0,0.003949434999999999,0.16638575
14580,672757,0.14,0.14,19.69,200.0,0.003945186999999999,0.16636215
14590,673253,0.14,0.14,19.68,200.0,0.003940722999999999,0.16633735
14600,673713,0.13,0.13,19.68,200.0,0.003936583,0.16631435
14610,674169,0.13,0.13,19.57,200.0,0.003932478999999999,0.16629155
14620,674625,0.11,0.11,19.32,200.0,0.003928375,0.16626875
14630,675125,0.1,0.1,18.96,200.0,0.003923874999999999,0.16624375
14640,675625,0.09,0.09,18.96,200.0,0.003919374999999999,0.16621875
14650,676091,0.11,0.11,18.95,200.0,0.003915180999999999,0.16619545
14660,676580,0.1,0.1,18.96,200.0,0.00391078,0.166171
14670,677036,0.09,0.09,18.96,200.0,0.0039066759999999996,0.1661482
14680,677482,0.09,0.09,18.89,200.0,0.0039026619999999995,0.1661259
14690,677940,0.12,0.12,18.83,200.0,0.00389854,0.166103
14700,678425,0.14,0.14,18.28,200.0,0.0038941749999999997,0.16607875
14710,678906,0.16,0.16,18.56,200.0,0.0038898459999999998,0.1660547
14720,679382,0.18,0.18,18.41,200.0,0.0038855619999999995,0.16603089999999998
14730,679821,0.17,0.17,18.27,200.0,0.0038816109999999992,0.16600895
14740,680273,0.2,0.2,18.44,200.0,0.003877542999999999,0.16598635
14750,680707,0.2,0.2,18.31,200.0,0.003873637,0.16596465
14760,681164,0.19,0.19,18.31,200.0,0.003869523999999999,0.1659418
14770,681644,0.23,0.23,19.0,200.0,0.003865203999999999,0.1659178
14780,682124,0.23,0.23,18.69,200.0,0.003860884,0.1658938
14790,682586,0.22,0.22,18.71,200.0,0.0038567259999999996,0.16587069999999998
14800,683070,0.24,0.24,18.38,200.0,0.00385237,0.1658465
14810,683523,0.23,0.23,18.27,200.0,0.003848292999999999,0.16582385
14820,683975,0.27,0.27,18.33,200.0,0.0038442249999999997,0.16580125
14830,684444,0.27,0.27,18.41,200.0,0.0038400039999999993,0.1657778
14840,684875,0.28,0.28,18.4,200.0,0.0038361249999999993,0.16575625
14850,685336,0.26,0.26,18.4,200.0,0.003831976,0.1657332
14860,685808,0.28,0.28,18.0,200.0,0.003827728,0.1657096
14870,686300,0.25,0.25,17.93,200.0,0.003823299999999999,0.165685
14880,686742,0.25,0.25,17.97,200.0,0.003819322,0.1656629
14890,687208,0.23,0.23,18.01,200.0,0.0038151279999999992,0.1656396
14900,687692,0.21,0.21,17.93,200.0,0.0038107719999999996,0.1656154
14910,688183,0.21,0.21,17.66,200.0,0.0038063529999999993,0.16559085
14920,688637,0.15,0.15,17.63,200.0,0.003802266999999999,0.16556815
14930,689105,0.18,0.18,17.77,200.0,0.003798055,0.16554475000000002
14940,689577,0.15,0.15,18.04,200.0,0.0037938069999999997,0.16552115
14950,690012,0.19,0.19,17.63,200.0,0.0037898919999999996,0.16549940000000002
14960,690487,0.19,0.19,17.83,200.0,0.003785617,0.16547565
14970,690936,0.2,0.2,17.69,200.0,0.003781575999999999,0.1654532
14980,691416,0.24,0.24,18.04,200.0,0.003777255999999999,0.1654292
14990,691863,0.24,0.24,18.15,200.0,0.003773232999999999,0.16540685
15000,692313,0.24,0.24,18.16,200.0,0.0037691829999999997,0.16538435
15010,692794,0.24,0.24,18.26,200.0,0.003764853999999999,0.16536030000000002
15020,693262,0.24,0.24,17.94,200.0,0.003760641999999999,0.1653369
15030,693742,0.22,0.22,18.04,200.0,0.0037563219999999994,0.16531289999999998
15040,694180,0.21,0.21,18.04,200.0,0.0037523799999999996,0.165291
15050,694636,0.19,0.19,18.02,200.0,0.003748275999999999,0.1652682
15060,695115,0.18,0.18,18.12,200.0,0.0037439649999999993,0.16524424999999998
15070,695592,0.16,0.16,18.12,200.0,0.0037396719999999994,0.1652204
15080,696067,0.13,0.13,18.25,200.0,0.0037353969999999997,0.16519665
15090,696505,0.16,0.16,18.32,200.0,0.003731454999999999,0.16517474999999998
15100,696958,0.16,0.16,18.59,200.0,0.003727378,0.1651521
15110,697441,0.14,0.14,18.59,200.0,0.003723031,0.16512795
15120,697895,0.15,0.15,18.86,200.0,0.0037189449999999987,0.16510524999999998
15130,698379,0.16,0.16,18.45,200.0,0.003714589,0.16508105
15140,698864,0.17,0.17,18.38,200.0,0.003710223999999999,0.1650568
15150,699338,0.18,0.18,19.14,200.0,0.0037059579999999996,0.1650331
15160,699819,0.19,0.19,19.02,200.0,0.0037016289999999997,0.16500905
15170,700294,0.24,0.24,19.19,200.0,0.003697354,0.1649853
15180,700755,0.24,0.24,19.21,200.0,0.003693204999999999,0.16496225
15190,701226,0.21,0.21,19.21,200.0,0.0036889659999999993,0.1649387
15200,701710,0.22,0.22,19.03,200.0,0.0036846099999999996,0.16491450000000002
15210,702210,0.24,0.24,19.5,200.0,0.0036801099999999995,0.1648895
15220,702691,0.23,0.23,19.49,200.0,0.0036757809999999995,0.16486545
15230,703158,0.22,0.22,19.12,200.0,0.003671578,0.1648421
15240,703600,0.22,0.22,19.09,200.0,0.003667599999999999,0.16482
15250,704057,0.22,0.22,19.04,200.0,0.003663486999999999,0.16479715
15260,704514,0.23,0.23,19.18,200.0,0.003659374,0.16477429999999998
15270,705002,0.21,0.21,18.96,200.0,0.0036549819999999993,0.1647499
15280,705485,0.2,0.2,18.74,200.0,0.0036506349999999993,0.16472575
15290,705984,0.21,0.21,18.48,200.0,0.0036461439999999996,0.1647008
15300,706446,0.18,0.18,18.48,200.0,0.003641985999999999,0.16467769999999998
15310,706908,0.19,0.19,18.42,200.0,0.003637828,0.16465459999999998
15320,707397,0.22,0.22,18.73,200.0,0.003633426999999999,0.16463015
15330,707871,0.23,0.23,18.98,200.0,0.003629160999999999,0.16460645000000002
15340,708336,0.22,0.22,18.98,200.0,0.0036249759999999994,0.16458319999999999
15350,708814,0.2,0.2,19.14,200.0,0.003620673999999999,0.1645593
15360,709274,0.21,0.21,18.62,200.0,0.0036165340000000002,0.1645363
15370,709711,0.18,0.18,18.62,200.0,0.003612601,0.16451445
15380,710186,0.18,0.18,18.61,200.0,0.0036083259999999994,0.1644907
15390,710635,0.16,0.16,18.61,200.0,0.0036042849999999996,0.16446824999999998
15400,711084,0.16,0.16,18.61,200.0,0.003600243999999999,0.1644458
15410,711565,0.15,0.15,18.28,200.0,0.003595914999999999,0.16442175
15420,712025,0.13,0.13,18.59,200.0,0.0035917749999999993,0.16439874999999998
15430,712510,0.14,0.14,18.28,200.0,0.00358741,0.1643745
15440,712992,0.15,0.15,18.23,200.0,0.0035830719999999996,0.1643504
15450,713422,0.15,0.15,18.49,200.0,0.003579201999999999,0.1643289
15460,713870,0.11,0.11,18.49,200.0,0.003575169999999999,0.1643065
15470,714365,0.14,0.14,18.61,200.0,0.0035707149999999995,0.16428175
15480,714813,0.16,0.16,18.63,200.0,0.0035666829999999993,0.16425935
15490,715258,0.2,0.2,19.34,200.0,0.0035626779999999997,0.1642371
15500,715704,0.23,0.23,19.36,200.0,0.0035586639999999996,0.1642148
15510,716198,0.23,0.23,19.6,200.0,0.0035542179999999996,0.1641901
15520,716655,0.23,0.23,19.49,200.0,0.0035501049999999987,0.16416725
15530,717155,0.22,0.22,19.27,200.0,0.0035456049999999994,0.16414225
15540,717638,0.24,0.24,19.69,200.0,0.0035412579999999994,0.1641181
15550,718110,0.24,0.24,19.78,200.0,0.0035370099999999993,0.1640945
15560,718592,0.28,0.28,20.11,200.0,0.0035326719999999997,0.1640704
15570,719077,0.28,0.28,20.71,200.0,0.0035283069999999996,0.16404615
15580,719531,0.27,0.27,20.53,200.0,0.0035242209999999993,0.16402345
15590,720031,0.26,0.26,20.58,200.0,0.003519721,0.16399845
15600,720502,0.27,0.27,20.67,200.0,0.0035154819999999995,0.1639749
15610,720970,0.28,0.28,20.67,200.0,0.0035112699999999995,0.1639515
15620,721445,0.3,0.3,20.55,200.0,0.0035069949999999997,0.16392774999999998
15630,721894,0.32,0.32,20.22,200.0,0.003502953999999999,0.1639053
15640,722394,0.31,0.31,19.73,200.0,0.003498454,0.1638803
15650,722802,0.35,0.35,19.83,200.0,0.003494782,0.1638599
15660,723282,0.35,0.35,19.91,200.0,0.0034904619999999997,0.1638359
15670,723774,0.34,0.34,20.36,200.0,0.003486033999999999,0.1638113
15680,724260,0.34,0.34,20.34,200.0,0.0034816599999999993,0.163787
15690,724752,0.33,0.33,20.59,200.0,0.0034772320000000002,0.1637624
15700,725228,0.31,0.31,20.25,200.0,0.003472948,0.1637386
15710,725723,0.3,0.3,20.54,200.0,0.0034684929999999996,0.16371385
15720,726147,0.3,0.3,20.86,200.0,0.0034646769999999993,0.16369265
15730,726571,0.27,0.27,20.79,200.0,0.003460861,0.16367145
15740,727048,0.26,0.26,20.75,200.0,0.0034565679999999993,0.1636476
15750,727499,0.22,0.22,20.75,200.0,0.0034525089999999994,0.16362505
15760,727941,0.22,0.22,20.74,200.0,0.0034485309999999995,0.16360295
15770,728423,0.2,0.2,20.74,200.0,0.003444192999999999,0.16357885
15780,728881,0.19,0.19,20.8,200.0,0.0034400709999999994,0.16355595
15790,729305,0.21,0.21,20.92,200.0,0.003436255,0.16353475
15800,729753,0.19,0.19,20.92,200.0,0.003432223,0.16351235
15810,730228,0.18,0.18,20.8,200.0,0.0034279479999999992,0.16348859999999998
15820,730680,0.15,0.15,20.89,200.0,0.00342388,0.163466
15830,731173,0.15,0.15,21.09,200.0,0.0034194429999999994,0.16344134999999999
15840,731606,0.17,0.17,21.6,200.0,0.0034155459999999993,0.1634197
15850,732086,0.19,0.19,22.22,200.0,0.003411225999999999,0.1633957
15860,732543,0.15,0.15,22.22,200.0,0.003407112999999999,0.16337285
15870,733028,0.16,0.16,22.1,200.0,0.0034027479999999997,0.1633486
15880,733499,0.16,0.16,21.98,200.0,0.003398508999999999,0.16332505
15890,733953,0.13,0.13,21.64,200.0,0.0033944229999999997,0.16330234999999999
15900,734403,0.15,0.15,21.86,200.0,0.0033903729999999995,0.16327985
15910,734871,0.16,0.16,22.0,200.0,0.0033861609999999986,0.16325645
15920,735371,0.17,0.17,22.14,200.0,0.0033816609999999993,0.16323145
15930,735819,0.16,0.16,22.19,200.0,0.003377628999999999,0.16320905
15940,736306,0.16,0.16,22.28,200.0,0.003373245999999999,0.1631847
15950,736756,0.16,0.16,21.68,200.0,0.0033691959999999996,0.1631622
15960,737210,0.17,0.17,21.64,200.0,0.0033651099999999993,0.1631395
15970,737696,0.2,0.2,21.95,200.0,0.0033607359999999996,0.1631152
15980,738170,0.2,0.2,21.76,200.0,0.0033564699999999994,0.1630915
15990,738619,0.21,0.21,21.63,200.0,0.003352428999999999,0.16306905
16000,739085,0.2,0.2,21.69,200.0,0.0033482349999999998,0.16304575
16010,739546,0.2,0.2,21.37,200.0,0.0033440859999999987,0.1630227
16020,739993,0.2,0.2,21.49,200.0,0.003340062999999999,0.16300035
16030,740443,0.24,0.24,20.59,200.0,0.0033360129999999997,0.16297785
16040,740928,0.24,0.24,20.04,200.0,0.0033316479999999996,0.1629536
16050,741377,0.22,0.22,20.33,200.0,0.003327607,0.16293115
16060,741821,0.23,0.23,20.15,200.0,0.0033236109999999998,0.16290895
16070,742308,0.22,0.22,20.04,200.0,0.0033192279999999996,0.1628846
16080,742793,0.21,0.21,20.04,200.0,0.0033148629999999995,0.16286035
16090,743248,0.22,0.22,19.85,200.0,0.0033107679999999995,0.1628376
16100,743696,0.22,0.22,19.79,200.0,0.0033067359999999994,0.1628152
16110,744181,0.24,0.24,19.71,200.0,0.0033023709999999993,0.16279095
16120,744670,0.22,0.22,19.71,200.0,0.003297969999999999,0.16276649999999998
16130,745143,0.18,0.18,19.99,200.0,0.0032937129999999993,0.16274285
16140,745641,0.16,0.16,20.01,200.0,0.0032892309999999992,0.16271795
16150,746114,0.16,0.16,20.06,200.0,0.0032849739999999987,0.1626943
16160,746594,0.16,0.16,20.1,200.0,0.003280654,0.1626703
16170,747051,0.14,0.14,20.24,200.0,0.003276540999999999,0.16264745
16180,747529,0.16,0.16,20.78,200.0,0.0032722389999999997,0.16262355
16190,747997,0.14,0.14,20.77,200.0,0.003268026999999999,0.16260015
16200,748480,0.14,0.14,20.69,200.0,0.003263679999999999,0.162576
16210,748955,0.13,0.13,20.79,200.0,0.003259404999999999,0.16255225
16220,749419,0.14,0.14,20.77,200.0,0.003255229,0.16252905
16230,749919,0.13,0.13,20.77,200.0,0.003250728999999999,0.16250405
16240,750403,0.15,0.15,21.19,200.0,0.0032463729999999994,0.16247984999999998
16250,750855,0.16,0.16,21.14,200.0,0.003242304999999999,0.16245725
16260,751290,0.16,0.16,21.13,200.0,0.003238389999999999,0.1624355
16270,751741,0.17,0.17,21.55,200.0,0.003234330999999999,0.16241295
16280,752211,0.19,0.19,21.3,200.0,0.003230101,0.16238945
16290,752652,0.21,0.21,21.46,200.0,0.0032261319999999996,0.1623674
16300,753152,0.21,0.21,21.62,200.0,0.0032216319999999994,0.1623424
16310,753632,0.18,0.18,21.62,200.0,0.003217312,0.1623184
16320,754101,0.21,0.21,21.81,200.0,0.0032130909999999995,0.16229495
16330,754574,0.22,0.22,21.66,200.0,0.003208834,0.1622713
16340,755012,0.19,0.19,21.66,200.0,0.003204891999999999,0.1622494
16350,755441,0.17,0.17,21.66,200.0,0.003201030999999999,0.16222795
16360,755905,0.2,0.2,21.09,200.0,0.0031968549999999993,0.16220475
16370,756372,0.23,0.23,21.17,200.0,0.003192651999999999,0.1621814
16380,756846,0.22,0.22,20.65,200.0,0.0031883859999999997,0.1621577
16390,757289,0.21,0.21,19.94,200.0,0.003184398999999999,0.16213555
16400,757732,0.21,0.21,20.02,200.0,0.0031804119999999996,0.1621134
16410,758205,0.21,0.21,20.02,200.0,0.003176154999999999,0.16208975
16420,758663,0.18,0.18,20.13,200.0,0.0031720329999999995,0.16206684999999998
16430,759144,0.21,0.21,20.54,200.0,0.0031677039999999986,0.1620428
16440,759581,0.24,0.24,20.0,200.0,0.003163771,0.16202095
16450,760040,0.27,0.27,19.61,200.0,0.003159639999999999,0.161998
16460,760489,0.22,0.22,19.61,200.0,0.0031555989999999994,0.16197555
16470,760945,0.18,0.18,19.43,200.0,0.003151495,0.16195275
16480,761389,0.17,0.17,19.73,200.0,0.0031474989999999998,0.16193055
16490,761857,0.16,0.16,19.78,200.0,0.003143286999999999,0.16190715
16500,762323,0.18,0.18,19.8,200.0,0.003139093,0.16188385
16510,762821,0.22,0.22,19.7,200.0,0.003134611,0.16185895
16520,763279,0.23,0.23,19.3,200.0,0.0031304889999999993,0.16183605
16530,763758,0.21,0.21,19.71,200.0,0.0031261779999999986,0.1618121
16540,764246,0.19,0.19,19.72,200.0,0.0031217859999999997,0.1617877
16550,764714,0.22,0.22,20.03,200.0,0.0031175739999999997,0.1617643
16560,765209,0.24,0.24,20.2,200.0,0.0031131189999999993,0.16173955
16570,765662,0.24,0.24,20.22,200.0,0.0031090420000000002,0.1617169
16580,766107,0.24,0.24,20.31,200.0,0.0031050369999999997,0.16169465
16590,766561,0.25,0.25,20.44,200.0,0.0031009509999999994,0.16167195
16600,767048,0.23,0.23,20.51,200.0,0.003096568,0.1616476
16610,767519,0.2,0.2,20.74,200.0,0.0030923289999999996,0.16162405
16620,767988,0.19,0.19,20.85,200.0,0.003088107999999999,0.16160059999999998
16630,768475,0.19,0.19,21.21,200.0,0.003083724999999999,0.16157625
16640,768964,0.21,0.21,21.48,200.0,0.0030793239999999996,0.1615518
16650,769449,0.2,0.2,21.86,200.0,0.0030749589999999986,0.16152755
16660,769933,0.22,0.22,21.85,200.0,0.003070603,0.16150335
16670,770407,0.21,0.21,21.85,200.0,0.0030663369999999997,0.16147965
16680,770862,0.23,0.23,21.72,200.0,0.003062241999999999,0.1614569
16690,771346,0.25,0.25,21.51,200.0,0.0030578859999999992,0.16143269999999998
16700,771790,0.27,0.27,21.38,200.0,0.003053889999999999,0.1614105
16710,772266,0.26,0.26,21.38,200.0,0.003049605999999999,0.1613867
16720,772734,0.25,0.25,21.38,200.0,0.003045393999999999,0.1613633
16730,773214,0.24,0.24,21.12,200.0,0.0030410739999999995,0.1613393
16740,773671,0.24,0.24,20.65,200.0,0.0030369609999999995,0.16131645
16750,774126,0.21,0.21,20.17,200.0,0.0030328659999999995,0.16129369999999998
16760,774543,0.18,0.18,20.2,200.0,0.003029113,0.16127285
16770,775043,0.21,0.21,19.62,200.0,0.003024612999999999,0.16124785
16780,775498,0.18,0.18,19.97,200.0,0.003020517999999999,0.1612251
16790,775974,0.18,0.18,19.61,200.0,0.0030162339999999987,0.1612013
16800,776447,0.15,0.15,19.61,200.0,0.003011976999999999,0.16117765
16810,776915,0.16,0.16,19.79,200.0,0.003007764999999999,0.16115425
16820,777382,0.19,0.19,19.64,200.0,0.0030035619999999996,0.1611309
16830,777816,0.19,0.19,19.26,200.0,0.002999656,0.1611092
16840,778272,0.17,0.17,19.31,200.0,0.0029955519999999994,0.1610864
16850,778728,0.17,0.17,19.44,200.0,0.002991448,0.1610636
16860,779173,0.18,0.18,19.77,200.0,0.0029874429999999993,0.16104135
16870,779634,0.17,0.17,20.11,200.0,0.002983293999999999,0.1610183
16880,780107,0.18,0.18,19.79,200.0,0.0029790369999999995,0.16099465
16890,780536,0.18,0.18,19.85,200.0,0.0029751759999999995,0.16097319999999998
16900,781005,0.19,0.19,19.92,200.0,0.002970955,0.16094975
16910,781478,0.18,0.18,19.92,200.0,0.0029666979999999994,0.1609261
16920,781935,0.17,0.17,19.86,200.0,0.0029625849999999994,0.16090325
16930,782390,0.17,0.17,20.14,200.0,0.0029584899999999994,0.16088049999999998
16940,782868,0.18,0.18,20.04,200.0,0.002954187999999999,0.1608566
16950,783311,0.18,0.18,19.96,200.0,0.0029502009999999995,0.16083445
16960,783776,0.19,0.19,20.2,200.0,0.0029460159999999992,0.1608112
16970,784239,0.17,0.17,20.2,200.0,0.002941848999999999,0.16078805
16980,784712,0.17,0.17,20.17,200.0,0.0029375919999999993,0.1607644
16990,785178,0.15,0.15,19.88,200.0,0.0029333979999999994,0.1607411
17000,785610,0.17,0.17,19.8,200.0,0.002929509999999999,0.1607195
17010,786066,0.19,0.19,19.73,200.0,0.0029254059999999993,0.1606967
17020,786544,0.2,0.2,19.52,200.0,0.002921103999999999,0.1606728
17030,787017,0.19,0.19,19.52,200.0,0.0029168469999999993,0.16064915
17040,787440,0.17,0.17,19.52,200.0,0.0029130399999999987,0.160628
17050,787931,0.17,0.17,19.76,200.0,0.0029086209999999993,0.16060344999999998
17060,788382,0.17,0.17,19.82,200.0,0.0029045619999999994,0.1605809
17070,788858,0.18,0.18,20.09,200.0,0.002900278,0.1605571
17080,789335,0.16,0.16,20.09,200.0,0.0028959849999999994,0.16053325
17090,789830,0.19,0.19,20.24,200.0,0.002891529999999999,0.1605085
17100,790298,0.17,0.17,20.32,200.0,0.002887318,0.1604851
17110,790734,0.16,0.16,20.4,200.0,0.002883393999999999,0.1604633
17120,791215,0.15,0.15,20.04,200.0,0.0028790649999999992,0.16043925
17130,791665,0.17,0.17,19.77,200.0,0.002875015,0.16041675
17140,792150,0.18,0.18,19.81,200.0,0.002870649999999999,0.1603925
17150,792645,0.18,0.18,19.42,200.0,0.0028661949999999993,0.16036775
17160,793107,0.17,0.17,19.12,200.0,0.0028620369999999996,0.16034465
17170,793576,0.2,0.2,18.72,200.0,0.002857816,0.1603212
17180,794004,0.21,0.21,18.52,200.0,0.0028539639999999988,0.1602998
17190,794450,0.16,0.16,18.52,200.0,0.0028499499999999995,0.1602775
17200,794886,0.17,0.17,18.85,200.0,0.0028460259999999998,0.1602557
17210,795357,0.17,0.17,18.48,200.0,0.0028417869999999993,0.16023215
17220,795833,0.17,0.17,18.17,200.0,0.002837502999999999,0.16020835
17230,796311,0.15,0.15,18.17,200.0,0.0028332009999999996,0.16018445
17240,796801,0.17,0.17,17.9,200.0,0.0028287909999999998,0.16015995
17250,797272,0.17,0.17,17.96,200.0,0.0028245519999999993,0.1601364
17260,797749,0.19,0.19,17.59,200.0,0.0028202589999999986,0.16011255
17270,798198,0.15,0.15,17.59,200.0,0.0028162179999999997,0.1600901
17280,798653,0.18,0.18,17.2,200.0,0.0028121229999999997,0.16006735
17290,799114,0.22,0.22,17.38,200.0,0.0028079739999999995,0.1600443
17300,799578,0.25,0.25,17.12,200.0,0.002803797999999999,0.1600211
17310,800049,0.26,0.26,17.31,200.0,0.002799558999999999,0.15999755
17320,800501,0.26,0.26,17.48,200.0,0.002795490999999999,0.15997495
17330,800975,0.28,0.28,17.57,200.0,0.0027912249999999996,0.15995125
17340,801448,0.27,0.27,17.79,200.0,0.002786967999999999,0.1599276
17350,801919,0.27,0.27,17.84,200.0,0.0027827289999999985,0.15990405
17360,802399,0.24,0.24,17.89,200.0,0.002778409,0.15988005
17370,802888,0.26,0.26,17.45,200.0,0.002774007999999999,0.1598556
17380,803378,0.25,0.25,17.81,200.0,0.002769597999999999,0.1598311
17390,803839,0.23,0.23,17.48,200.0,0.0027654489999999997,0.15980805
17400,804290,0.18,0.18,17.48,200.0,0.00276139,0.1597855
17410,804734,0.18,0.18,17.63,200.0,0.002757394,0.1597633
17420,805174,0.17,0.17,17.73,200.0,0.002753434,0.1597413
17430,805614,0.15,0.15,17.73,200.0,0.002749473999999999,0.1597193
17440,806099,0.17,0.17,17.6,200.0,0.002745108999999999,0.15969505
17450,806575,0.16,0.16,17.45,200.0,0.002740824999999999,0.15967125
17460,807029,0.18,0.18,17.53,200.0,0.0027367389999999993,0.15964855
17470,807521,0.18,0.18,17.7,200.0,0.0027323109999999986,0.15962395
17480,808015,0.15,0.15,17.7,200.0,0.0027278649999999986,0.15959925
17490,808478,0.16,0.16,17.51,200.0,0.0027236979999999992,0.1595761
17500,808973,0.18,0.18,17.54,200.0,0.002719242999999999,0.15955134999999998
17510,809447,0.18,0.18,17.21,200.0,0.0027149769999999995,0.15952765
17520,809899,0.2,0.2,16.94,200.0,0.002710908999999999,0.15950504999999998
17530,810398,0.24,0.24,16.83,200.0,0.0027064179999999995,0.1594801
17540,810851,0.21,0.21,16.85,200.0,0.0027023409999999996,0.15945745
17550,811337,0.23,0.23,16.97,200.0,0.002697967,0.15943315
17560,811789,0.24,0.24,17.15,200.0,0.0026938989999999996,0.15941054999999998
17570,812278,0.23,0.23,17.07,200.0,0.0026894980000000002,0.1593861
17580,812742,0.26,0.26,16.86,200.0,0.0026853219999999995,0.1593629
17590,813165,0.24,0.24,17.14,200.0,0.002681514999999999,0.15934175
17600,813635,0.27,0.27,16.72,200.0,0.0026772849999999997,0.15931825
17610,814086,0.3,0.3,16.53,200.0,0.002673226,0.15929569999999998
17620,814560,0.3,0.3,16.88,200.0,0.0026689599999999997,0.159272
17630,815059,0.29,0.29,16.81,200.0,0.002664468999999999,0.15924705
17640,815535,0.31,0.31,16.46,200.0,0.002660184999999999,0.15922324999999998
17650,816015,0.28,0.28,16.46,200.0,0.0026558649999999986,0.15919925
17660,816450,0.26,0.26,16.83,200.0,0.0026519499999999993,0.1591775
17670,816929,0.27,0.27,16.81,200.0,0.0026476389999999994,0.15915355
17680,817390,0.26,0.26,16.62,200.0,0.00264349,0.1591305
17690,817881,0.29,0.29,16.74,200.0,0.0026390709999999998,0.15910595
17700,818326,0.26,0.26,16.98,200.0,0.0026350659999999993,0.1590837
17710,818789,0.22,0.22,16.89,200.0,0.002630898999999999,0.15906055
17720,819248,0.21,0.21,16.95,200.0,0.002626768,0.1590376
17730,819719,0.18,0.18,16.95,200.0,0.0026225289999999993,0.15901405
17740,820205,0.16,0.16,17.03,200.0,0.0026181549999999996,0.15898974999999999
17750,820664,0.17,0.17,17.07,200.0,0.0026140239999999995,0.1589668
17760,821133,0.17,0.17,17.24,200.0,0.002609802999999999,0.15894334999999998
17770,821579,0.17,0.17,17.18,200.0,0.002605789,0.15892105
17780,822056,0.17,0.17,17.33,200.0,0.002601495999999999,0.1588972
17790,822534,0.15,0.15,17.39,200.0,0.0025971939999999997,0.1588733
17800,822957,0.14,0.14,17.45,200.0,0.002593386999999999,0.15885215
17810,823427,0.14,0.14,17.55,200.0,0.002589156999999999,0.15882865
17820,823892,0.14,0.14,17.74,200.0,0.0025849719999999996,0.15880539999999999
17830,824368,0.14,0.14,17.74,200.0,0.0025806879999999994,0.1587816
17840,824825,0.14,0.14,17.73,200.0,0.0025765749999999994,0.15875875
17850,825289,0.14,0.14,17.54,200.0,0.0025723989999999987,0.15873555
17860,825757,0.15,0.15,17.52,200.0,0.0025681869999999996,0.15871215
17870,826207,0.16,0.16,17.36,200.0,0.0025641369999999993,0.15868965
17880,826682,0.17,0.17,17.1,200.0,0.0025598619999999987,0.1586659
17890,827148,0.15,0.15,17.1,200.0,0.0025556679999999997,0.1586426
17900,827600,0.19,0.19,17.05,200.0,0.0025515999999999994,0.15861999999999998
17910,828064,0.18,0.18,17.05,200.0,0.0025474239999999995,0.15859679999999998
17920,828559,0.18,0.18,17.29,200.0,0.002542968999999999,0.15857205
17930,829019,0.24,0.24,16.87,200.0,0.0025388289999999994,0.15854905
17940,829470,0.26,0.26,17.08,200.0,0.0025347699999999987,0.1585265
17950,829950,0.28,0.28,16.95,200.0,0.00253045,0.1585025
17960,830431,0.27,0.27,16.72,200.0,0.0025261209999999992,0.15847845
17970,830900,0.26,0.26,16.65,200.0,0.0025218999999999997,0.158455
17980,831382,0.26,0.26,16.71,200.0,0.002517562,0.15843089999999999
17990,831829,0.26,0.26,16.71,200.0,0.0025135389999999987,0.15840854999999998
18000,832305,0.25,0.25,16.53,200.0,0.0025092549999999993,0.15838475
18010,832766,0.3,0.3,16.3,200.0,0.002505105999999999,0.1583617
18020,833194,0.3,0.3,16.52,200.0,0.0025012539999999996,0.1583403
18030,833671,0.24,0.24,16.52,200.0,0.002496960999999999,0.15831645
18040,834125,0.25,0.25,16.44,200.0,0.0024928749999999994,0.15829375
18050,834625,0.23,0.23,16.57,200.0,0.002488375,0.15826875
18060,835109,0.22,0.22,16.45,200.0,0.0024840189999999996,0.15824454999999998
18070,835566,0.22,0.22,16.91,200.0,0.0024799059999999987,0.1582217
18080,836038,0.2,0.2,16.7,200.0,0.0024756579999999995,0.1581981
18090,836512,0.21,0.21,16.65,200.0,0.0024713919999999993,0.1581744
18100,836965,0.2,0.2,16.51,200.0,0.0024673149999999994,0.15815175
18110,837455,0.18,0.18,16.57,200.0,0.0024629049999999996,0.15812725
18120,837914,0.19,0.19,16.41,200.0,0.0024587739999999986,0.1581043
18130,838310,0.19,0.19,16.41,200.0,0.0024552099999999993,0.1580845
18140,838759,0.16,0.16,16.32,200.0,0.0024511689999999987,0.15806205
18150,839222,0.19,0.19,16.43,200.0,0.0024470019999999993,0.15803889999999998
18160,839695,0.21,0.21,16.6,200.0,0.0024427449999999996,0.15801525
18170,840191,0.2,0.2,16.47,200.0,0.0024382809999999987,0.15799045
18180,840690,0.22,0.22,16.89,200.0,0.002433789999999999,0.15796549999999998
18190,841143,0.22,0.22,16.95,200.0,0.002429712999999999,0.15794285
18200,841635,0.22,0.22,17.06,200.0,0.0024252849999999992,0.15791824999999998
18210,842073,0.2,0.2,17.05,200.0,0.0024213429999999994,0.15789635
18220,842530,0.19,0.19,17.22,200.0,0.0024172299999999994,0.1578735
18230,843008,0.21,0.21,16.95,200.0,0.002412927999999999,0.1578496
18240,843474,0.24,0.24,16.64,200.0,0.002408734,0.1578263
18250,843929,0.21,0.21,16.51,200.0,0.002404638999999999,0.15780355
18260,844394,0.19,0.19,16.51,200.0,0.0024004539999999998,0.15778029999999998
18270,844876,0.27,0.27,16.51,200.0,0.0023961159999999994,0.1577562
18280,845354,0.28,0.28,16.13,200.0,0.002391813999999999,0.1577323
18290,845825,0.3,0.3,16.22,200.0,0.0023875749999999986,0.15770875
18300,846278,0.29,0.29,16.16,200.0,0.0023834979999999995,0.1576861
18310,846735,0.31,0.31,16.37,200.0,0.0023793849999999995,0.15766325
18320,847232,0.34,0.34,16.56,200.0,0.002374912,0.1576384
18330,847677,0.35,0.35,16.62,200.0,0.0023709069999999994,0.15761615
18340,848133,0.32,0.32,16.65,200.0,0.002366802999999999,0.15759335
18350,848602,0.32,0.32,16.66,200.0,0.0023625819999999994,0.15756989999999998
18360,849061,0.33,0.33,16.52,200.0,0.002358451,0.15754695
18370,849541,0.24,0.24,16.52,200.0,0.0023541309999999998,0.15752295
18380,850015,0.22,0.22,16.31,200.0,0.0023498649999999996,0.15749925
18390,850500,0.21,0.21,16.35,200.0,0.0023454999999999986,0.157475
18400,850941,0.21,0.21,16.14,200.0,0.002341531,0.15745295
18410,851415,0.18,0.18,16.14,200.0,0.002337264999999999,0.15742925
18420,851890,0.15,0.15,16.21,200.0,0.002332989999999999,0.1574055
18430,852343,0.12,0.12,16.21,200.0,0.0023289129999999993,0.15738285
18440,852810,0.16,0.16,16.25,200.0,0.00232471,0.15735949999999999
18450,853290,0.19,0.19,16.2,200.0,0.0023203899999999994,0.1573355
18460,853770,0.22,0.22,16.38,200.0,0.002316069999999999,0.1573115
18470,854265,0.25,0.25,16.82,200.0,0.0023116149999999986,0.15728675
18480,854751,0.26,0.26,17.35,200.0,0.002307240999999999,0.15726245
18490,855216,0.24,0.24,17.35,200.0,0.0023030559999999995,0.1572392
18500,855675,0.23,0.23,17.45,200.0,0.0022989249999999994,0.15721625
18510,856169,0.26,0.26,18.23,200.0,0.0022944789999999994,0.15719155
18520,856647,0.26,0.26,17.66,200.0,0.002290176999999999,0.15716765
18530,857101,0.29,0.29,17.63,200.0,0.0022860909999999996,0.15714495
18540,857597,0.29,0.29,17.48,200.0,0.0022816269999999987,0.15712015
18550,858035,0.26,0.26,17.53,200.0,0.0022776849999999998,0.15709825
18560,858470,0.22,0.22,17.56,200.0,0.0022737699999999996,0.1570765
18570,858924,0.22,0.22,17.71,200.0,0.0022696839999999992,0.1570538
18580,859373,0.21,0.21,17.82,200.0,0.0022656429999999986,0.15703135
18590,859868,0.23,0.23,17.85,200.0,0.002261188,0.1570066
18600,860341,0.22,0.22,17.85,200.0,0.0022569309999999993,0.15698295
18610,860809,0.21,0.21,17.64,200.0,0.0022527189999999985,0.15695955
18620,861304,0.21,0.21,17.67,200.0,0.002248264,0.15693479999999999
18630,861782,0.2,0.2,17.49,200.0,0.0022439619999999987,0.1569109
18640,862269,0.16,0.16,17.84,200.0,0.0022395789999999994,0.15688655
18650,862694,0.19,0.19,17.32,200.0,0.0022357539999999995,0.15686529999999999
18660,863159,0.19,0.19,17.39,200.0,0.0022315689999999992,0.15684205
18670,863636,0.17,0.17,17.44,200.0,0.0022272759999999994,0.1568182
18680,864107,0.17,0.17,17.43,200.0,0.0022230369999999998,0.15679465
18690,864575,0.15,0.15,17.43,200.0,0.002218825,0.15677125
18700,865058,0.2,0.2,17.95,200.0,0.0022144779999999998,0.1567471
18710,865518,0.21,0.21,18.49,200.0,0.002210337999999999,0.1567241
18720,865979,0.21,0.21,18.43,200.0,0.002206188999999999,0.15670105
18730,866460,0.22,0.22,18.49,200.0,0.002201859999999999,0.156677
18740,866904,0.25,0.25,18.86,200.0,0.002197863999999999,0.15665479999999998
18750,867371,0.22,0.22,18.85,200.0,0.0021936609999999995,0.15663145
18760,867815,0.23,0.23,19.37,200.0,0.0021896649999999995,0.15660925
18770,868258,0.23,0.23,19.26,200.0,0.002185678,0.1565871
18780,868714,0.23,0.23,18.99,200.0,0.0021815739999999986,0.1565643
18790,869188,0.23,0.23,18.99,200.0,0.0021773079999999993,0.1565406
18800,869672,0.21,0.21,18.92,200.0,0.002172951999999999,0.1565164
18810,870146,0.21,0.21,18.83,200.0,0.0021686859999999995,0.15649269999999998
18820,870619,0.19,0.19,18.83,200.0,0.002164428999999999,0.15646905
18830,871106,0.18,0.18,18.53,200.0,0.002160045999999999,0.1564447
18840,871558,0.16,0.16,18.67,200.0,0.0021559779999999994,0.1564221
18850,872058,0.2,0.2,19.17,200.0,0.002151478,0.1563971
18860,872535,0.2,0.2,19.37,200.0,0.0021471849999999994,0.15637325
18870,872966,0.21,0.21,19.81,200.0,0.0021433059999999993,0.15635169999999998
18880,873439,0.2,0.2,19.7,200.0,0.0021390489999999988,0.15632805
18890,873927,0.22,0.22,19.8,200.0,0.002134657,0.15630365
18900,874391,0.21,0.21,20.44,200.0,0.0021304809999999983,0.15628045
18910,874862,0.2,0.2,20.09,200.0,0.0021262419999999987,0.1562569
18920,875335,0.23,0.23,19.97,200.0,0.002121985,0.15623325
18930,875803,0.22,0.22,20.1,200.0,0.002117773,0.15620984999999998
18940,876274,0.21,0.21,20.21,200.0,0.0021135339999999985,0.1561863
18950,876760,0.2,0.2,20.63,200.0,0.002109159999999999,0.156162
18960,877226,0.19,0.19,20.48,200.0,0.0021049659999999998,0.1561387
18970,877718,0.19,0.19,20.27,200.0,0.002100537999999999,0.1561141
18980,878150,0.19,0.19,19.97,200.0,0.0020966500000000002,0.1560925
18990,878616,0.17,0.17,19.97,200.0,0.0020924559999999995,0.1560692
19000,879076,0.15,0.15,19.97,200.0,0.002088316,0.1560462
19010,879536,0.16,0.16,20.09,200.0,0.002084176,0.1560232
19020,880009,0.16,0.16,19.75,200.0,0.0020799189999999995,0.15599955
19030,880476,0.19,0.19,19.3,200.0,0.0020757159999999983,0.1559762
19040,880882,0.18,0.18,19.3,200.0,0.0020720619999999995,0.15595589999999998
19050,881345,0.17,0.17,19.92,200.0,0.0020678949999999984,0.15593275
19060,881795,0.18,0.18,19.56,200.0,0.002063845,0.15591025
19070,882248,0.19,0.19,19.58,200.0,0.0020597679999999983,0.1558876
19080,882707,0.21,0.21,19.88,200.0,0.002055636999999999,0.15586465
19090,883185,0.24,0.24,20.14,200.0,0.0020513349999999996,0.15584075
19100,883642,0.25,0.25,20.24,200.0,0.0020472219999999996,0.1558179
19110,884093,0.28,0.28,19.93,200.0,0.002043162999999999,0.15579535
19120,884538,0.27,0.27,19.82,200.0,0.0020391579999999992,0.1557731
19130,885017,0.25,0.25,19.83,200.0,0.0020348469999999994,0.15574915
19140,885461,0.3,0.3,20.08,200.0,0.0020308509999999984,0.15572695
19150,885915,0.27,0.27,20.08,200.0,0.002026765,0.15570425
19160,886372,0.26,0.26,20.24,200.0,0.002022651999999998,0.1556814
19170,886870,0.26,0.26,19.9,200.0,0.0020181699999999997,0.1556565
19180,887330,0.27,0.27,19.81,200.0,0.00201403,0.1556335
19190,887789,0.25,0.25,19.83,200.0,0.002009898999999999,0.15561055
19200,888271,0.24,0.24,19.83,200.0,0.0020055609999999995,0.15558645
19210,888723,0.19,0.19,19.61,200.0,0.0020014929999999983,0.15556385
19220,889178,0.18,0.18,19.5,200.0,0.001997397999999999,0.1555411
19230,889601,0.18,0.18,19.2,200.0,0.0019935909999999994,0.15551995
19240,890049,0.15,0.15,19.2,200.0,0.001989559,0.15549754999999998
19250,890546,0.17,0.17,19.34,200.0,0.0019850860000000005,0.1554727
19260,891026,0.19,0.19,19.37,200.0,0.001980766,0.1554487
19270,891477,0.18,0.18,19.06,200.0,0.0019767069999999994,0.15542614999999999
19280,891867,0.16,0.16,18.89,200.0,0.0019731969999999995,0.15540665
19290,892343,0.16,0.16,18.82,200.0,0.0019689129999999992,0.15538285
19300,892792,0.19,0.19,18.92,200.0,0.0019648719999999995,0.1553604
19310,893227,0.18,0.18,18.92,200.0,0.0019609569999999993,0.15533865
19320,893700,0.17,0.17,18.92,200.0,0.0019566999999999987,0.15531499999999998
19330,894183,0.18,0.18,18.82,200.0,0.0019523530000000004,0.15529085
19340,894679,0.19,0.19,19.16,200.0,0.0019478889999999995,0.15526605
19350,895152,0.17,0.17,19.16,200.0,0.001943631999999999,0.1552424
19360,895644,0.19,0.19,19.37,200.0,0.001939204,0.1552178
19370,896095,0.19,0.19,19.41,200.0,0.0019351449999999992,0.15519525
19380,896553,0.19,0.19,19.28,200.0,0.0019310229999999987,0.15517235
19390,897026,0.18,0.18,19.28,200.0,0.001926766,0.1551487
19400,897491,0.15,0.15,19.28,200.0,0.0019225809999999996,0.15512545
19410,897924,0.17,0.17,18.86,200.0,0.0019186839999999986,0.1551038
19420,898387,0.19,0.19,18.9,200.0,0.0019145169999999993,0.15508065
19430,898851,0.18,0.18,18.78,200.0,0.0019103409999999994,0.15505744999999999
19440,899330,0.16,0.16,18.42,200.0,0.0019060299999999995,0.1550335
19450,899776,0.17,0.17,18.08,200.0,0.0019020159999999994,0.1550112
19460,900238,0.14,0.14,18.13,200.0,0.0018978579999999988,0.1549881
19470,900706,0.13,0.13,17.85,200.0,0.0018936459999999988,0.1549647
19480,901195,0.15,0.15,18.03,200.0,0.0018892449999999995,0.15494025
19490,901646,0.17,0.17,17.78,200.0,0.0018851860000000005,0.1549177
19500,902120,0.18,0.18,17.83,200.0,0.0018809199999999995,0.154894
19510,902584,0.18,0.18,17.82,200.0,0.0018767439999999996,0.1548708
19520,903030,0.18,0.18,17.86,200.0,0.0018727299999999995,0.1548485
19530,903506,0.18,0.18,18.26,200.0,0.0018684459999999993,0.15482469999999998
19540,903982,0.18,0.18,18.4,200.0,0.001864161999999999,0.1548009
19550,904444,0.17,0.17,18.4,200.0,0.0018600039999999984,0.1547778
19560,904908,0.16,0.16,18.34,200.0,0.0018558279999999986,0.1547546
19570,905381,0.18,0.18,18.4,200.0,0.0018515709999999998,0.15473095
19580,905835,0.15,0.15,18.07,200.0,0.0018474849999999994,0.15470825
19590,906306,0.15,0.15,17.92,200.0,0.0018432459999999998,0.1546847
19600,906771,0.15,0.15,17.62,200.0,0.0018390609999999995,0.15466145
19610,907255,0.15,0.15,17.36,200.0,0.001834704999999999,0.15463725
19620,907715,0.13,0.13,17.36,200.0,0.0018305649999999993,0.15461425
19630,908193,0.14,0.14,17.82,200.0,0.0018262629999999998,0.15459035
19640,908641,0.16,0.16,17.59,200.0,0.0018222309999999988,0.15456795
19650,909108,0.16,0.16,17.59,200.0,0.0018180279999999993,0.1545446
19660,909552,0.17,0.17,17.65,200.0,0.0018140319999999984,0.1545224
19670,910036,0.16,0.16,17.15,200.0,0.0018096759999999996,0.1544982
19680,910502,0.18,0.18,17.52,200.0,0.0018054819999999989,0.1544749
19690,910939,0.18,0.18,17.47,200.0,0.0018015489999999995,0.15445304999999998
19700,911383,0.21,0.21,17.96,200.0,0.0017975529999999986,0.15443085
19710,911869,0.19,0.19,17.96,200.0,0.001793178999999999,0.15440655
19720,912341,0.23,0.23,17.32,200.0,0.0017889309999999988,0.15438295
19730,912810,0.22,0.22,17.2,200.0,0.0017847099999999984,0.15435949999999998
19740,913277,0.21,0.21,17.18,200.0,0.0017805069999999989,0.15433615
19750,913755,0.22,0.22,17.3,200.0,0.0017762049999999995,0.15431224999999998
19760,914231,0.25,0.25,17.69,200.0,0.0017719209999999992,0.15428845
19770,914689,0.23,0.23,17.69,200.0,0.0017677989999999987,0.15426555
19780,915161,0.24,0.24,17.43,200.0,0.0017635509999999986,0.15424195
19790,915649,0.24,0.24,17.51,200.0,0.001759158999999998,0.15421754999999998
19800,916069,0.22,0.22,17.62,200.0,0.0017553789999999996,0.15419655
19810,916544,0.25,0.25,17.34,200.0,0.0017511039999999999,0.1541728
19820,916999,0.24,0.24,17.12,200.0,0.001747008999999999,0.15415004999999998
19830,917479,0.25,0.25,17.0,200.0,0.0017426889999999987,0.15412605
19840,917931,0.24,0.24,16.94,200.0,0.0017386209999999992,0.15410345
19850,918407,0.24,0.24,17.01,200.0,0.001734336999999999,0.15407965
19860,918852,0.2,0.2,17.0,200.0,0.0017303319999999994,0.1540574
19870,919309,0.22,0.22,16.81,200.0,0.0017262189999999993,0.15403455
19880,919707,0.19,0.19,17.06,200.0,0.001722636999999999,0.15401465
19890,920173,0.19,0.19,17.02,200.0,0.0017184429999999983,0.15399135
19900,920590,0.18,0.18,16.64,200.0,0.0017146899999999996,0.1539705
19910,921040,0.16,0.16,16.77,200.0,0.0017106399999999994,0.153948
19920,921501,0.13,0.13,16.77,200.0,0.0017064909999999992,0.15392495
19930,921957,0.12,0.12,16.25,200.0,0.0017023869999999997,0.15390215
19940,922417,0.11,0.11,16.25,200.0,0.0016982469999999982,0.15387915
19950,922871,0.13,0.13,15.79,200.0,0.0016941609999999996,0.15385645
19960,923353,0.14,0.14,15.95,200.0,0.001689823,0.15383235
19970,923804,0.15,0.15,16.28,200.0,0.0016857639999999993,0.1538098
19980,924272,0.14,0.14,16.28,200.0,0.0016815519999999994,0.1537864
19990,924754,0.12,0.12,16.28,200.0,0.0016772139999999998,0.1537623
20000,925206,0.14,0.14,16.26,200.0,0.0016731459999999986,0.1537397
20010,925667,0.15,0.15,16.72,200.0,0.0016689969999999985,0.15371665
20020,926135,0.18,0.18,16.79,200.0,0.0016647849999999985,0.15369325
20030,926613,0.17,0.17,16.81,200.0,0.001660482999999999,0.15366934999999998
20040,927094,0.19,0.19,17.05,200.0,0.001656154,0.15364529999999998
20050,927569,0.17,0.17,16.9,200.0,0.0016518790000000002,0.15362155
20060,928027,0.18,0.18,16.8,200.0,0.001647756999999998,0.15359865
20070,928480,0.17,0.17,16.74,200.0,0.0016436799999999998,0.153576
20080,928942,0.22,0.22,16.5,200.0,0.0016395219999999992,0.1535529
20090,929420,0.22,0.22,16.5,200.0,0.0016352199999999997,0.153529
20100,929883,0.21,0.21,16.65,200.0,0.0016310529999999986,0.15350585
20110,930341,0.22,0.22,16.83,200.0,0.0016269309999999999,0.15348295
20120,930798,0.22,0.22,16.72,200.0,0.0016228179999999998,0.1534601
20130,931245,0.22,0.22,16.67,200.0,0.0016187949999999993,0.15343774999999998
20140,931679,0.22,0.22,16.75,200.0,0.0016148889999999996,0.15341605
20150,932175,0.23,0.23,16.58,200.0,0.0016104249999999987,0.15339125
20160,932623,0.22,0.22,16.67,200.0,0.0016063929999999994,0.15336885
20170,933103,0.22,0.22,16.86,200.0,0.001602072999999999,0.15334485
20180,933575,0.22,0.22,16.15,200.0,0.001597824999999999,0.15332125
20190,934064,0.25,0.25,16.81,200.0,0.0015934239999999995,0.1532968
20200,934535,0.26,0.26,16.97,200.0,0.001589185,0.15327325
20210,935029,0.29,0.29,17.05,200.0,0.001584739,0.15324854999999998
20220,935524,0.26,0.26,17.05,200.0,0.0015802839999999995,0.1532238
20230,935999,0.26,0.26,16.92,200.0,0.0015760089999999997,0.15320005
20240,936433,0.27,0.27,16.96,200.0,0.001572103,0.15317835
20250,936899,0.28,0.28,17.16,200.0,0.0015679089999999993,0.15315505
20260,937351,0.27,0.27,16.85,200.0,0.001563840999999998,0.15313245
20270,937819,0.27,0.27,16.72,200.0,0.0015596289999999999,0.15310905
20280,938291,0.25,0.25,17.13,200.0,0.0015553809999999998,0.15308545
20290,938722,0.24,0.24,17.4,200.0,0.0015515019999999997,0.1530639
20300,939180,0.25,0.25,17.32,200.0,0.0015473799999999992,0.15304099999999998
20310,939670,0.21,0.21,17.75,200.0,0.0015429699999999994,0.1530165
20320,940115,0.23,0.23,17.73,200.0,0.0015389649999999998,0.15299425
20330,940555,0.24,0.24,17.8,200.0,0.001535004999999999,0.15297225
20340,941051,0.21,0.21,17.8,200.0,0.0015305409999999998,0.15294744999999998
20350,941547,0.2,0.2,17.73,200.0,0.001526076999999999,0.15292265
20360,942022,0.22,0.22,17.96,200.0,0.0015218019999999992,0.1528989
20370,942508,0.24,0.24,17.88,200.0,0.0015174279999999995,0.1528746
20380,942974,0.25,0.25,17.73,200.0,0.0015132339999999987,0.1528513
20390,943430,0.23,0.23,17.73,200.0,0.0015091299999999992,0.1528285
20400,943911,0.23,0.23,17.67,200.0,0.001504801,0.15280445
20410,944411,0.23,0.23,17.44,200.0,0.001500300999999999,0.15277944999999998
20420,944880,0.23,0.23,17.49,200.0,0.0014960799999999986,0.152756
20430,945324,0.21,0.21,17.49,200.0,0.0014920839999999994,0.1527338
20440,945807,0.24,0.24,17.64,200.0,0.0014877369999999994,0.15270965
20450,946263,0.24,0.24,17.78,200.0,0.0014836329999999998,0.15268684999999999
20460,946706,0.23,0.23,17.59,200.0,0.0014796459999999994,0.1526647
20470,947196,0.2,0.2,17.7,200.0,0.0014752359999999996,0.1526402
20480,947680,0.18,0.18,17.65,200.0,0.001470879999999999,0.152616
20490,948161,0.21,0.21,18.1,200.0,0.0014665509999999982,0.15259195
20500,948627,0.18,0.18,18.1,200.0,0.0014623569999999992,0.15256865
20510,949065,0.2,0.2,17.93,200.0,0.0014584149999999994,0.15254675
20520,949561,0.21,0.21,17.98,200.0,0.0014539509999999985,0.15252195
20530,950008,0.23,0.23,17.72,200.0,0.0014499279999999996,0.1524996
20540,950508,0.21,0.21,17.82,200.0,0.0014454279999999986,0.1524746
20550,950941,0.23,0.23,17.57,200.0,0.0014415309999999994,0.15245295
20560,951376,0.22,0.22,17.88,200.0,0.0014376159999999992,0.1524312
20570,951823,0.22,0.22,17.73,200.0,0.0014335929999999986,0.15240884999999998
20580,952263,0.21,0.21,17.47,200.0,0.0014296329999999996,0.15238685
20590,952709,0.24,0.24,18.35,200.0,0.0014256189999999995,0.15236455
20600,953169,0.26,0.26,18.46,200.0,0.001421478999999998,0.15234155
20610,953602,0.25,0.25,18.58,200.0,0.0014175819999999988,0.1523199
20620,954062,0.22,0.22,18.58,200.0,0.0014134419999999991,0.1522969
20630,954523,0.22,0.22,18.5,200.0,0.001409292999999999,0.15227385
20640,955000,0.23,0.23,18.5,200.0,0.001405,0.15225
20650,955457,0.23,0.23,18.67,200.0,0.001400887,0.15222715
20660,955920,0.24,0.24,18.19,200.0,0.0013967199999999989,0.152204
20670,956390,0.23,0.23,18.19,200.0,0.0013924899999999997,0.1521805
20680,956843,0.23,0.23,18.17,200.0,0.0013884129999999998,0.15215784999999998
20690,957291,0.23,0.23,18.04,200.0,0.0013843809999999988,0.15213545
20700,957779,0.2,0.2,18.04,200.0,0.0013799889999999981,0.15211105
20710,958224,0.2,0.2,18.11,200.0,0.0013759840000000002,0.1520888
20720,958709,0.21,0.21,17.99,200.0,0.0013716189999999993,0.15206455
20730,959192,0.19,0.19,17.99,200.0,0.0013672719999999992,0.1520404
20740,959661,0.21,0.21,18.15,200.0,0.0013630509999999988,0.15201694999999998
20750,960156,0.19,0.19,18.19,200.0,0.0013585959999999984,0.1519922
20760,960601,0.19,0.19,18.23,200.0,0.0013545909999999987,0.15196995
20770,961052,0.22,0.22,17.75,200.0,0.0013505319999999998,0.1519474
20780,961494,0.21,0.21,17.75,200.0,0.0013465539999999998,0.15192529999999999
20790,961977,0.18,0.18,17.55,200.0,0.0013422069999999998,0.15190114999999998
20800,962433,0.19,0.19,17.84,200.0,0.0013381030000000002,0.15187835
20810,962918,0.17,0.17,17.92,200.0,0.0013337379999999992,0.1518541
20820,963389,0.17,0.17,17.71,200.0,0.0013294989999999979,0.15183055
20830,963864,0.19,0.19,17.14,200.0,0.0013252239999999981,0.1518068
20840,964329,0.17,0.17,17.19,200.0,0.0013210389999999995,0.15178355
20850,964820,0.18,0.18,17.11,200.0,0.0013166199999999992,0.15175899999999998
20860,965292,0.16,0.16,17.11,200.0,0.0013123719999999992,0.1517354
20870,965761,0.15,0.15,16.86,200.0,0.0013081509999999987,0.15171194999999998
20880,966225,0.2,0.2,17.1,200.0,0.0013039749999999989,0.15168874999999998
20890,966711,0.19,0.19,17.2,200.0,0.0012996009999999992,0.15166445
20900,967153,0.18,0.18,17.2,200.0,0.0012956229999999992,0.15164234999999998
20910,967650,0.22,0.22,17.54,200.0,0.0012911499999999996,0.1516175
20920,968111,0.22,0.22,17.75,200.0,0.0012870009999999994,0.15159445
20930,968526,0.22,0.22,18.08,200.0,0.001283266,0.15157369999999998
20940,969024,0.22,0.22,18.35,200.0,0.0012787839999999998,0.15154879999999998
20950,969473,0.21,0.21,18.26,200.0,0.0012747429999999983,0.15152634999999998
20960,969960,0.24,0.24,18.15,200.0,0.0012703599999999982,0.151502
20970,970414,0.22,0.22,18.15,200.0,0.0012662739999999995,0.15147929999999998
20980,970848,0.18,0.18,18.06,200.0,0.001262367999999998,0.1514576
20990,971257,0.18,0.18,17.83,200.0,0.0012586869999999997,0.15143715
21000,971751,0.19,0.19,17.78,200.0,0.0012542409999999997,0.15141244999999998
21010,972232,0.17,0.17,17.48,200.0,0.0012499119999999989,0.15138839999999998
21020,972680,0.18,0.18,17.95,200.0,0.0012458799999999996,0.151366
21030,973146,0.18,0.18,17.69,200.0,0.0012416859999999988,0.1513427
21040,973631,0.18,0.18,17.47,200.0,0.0012373209999999996,0.15131845
21050,974130,0.16,0.16,17.47,200.0,0.001232829999999999,0.1512935
21060,974596,0.15,0.15,17.55,200.0,0.0012286359999999982,0.1512702
21070,975088,0.16,0.16,17.41,200.0,0.0012242079999999992,0.15124559999999998
21080,975565,0.18,0.18,17.62,200.0,0.0012199149999999985,0.15122175
21090,976035,0.17,0.17,17.75,200.0,0.0012156849999999993,0.15119824999999998
21100,976503,0.19,0.19,17.52,200.0,0.0012114729999999994,0.15117485
21110,976961,0.19,0.19,17.28,200.0,0.0012073509999999989,0.15115194999999998
21120,977386,0.17,0.17,17.28,200.0,0.001203526,0.1511307
21130,977847,0.15,0.15,17.28,200.0,0.0011993769999999997,0.15110764999999998
21140,978336,0.18,0.18,17.27,200.0,0.0011949759999999986,0.1510832
21150,978828,0.2,0.2,17.08,200.0,0.0011905479999999996,0.1510586
21160,979313,0.19,0.19,17.02,200.0,0.0011861829999999986,0.15103434999999998
21170,979781,0.21,0.21,16.88,200.0,0.0011819709999999987,0.15101094999999998
21180,980268,0.19,0.19,17.16,200.0,0.0011775879999999985,0.1509866
21190,980759,0.2,0.2,17.06,200.0,0.0011731689999999982,0.15096205
21200,981215,0.17,0.17,17.06,200.0,0.0011690650000000004,0.15093925
21210,981715,0.18,0.18,16.56,200.0,0.0011645649999999994,0.15091425
21220,982198,0.22,0.22,16.36,200.0,0.0011602179999999993,0.1508901
21230,982668,0.24,0.24,16.24,200.0,0.0011559880000000002,0.1508666
21240,983109,0.21,0.21,16.5,200.0,0.001152018999999999,0.15084455
21250,983591,0.21,0.21,16.78,200.0,0.0011476809999999994,0.15082045
21260,984074,0.21,0.21,17.12,200.0,0.0011433339999999993,0.1507963
21270,984533,0.2,0.2,16.94,200.0,0.001139203,0.15077335
21280,984994,0.21,0.21,16.9,200.0,0.0011350539999999982,0.1507503
21290,985434,0.22,0.22,16.6,200.0,0.0011310939999999992,0.15072829999999998
21300,985891,0.24,0.24,16.66,200.0,0.0011269809999999991,0.15070545
21310,986354,0.2,0.2,16.66,200.0,0.0011228139999999998,0.1506823
21320,986844,0.18,0.18,16.45,200.0,0.0011184039999999982,0.1506578
21330,987292,0.18,0.18,16.42,200.0,0.0011143719999999989,0.1506354
21340,987727,0.17,0.17,16.53,200.0,0.0011104569999999987,0.15061365
21350,988207,0.17,0.17,16.77,200.0,0.001106137,0.15058965
21360,988706,0.16,0.16,16.77,200.0,0.0011016459999999995,0.1505647
21370,989158,0.14,0.14,16.77,200.0,0.001097578,0.1505421
21380,989611,0.13,0.13,16.99,200.0,0.0010935009999999985,0.15051945
21390,990086,0.11,0.11,17.1,200.0,0.0010892259999999987,0.1504957
21400,990554,0.11,0.11,17.17,200.0,0.0010850139999999987,0.1504723
21410,991010,0.11,0.11,17.17,200.0,0.0010809099999999992,0.1504495
21420,991474,0.1,0.1,16.88,200.0,0.0010767339999999993,0.1504263
21430,991936,0.09,0.09,16.9,200.0,0.0010725759999999987,0.1504032
21440,992404,0.1,0.1,17.2,200.0,0.0010683639999999987,0.1503798
21450,992902,0.11,0.11,17.38,200.0,0.0010638820000000004,0.1503549
21460,993316,0.13,0.13,17.39,200.0,0.0010601559999999996,0.1503342
21470,993796,0.17,0.17,17.76,200.0,0.0010558359999999992,0.1503102
21480,994260,0.17,0.17,17.86,200.0,0.0010516599999999994,0.150287
21490,994754,0.2,0.2,17.59,200.0,0.0010472139999999994,0.1502623
21500,995199,0.2,0.2,17.8,200.0,0.0010432089999999998,0.15024005
21510,995672,0.23,0.23,17.21,200.0,0.0010389519999999992,0.1502164
21520,996148,0.25,0.25,16.96,200.0,0.001034667999999999,0.1501926
21530,996624,0.29,0.29,16.91,200.0,0.0010303839999999988,0.1501688
21540,997092,0.29,0.29,17.27,200.0,0.0010261719999999988,0.15014539999999998
21550,997558,0.27,0.27,17.28,200.0,0.0010219779999999998,0.15012209999999998
21560,998020,0.27,0.27,17.28,200.0,0.0010178199999999991,0.15009899999999998
21570,998495,0.24,0.24,17.61,200.0,0.0010135449999999994,0.15007525
21580,998993,0.25,0.25,17.47,200.0,0.0010090629999999993,0.15005035
21590,999483,0.21,0.21,17.47,200.0,0.0010046529999999994,0.15002585
21600,999955,0.22,0.22,17.49,200.0,0.0010004049999999994,0.15000225
