episode,global_step,avg_reward,avg_deliveries,avg_ttfd,buffer_size,entropy_coef,clip_range
3360,167991,0.1,0.1,42.0,0.3,0.0096976162,0.19832009
3370,168491,0.1,0.1,24.0,0.75,0.0096967162,0.19831509
3380,168991,0.13333333333333333,0.13333333333333333,23.0,1.4,0.0096958162,0.19831009000000002
3390,169484,0.2,0.2,21.375,2.425,0.0096949288,0.19830516
3400,169938,0.22,0.22,21.636363636363637,3.66,0.0096941116,0.19830062
3410,170384,0.21666666666666667,0.21666666666666667,21.153846153846153,5.116666666666666,0.0096933088,0.19829616
3420,170868,0.22857142857142856,0.22857142857142856,23.625,6.4714285714285715,0.009692437600000001,0.19829132000000002
3430,171368,0.2375,0.2375,21.789473684210527,7.8875,0.0096915376,0.19828632000000002
3440,171868,0.24444444444444444,0.24444444444444444,19.863636363636363,9.277777777777779,0.0096906376,0.19828132
3450,172353,0.27,0.27,20.03846153846154,10.74,0.009689764600000001,0.19827647
3460,172836,0.28,0.28,19.75,13.38,0.0096888952,0.19827164
3470,173336,0.3,0.3,20.612903225806452,16.25,0.0096879952,0.19826664000000002
3480,173836,0.28,0.28,20.612903225806452,19.08,0.0096870952,0.19826164000000002
3490,174309,0.27,0.27,19.61764705882353,21.78,0.009686243800000001,0.19825691
3500,174809,0.28,0.28,18.94736842105263,24.59,0.0096853438,0.19825191
3510,175284,0.29,0.29,18.024390243902438,27.3,0.0096844888,0.19824716
3520,175784,0.27,0.27,18.19047619047619,30.01,0.0096835888,0.19824216
3530,176227,0.24,0.24,18.19047619047619,32.43,0.0096827914,0.19823773
3540,176716,0.24,0.24,17.933333333333334,34.76,0.0096819112,0.19823284000000002
3550,177197,0.2,0.2,17.717391304347824,36.91,0.0096810454,0.19822803
3560,177697,0.21,0.21,17.918367346938776,39.08,0.0096801454,0.19822303000000002
3570,178191,0.2,0.2,17.58823529411765,41.15,0.0096792562,0.19821809
3580,178678,0.24,0.24,17.64814814814815,43.34,0.0096783796,0.19821322000000002
3590,179165,0.23,0.23,17.553571428571427,45.64,0.009677503,0.19820835
3600,179663,0.22,0.22,17.36842105263158,47.62,0.0096766066,0.19820337000000002
3610,180148,0.23,0.23,17.266666666666666,49.53,0.0096757336,0.19819852000000002
3620,180641,0.24,0.24,16.983870967741936,51.51,0.0096748462,0.19819359
3630,181136,0.25,0.25,16.857142857142858,53.54,0.0096739552,0.19818864
3640,181636,0.26,0.26,16.70149253731343,55.69,0.0096730552,0.19818364000000002
3650,182136,0.29,0.29,16.253521126760564,57.99,0.009672155200000001,0.19817864000000002
3660,182636,0.27,0.27,16.166666666666668,60.34,0.0096712552,0.19817364
3670,183131,0.31,0.31,16.051948051948052,62.63,0.0096703642,0.19816869
3680,183627,0.28,0.28,16.166666666666668,65.06,0.0096694714,0.19816373
3690,184127,0.29,0.29,16.19753086419753,67.39,0.009668571400000001,0.19815873
3700,184619,0.26,0.26,16.19753086419753,69.84,0.0096676858,0.19815381
3710,185104,0.27,0.27,16.352941176470587,72.33,0.0096668128,0.19814896
3720,185604,0.28,0.28,16.471264367816094,74.8,0.0096659128,0.19814396
3730,186104,0.28,0.28,16.363636363636363,77.34,0.009665012800000001,0.19813896
3740,186604,0.24,0.24,16.363636363636363,79.62,0.0096641128,0.19813396
3750,187093,0.21,0.21,16.348314606741575,81.59,0.0096632326,0.19812907000000002
3760,187580,0.23,0.23,16.197802197802197,83.37,0.009662356,0.1981242
3770,188051,0.2,0.2,16.06451612903226,85.27,0.0096615082,0.19811949
3780,188541,0.23,0.23,16.03125,87.1,0.0096606262,0.19811459
3790,189035,0.24,0.24,15.96,88.96,0.009659737,0.19810965
3800,189508,0.27,0.27,16.15,90.86,0.0096588856,0.19810492000000002
3810,190005,0.24,0.24,15.83,92.51,0.009657991,0.19809995
3820,190505,0.24,0.24,15.46,93.89,0.009657091,0.19809495000000002
3830,191000,0.24,0.24,15.59,95.12,0.0096562,0.19809000000000002
3840,191472,0.26,0.26,15.33,96.32,0.0096553504,0.19808528
3850,191954,0.26,0.26,15.24,97.51,0.009654482800000001,0.19808046
3860,192438,0.25,0.25,15.22,98.54,0.0096536116,0.19807562
3870,192932,0.24,0.24,14.58,99.29,0.009652722400000001,0.19807068
3880,193425,0.22,0.22,14.47,99.74,0.009651835000000001,0.19806575
3890,193911,0.19,0.19,14.66,100.0,0.0096509602,0.19806089000000002
3900,194408,0.18,0.18,14.68,100.0,0.0096500656,0.19805592
3910,194895,0.18,0.18,14.75,100.0,0.009649189,0.19805105
3920,195392,0.21,0.21,14.46,100.0,0.0096482944,0.19804608
3930,195890,0.22,0.22,14.08,100.0,0.009647398,0.1980411
3940,196374,0.23,0.23,13.82,100.0,0.0096465268,0.19803626000000002
3950,196861,0.24,0.24,13.84,100.0,0.0096456502,0.19803139
3960,197361,0.24,0.24,13.89,100.0,0.0096447502,0.19802639
3970,197846,0.23,0.23,13.63,100.0,0.0096438772,0.19802154000000002
3980,198331,0.25,0.25,13.86,100.0,0.0096430042,0.19801669000000002
3990,198831,0.29,0.29,14.05,100.0,0.0096421042,0.19801169000000002
4000,199300,0.28,0.28,14.11,100.0,0.00964126,0.19800700000000002
4010,199800,0.3,0.3,13.84,100.0,0.00964036,0.198002
4020,200282,0.26,0.26,14.21,100.0,0.0096394924,0.19799718000000002
4030,200775,0.25,0.25,14.22,100.0,0.009638605,0.19799225
4040,201254,0.24,0.24,13.91,100.0,0.0096377428,0.19798746
4050,201709,0.23,0.23,13.92,100.0,0.0096369238,0.19798291
4060,202209,0.21,0.21,13.92,100.0,0.0096360238,0.19797791
4070,202700,0.23,0.23,13.63,100.0,0.00963514,0.197973
4080,203200,0.23,0.23,13.56,100.0,0.00963424,0.197968
4090,203690,0.19,0.19,13.63,100.0,0.009633358,0.1979631
4100,204177,0.21,0.21,13.48,100.0,0.0096324814,0.19795823
4110,204677,0.19,0.19,13.43,100.0,0.0096315814,0.19795323
4120,205166,0.18,0.18,13.53,100.0,0.0096307012,0.19794834
4130,205634,0.2,0.2,13.57,100.0,0.0096298588,0.19794366000000002
4140,206120,0.2,0.2,13.43,100.0,0.009628984,0.1979388
4150,206605,0.22,0.22,13.33,100.0,0.009628111,0.19793395
4160,207105,0.22,0.22,13.33,100.0,0.009627211,0.19792895000000002
4170,207605,0.23,0.23,13.15,100.0,0.009626311,0.19792395000000002
4180,208100,0.24,0.24,12.79,100.0,0.00962542,0.197919
4190,208596,0.28,0.28,12.95,100.0,0.0096245272,0.19791404
4200,209094,0.27,0.27,13.27,100.0,0.0096236308,0.19790906
4210,209536,0.27,0.27,13.49,100.0,0.0096228352,0.19790464000000002
4220,210021,0.29,0.29,13.34,100.0,0.0096219622,0.19789979000000002
4230,210486,0.3,0.3,13.33,100.0,0.0096211252,0.19789514
4240,210984,0.31,0.31,12.85,100.0,0.0096202288,0.19789016
4250,211483,0.3,0.3,12.87,100.0,0.0096193306,0.19788517
4260,211954,0.35,0.35,12.68,100.0,0.0096184828,0.19788046
4270,212432,0.34,0.34,12.6,100.0,0.0096176224,0.19787568
4280,212925,0.3,0.3,12.77,100.0,0.009616735,0.19787075
4290,213411,0.27,0.27,12.8,100.0,0.0096158602,0.19786589000000002
4300,213909,0.26,0.26,12.73,100.0,0.009614963800000001,0.19786091
4310,214409,0.29,0.29,12.83,100.0,0.0096140638,0.19785591000000002
4320,214862,0.27,0.27,13.12,100.0,0.0096132484,0.19785138000000002
4330,215332,0.26,0.26,13.02,100.0,0.009612402400000001,0.19784668
4340,215805,0.24,0.24,13.05,100.0,0.009611551,0.19784195000000002
4350,216305,0.25,0.25,12.75,100.0,0.009610651,0.19783695
4360,216803,0.25,0.25,12.71,100.0,0.009609754600000001,0.19783197000000002
4370,217298,0.26,0.26,12.69,100.0,0.0096088636,0.19782702000000002
4380,217784,0.3,0.3,12.58,100.0,0.0096079888,0.19782216
4390,218278,0.32,0.32,12.25,100.0,0.0096070996,0.19781722000000002
4400,218759,0.35,0.35,12.34,100.0,0.0096062338,0.19781241000000002
4410,219251,0.31,0.31,12.36,100.0,0.0096053482,0.19780749
4420,219746,0.32,0.32,12.01,100.0,0.0096044572,0.19780254
4430,220240,0.3,0.3,11.97,100.0,0.009603568,0.19779760000000002
4440,220720,0.33,0.33,12.17,100.0,0.009602704,0.19779280000000002
4450,221219,0.31,0.31,12.31,100.0,0.0096018058,0.19778781
4460,221715,0.28,0.28,12.69,100.0,0.009600913,0.19778285
4470,222215,0.27,0.27,12.98,100.0,0.009600013000000001,0.19777785
4480,222712,0.25,0.25,12.87,100.0,0.0095991184,0.19777288
4490,223212,0.23,0.23,12.84,100.0,0.0095982184,0.19776788
4500,223695,0.21,0.21,13.21,100.0,0.009597349,0.19776305000000002
4510,224163,0.22,0.22,13.25,100.0,0.0095965066,0.19775837000000002
4520,224636,0.23,0.23,13.55,100.0,0.0095956552,0.19775364
4530,225129,0.24,0.24,13.67,100.0,0.0095947678,0.19774871000000002
4540,225624,0.24,0.24,13.43,100.0,0.0095938768,0.19774376000000002
4550,226124,0.25,0.25,13.41,100.0,0.0095929768,0.19773876
4560,226608,0.25,0.25,13.27,100.0,0.0095921056,0.19773392
4570,227098,0.23,0.23,13.18,100.0,0.0095912236,0.19772902
4580,227591,0.21,0.21,13.07,100.0,0.0095903362,0.19772409000000002
4590,228085,0.21,0.21,12.99,100.0,0.009589447000000001,0.19771915
4600,228585,0.21,0.21,12.74,100.0,0.009588547,0.19771415
4610,229085,0.22,0.22,12.78,100.0,0.009587647,0.19770915
4620,229585,0.21,0.21,13.06,100.0,0.009586747,0.19770415000000002
4630,230070,0.2,0.2,13.15,100.0,0.009585874,0.19769930000000002
4640,230570,0.19,0.19,13.15,100.0,0.009584974,0.19769430000000002
4650,231056,0.19,0.19,13.13,100.0,0.0095840992,0.19768944000000002
4660,231527,0.21,0.21,13.07,100.0,0.0095832514,0.19768473
4670,232027,0.23,0.23,13.18,100.0,0.0095823514,0.19767973
4680,232527,0.24,0.24,13.21,100.0,0.0095814514,0.19767473000000002
4690,233019,0.24,0.24,13.34,100.0,0.0095805658,0.19766981
4700,233487,0.24,0.24,13.3,100.0,0.0095797234,0.19766513000000002
4710,233987,0.24,0.24,13.0,100.0,0.0095788234,0.19766013000000002
4720,234469,0.25,0.25,12.76,100.0,0.0095779558,0.19765531
4730,234938,0.26,0.26,12.64,100.0,0.0095771116,0.19765062
4740,235422,0.24,0.24,12.64,100.0,0.0095762404,0.19764578000000002
4750,235922,0.25,0.25,12.44,100.0,0.0095753404,0.19764078000000002
4760,236415,0.22,0.22,12.4,100.0,0.009574453,0.19763585
4770,236902,0.21,0.21,12.5,100.0,0.0095735764,0.19763098
4780,237388,0.22,0.22,12.73,100.0,0.0095727016,0.19762612000000002
4790,237869,0.23,0.23,12.87,100.0,0.009571835800000001,0.19762131000000002
4800,238369,0.21,0.21,12.87,100.0,0.0095709358,0.19761631000000002
4810,238835,0.21,0.21,13.02,100.0,0.009570097,0.19761165
4820,239330,0.22,0.22,13.35,100.0,0.009569206,0.19760670000000002
4830,239821,0.22,0.22,13.32,100.0,0.0095683222,0.19760179
4840,240321,0.23,0.23,13.15,100.0,0.0095674222,0.19759679000000002
4850,240821,0.2,0.2,13.15,100.0,0.0095665222,0.19759179000000002
4860,241321,0.19,0.19,13.15,100.0,0.0095656222,0.19758679
4870,241821,0.19,0.19,13.29,100.0,0.0095647222,0.19758179
4880,242320,0.16,0.16,13.29,100.0,0.009563824,0.1975768
4890,242820,0.16,0.16,13.04,100.0,0.009562924,0.19757180000000002
4900,243316,0.17,0.17,13.06,100.0,0.0095620312,0.19756684000000002
4910,243816,0.17,0.17,13.02,100.0,0.0095611312,0.19756184000000002
4920,244300,0.14,0.14,12.9,100.0,0.009560260000000001,0.197557
4930,244760,0.16,0.16,13.13,100.0,0.009559432,0.19755240000000002
4940,245255,0.16,0.16,12.99,100.0,0.009558541,0.19754745
4950,245746,0.17,0.17,12.6,100.0,0.0095576572,0.19754254000000002
4960,246245,0.18,0.18,12.49,100.0,0.009556759,0.19753755
4970,246745,0.17,0.17,12.25,100.0,0.009555859,0.19753255
4980,247245,0.2,0.2,12.49,100.0,0.009554959,0.19752755000000002
4990,247745,0.17,0.17,12.49,100.0,0.009554059,0.19752255000000002
5000,248245,0.19,0.19,12.41,100.0,0.009553159,0.19751755000000001
5010,248734,0.16,0.16,12.41,100.0,0.0095522788,0.19751266
5020,249234,0.18,0.18,12.01,100.0,0.0095513788,0.19750766
5030,249731,0.18,0.18,12.3,100.0,0.0095504842,0.19750269
5040,250231,0.17,0.17,12.51,100.0,0.0095495842,0.19749769
5050,250728,0.17,0.17,12.56,100.0,0.0095486896,0.19749272
5060,251200,0.18,0.18,12.65,100.0,0.00954784,0.197488
5070,251698,0.18,0.18,12.73,100.0,0.0095469436,0.19748302
5080,252188,0.17,0.17,12.65,100.0,0.0095460616,0.19747812
5090,252688,0.2,0.2,12.72,100.0,0.009545161600000001,0.19747312
5100,253177,0.17,0.17,12.72,100.0,0.0095442814,0.19746823000000002
5110,253659,0.19,0.19,12.73,100.0,0.0095434138,0.19746341
5120,254133,0.19,0.19,12.85,100.0,0.0095425606,0.19745867
5130,254625,0.17,0.17,12.45,100.0,0.009541675,0.19745375
5140,255114,0.18,0.18,12.47,100.0,0.0095407948,0.19744886
5150,255614,0.2,0.2,12.21,100.0,0.0095398948,0.19744386
5160,256097,0.19,0.19,12.23,100.0,0.0095390254,0.19743903000000002
5170,256580,0.22,0.22,12.27,100.0,0.009538156,0.1974342
5180,257061,0.22,0.22,12.31,100.0,0.0095372902,0.19742939
5190,257558,0.23,0.23,12.48,100.0,0.0095363956,0.19742442000000002
5200,258044,0.27,0.27,12.74,100.0,0.0095355208,0.19741956000000002
5210,258536,0.3,0.3,12.97,100.0,0.0095346352,0.19741464
5220,259003,0.29,0.29,13.22,100.0,0.0095337946,0.19740997000000002
5230,259503,0.29,0.29,13.28,100.0,0.0095328946,0.19740497
5240,259998,0.3,0.3,13.53,100.0,0.0095320036,0.19740002
5250,260498,0.28,0.28,13.74,100.0,0.0095311036,0.19739502
5260,260983,0.29,0.29,13.78,100.0,0.0095302306,0.19739017
5270,261466,0.29,0.29,13.6,100.0,0.0095293612,0.19738534000000002
5280,261954,0.3,0.3,13.68,100.0,0.0095284828,0.19738046
5290,262454,0.28,0.28,13.72,100.0,0.0095275828,0.19737546
5300,262954,0.24,0.24,13.72,100.0,0.0095266828,0.19737046
5310,263454,0.24,0.24,13.92,100.0,0.0095257828,0.19736546000000002
5320,263932,0.26,0.26,13.99,100.0,0.0095249224,0.19736068
5330,264428,0.26,0.26,14.39,100.0,0.009524029600000001,0.19735572
5340,264918,0.24,0.24,14.42,100.0,0.0095231476,0.19735082
5350,265418,0.27,0.27,14.66,100.0,0.0095222476,0.19734582
5360,265902,0.25,0.25,14.66,100.0,0.0095213764,0.19734098
5370,266385,0.26,0.26,14.79,100.0,0.009520507000000001,0.19733615000000002
5380,266876,0.23,0.23,14.79,100.0,0.0095196232,0.19733124000000002
5390,267366,0.22,0.22,14.82,100.0,0.0095187412,0.19732634000000002
5400,267848,0.24,0.24,14.67,100.0,0.0095178736,0.19732152
5410,268332,0.22,0.22,14.68,100.0,0.0095170024,0.19731668000000002
5420,268808,0.19,0.19,14.85,100.0,0.0095161456,0.19731192
5430,269276,0.21,0.21,14.72,100.0,0.0095153032,0.19730724000000002
5440,269746,0.22,0.22,14.84,100.0,0.0095144572,0.19730254
5450,270228,0.2,0.2,15.1,100.0,0.0095135896,0.19729772
5460,270693,0.22,0.22,14.99,100.0,0.0095127526,0.19729307000000001
5470,271192,0.19,0.19,15.11,100.0,0.0095118544,0.19728808
5480,271690,0.21,0.21,15.01,100.0,0.009510958,0.19728310000000002
5490,272172,0.2,0.2,15.01,100.0,0.0095100904,0.19727828
5500,272672,0.24,0.24,14.89,100.0,0.0095091904,0.19727328000000002
5510,273154,0.21,0.21,14.89,100.0,0.0095083228,0.19726846
5520,273626,0.22,0.22,14.95,100.0,0.0095074732,0.19726374000000002
5530,274114,0.2,0.2,15.11,100.0,0.0095065948,0.19725886
5540,274594,0.2,0.2,15.3,100.0,0.0095057308,0.19725406
5550,275050,0.21,0.21,15.3,100.0,0.00950491,0.19724950000000002
5560,275532,0.21,0.21,14.96,100.0,0.009504042400000001,0.19724468
5570,276032,0.22,0.22,14.75,100.0,0.009503142400000001,0.19723968
5580,276532,0.23,0.23,14.88,100.0,0.0095022424,0.19723468000000002
5590,276995,0.25,0.25,14.98,100.0,0.009501409,0.19723005000000002
5600,277486,0.21,0.21,14.67,100.0,0.0095005252,0.19722514000000002
5610,277986,0.24,0.24,14.83,100.0,0.0094996252,0.19722014000000002
5620,278486,0.25,0.25,14.83,100.0,0.0094987252,0.19721514
5630,278977,0.26,0.26,15.1,100.0,0.0094978414,0.19721023000000001
5640,279453,0.26,0.26,14.89,100.0,0.009496984600000001,0.19720547000000002
5650,279953,0.26,0.26,14.96,100.0,0.0094960846,0.19720047000000002
5660,280439,0.29,0.29,14.37,100.0,0.0094952098,0.19719561000000002
5670,280939,0.26,0.26,14.37,100.0,0.0094943098,0.19719061000000002
5680,281427,0.28,0.28,14.12,100.0,0.0094934314,0.19718573
5690,281927,0.31,0.31,14.36,100.0,0.0094925314,0.19718073
5700,282409,0.29,0.29,14.36,100.0,0.0094916638,0.19717591
5710,282895,0.26,0.26,14.36,100.0,0.009490789,0.19717105000000001
5720,283395,0.27,0.27,13.92,100.0,0.009489889,0.19716605
5730,283877,0.26,0.26,13.92,100.0,0.0094890214,0.19716123000000002
5740,284359,0.26,0.26,13.66,100.0,0.0094881538,0.19715641
5750,284859,0.23,0.23,13.66,100.0,0.0094872538,0.19715141
5760,285339,0.2,0.2,13.67,100.0,0.0094863898,0.19714661
5770,285839,0.21,0.21,13.62,100.0,0.0094854898,0.19714161000000002
5780,286339,0.18,0.18,13.4,100.0,0.0094845898,0.19713661000000002
5790,286823,0.14,0.14,13.42,100.0,0.0094837186,0.19713177
5800,287300,0.15,0.15,13.45,100.0,0.009482860000000001,0.197127
5810,287800,0.17,0.17,13.05,100.0,0.00948196,0.19712200000000002
5820,288287,0.15,0.15,12.93,100.0,0.0094810834,0.19711713
5830,288777,0.13,0.13,12.93,100.0,0.0094802014,0.19711223
5840,289277,0.14,0.14,12.86,100.0,0.009479301400000001,0.19710723000000002
5850,289777,0.18,0.18,12.68,100.0,0.0094784014,0.19710223000000002
5860,290269,0.2,0.2,12.61,100.0,0.0094775158,0.19709731
5870,290759,0.2,0.2,12.95,100.0,0.0094766338,0.19709241000000002
5880,291245,0.19,0.19,13.04,100.0,0.009475759,0.19708755
5890,291725,0.2,0.2,13.2,100.0,0.009474895,0.19708275
5900,292216,0.2,0.2,13.19,100.0,0.0094740112,0.19707784
5910,292707,0.19,0.19,13.17,100.0,0.0094731274,0.19707293
5920,293191,0.18,0.18,13.19,100.0,0.009472256200000001,0.19706809
5930,293677,0.2,0.2,13.16,100.0,0.0094713814,0.19706323
5940,294155,0.18,0.18,13.07,100.0,0.009470521,0.19705845
5950,294639,0.17,0.17,13.1,100.0,0.0094696498,0.19705361000000002
5960,295095,0.13,0.13,13.1,100.0,0.009468829,0.19704905
5970,295562,0.14,0.14,13.0,100.0,0.0094679884,0.19704438000000002
5980,296062,0.16,0.16,12.83,100.0,0.0094670884,0.19703938000000001
5990,296548,0.2,0.2,12.21,100.0,0.0094662136,0.19703452000000002
6000,297045,0.23,0.23,11.95,100.0,0.009465319,0.19702955
6010,297514,0.23,0.23,12.01,100.0,0.0094644748,0.19702486000000002
6020,298014,0.27,0.27,12.07,100.0,0.009463574800000001,0.19701986000000002
6030,298482,0.29,0.29,12.22,100.0,0.0094627324,0.19701518
6040,298982,0.3,0.3,12.07,100.0,0.0094618324,0.19701018
6050,299474,0.3,0.3,12.25,100.0,0.0094609468,0.19700526000000002
6060,299974,0.32,0.32,12.38,100.0,0.0094600468,0.19700026
6070,300474,0.3,0.3,12.38,100.0,0.0094591468,0.19699526
6080,300951,0.28,0.28,12.0,100.0,0.0094582882,0.19699049000000002
6090,301446,0.29,0.29,11.65,100.0,0.0094573972,0.19698554000000001
6100,301919,0.27,0.27,11.63,100.0,0.0094565458,0.19698081
6110,302404,0.31,0.31,11.31,100.0,0.0094556728,0.19697596
6120,302888,0.27,0.27,11.21,100.0,0.0094548016,0.19697112
6130,303384,0.24,0.24,11.53,100.0,0.0094539088,0.19696616
6140,303835,0.25,0.25,11.43,100.0,0.009453097,0.19696165000000002
6150,304319,0.27,0.27,11.58,100.0,0.0094522258,0.19695681
6160,304803,0.28,0.28,11.5,100.0,0.0094513546,0.19695197
6170,305298,0.28,0.28,11.5,100.0,0.0094504636,0.19694702
6180,305770,0.31,0.31,11.84,100.0,0.009449614,0.19694230000000001
6190,306218,0.27,0.27,11.63,100.0,0.0094488076,0.19693782
6200,306688,0.29,0.29,11.35,100.0,0.0094479616,0.19693312000000002
6210,307183,0.29,0.29,11.34,100.0,0.0094470706,0.19692817
6220,307653,0.3,0.3,11.3,100.0,0.0094462246,0.19692347000000002
6230,308147,0.32,0.32,11.15,100.0,0.009445335400000001,0.19691853
6240,308643,0.31,0.31,11.1,100.0,0.0094444426,0.19691357
6250,309118,0.3,0.3,11.57,100.0,0.009443587600000001,0.19690882
6260,309603,0.28,0.28,11.56,100.0,0.0094427146,0.19690397
6270,310082,0.29,0.29,11.52,100.0,0.0094418524,0.19689918
6280,310545,0.31,0.31,11.08,100.0,0.009441019,0.19689455
6290,311041,0.32,0.32,11.21,100.0,0.0094401262,0.19688959
6300,311515,0.29,0.29,11.21,100.0,0.009439273,0.19688485
6310,311996,0.27,0.27,10.84,100.0,0.0094384072,0.19688004
6320,312496,0.26,0.26,10.87,100.0,0.0094375072,0.19687504
6330,312973,0.27,0.27,10.63,100.0,0.0094366486,0.19687027
6340,313473,0.28,0.28,10.52,100.0,0.0094357486,0.19686527
6350,313966,0.24,0.24,10.52,100.0,0.0094348612,0.19686034000000002
6360,314466,0.24,0.24,10.51,100.0,0.0094339612,0.19685534000000002
6370,314966,0.23,0.23,10.51,100.0,0.0094330612,0.19685034
6380,315453,0.22,0.22,11.36,100.0,0.0094321846,0.19684547000000002
6390,315936,0.22,0.22,11.54,100.0,0.0094313152,0.19684064
6400,316430,0.22,0.22,11.48,100.0,0.009430426,0.1968357
6410,316884,0.19,0.19,11.48,100.0,0.0094296088,0.19683116
6420,317363,0.21,0.21,11.31,100.0,0.0094287466,0.19682637
6430,317840,0.21,0.21,11.32,100.0,0.009427888,0.1968216
6440,318314,0.19,0.19,11.37,100.0,0.0094270348,0.19681686
6450,318799,0.23,0.23,11.33,100.0,0.009426161800000001,0.19681201
6460,319264,0.22,0.22,11.33,100.0,0.0094253248,0.19680736000000001
6470,319729,0.22,0.22,11.33,100.0,0.0094244878,0.19680271000000002
6480,320176,0.19,0.19,11.11,100.0,0.0094236832,0.19679824
6490,320658,0.18,0.18,11.57,100.0,0.0094228156,0.19679342
6500,321158,0.2,0.2,11.25,100.0,0.0094219156,0.19678842000000002
6510,321650,0.22,0.22,11.23,100.0,0.00942103,0.1967835
6520,322147,0.19,0.19,11.23,100.0,0.0094201354,0.19677853
6530,322634,0.19,0.19,11.58,100.0,0.0094192588,0.19677366000000002
6540,323134,0.23,0.23,11.58,100.0,0.0094183588,0.19676866
6550,323625,0.2,0.2,11.66,100.0,0.009417475,0.19676375000000002
6560,324118,0.22,0.22,11.4,100.0,0.0094165876,0.19675882
6570,324612,0.25,0.25,11.69,100.0,0.0094156984,0.19675388000000002
6580,325112,0.25,0.25,11.57,100.0,0.0094147984,0.19674888000000001
6590,325597,0.22,0.22,11.57,100.0,0.0094139254,0.19674403000000001
6600,326048,0.2,0.2,11.34,100.0,0.0094131136,0.19673952
6610,326548,0.24,0.24,11.23,100.0,0.0094122136,0.19673452000000002
6620,327021,0.25,0.25,11.23,100.0,0.0094113622,0.19672979000000002
6630,327509,0.24,0.24,11.15,100.0,0.009410483800000001,0.19672491
6640,327991,0.22,0.22,11.69,100.0,0.0094096162,0.19672009000000001
6650,328471,0.24,0.24,11.53,100.0,0.0094087522,0.19671529000000001
6660,328967,0.24,0.24,11.7,100.0,0.0094078594,0.19671033000000002
6670,329448,0.24,0.24,11.6,100.0,0.0094069936,0.19670552000000002
6680,329947,0.23,0.23,11.63,100.0,0.0094060954,0.19670053
6690,330439,0.25,0.25,11.81,100.0,0.0094052098,0.19669561000000002
6700,330884,0.24,0.24,11.81,100.0,0.0094044088,0.19669116
6710,331362,0.2,0.2,11.8,100.0,0.0094035484,0.19668638000000002
6720,331839,0.2,0.2,11.97,100.0,0.0094026898,0.19668161
6730,332319,0.19,0.19,12.01,100.0,0.0094018258,0.19667681
6740,332809,0.17,0.17,12.02,100.0,0.0094009438,0.19667191
6750,333271,0.15,0.15,11.66,100.0,0.0094001122,0.19666729000000002
6760,333771,0.14,0.14,11.76,100.0,0.0093992122,0.19666229000000002
6770,334269,0.13,0.13,12.04,100.0,0.0093983158,0.19665731
6780,334747,0.14,0.14,12.05,100.0,0.009397455400000001,0.19665253000000002
6790,335238,0.15,0.15,11.8,100.0,0.0093965716,0.19664762000000002
6800,335720,0.17,0.17,11.89,100.0,0.009395704,0.1966428
6810,336216,0.17,0.17,11.88,100.0,0.0093948112,0.19663784
6820,336705,0.16,0.16,11.88,100.0,0.009393931,0.19663295
6830,337205,0.16,0.16,11.83,100.0,0.009393031,0.19662795000000002
6840,337695,0.18,0.18,12.0,100.0,0.009392149,0.19662305000000002
6850,338166,0.19,0.18,11.99,100.0,0.0093913012,0.19661834
6860,338661,0.19,0.18,11.94,100.0,0.0093904102,0.19661339
6870,339142,0.2,0.19,12.03,100.0,0.0093895444,0.19660858
6880,339623,0.22,0.21,12.15,100.0,0.0093886786,0.19660377
6890,340120,0.25,0.24,11.52,100.0,0.009387784,0.19659880000000002
6900,340596,0.23,0.22,11.52,100.0,0.0093869272,0.19659404
6910,341080,0.24,0.23,11.39,100.0,0.009386056,0.19658920000000002
6920,341580,0.26,0.25,11.47,100.0,0.009385156,0.19658420000000001
6930,342071,0.25,0.24,11.5,100.0,0.0093842722,0.19657929000000002
6940,342571,0.29,0.28,12.02,100.0,0.0093833722,0.19657429
6950,343071,0.29,0.29,12.33,100.0,0.0093824722,0.19656929
6960,343545,0.32,0.32,12.11,100.0,0.009381619,0.19656455
6970,344040,0.31,0.31,12.18,100.0,0.009380728,0.1965596
6980,344516,0.28,0.28,12.19,100.0,0.0093798712,0.19655484
6990,345006,0.23,0.23,12.25,100.0,0.0093789892,0.19654994
7000,345441,0.25,0.25,12.63,100.0,0.0093782062,0.19654559000000002
7010,345920,0.25,0.25,12.67,100.0,0.009377344,0.19654080000000002
7020,346399,0.28,0.28,12.67,100.0,0.0093764818,0.19653601
7030,346894,0.29,0.29,12.65,100.0,0.0093755908,0.19653106
7040,347391,0.23,0.23,12.57,100.0,0.009374696200000001,0.19652609000000001
7050,347875,0.24,0.24,12.14,100.0,0.009373825,0.19652125
7060,348375,0.23,0.23,12.42,100.0,0.009372925,0.19651625
7070,348841,0.23,0.23,12.55,100.0,0.009372086200000001,0.19651159
7080,349341,0.23,0.23,12.57,100.0,0.0093711862,0.19650659
7090,349822,0.25,0.25,12.61,100.0,0.0093703204,0.19650178000000001
7100,350311,0.25,0.25,12.48,100.0,0.0093694402,0.19649689
7110,350794,0.26,0.26,12.01,100.0,0.0093685708,0.19649206000000002
7120,351289,0.24,0.24,12.13,100.0,0.0093676798,0.19648711000000002
7130,351756,0.23,0.23,12.22,100.0,0.009366839200000001,0.19648244
7140,352225,0.23,0.23,12.34,100.0,0.009365995,0.19647775
7150,352692,0.2,0.2,12.34,100.0,0.0093651544,0.19647308000000002
7160,353172,0.2,0.2,12.59,100.0,0.009364290400000001,0.19646828000000002
7170,353649,0.2,0.2,12.59,100.0,0.0093634318,0.19646351
7180,354149,0.22,0.22,12.65,100.0,0.0093625318,0.19645851
7190,354646,0.2,0.2,12.61,100.0,0.0093616372,0.19645354
7200,355146,0.19,0.19,12.61,100.0,0.0093607372,0.19644854
7210,355633,0.19,0.18,12.31,100.0,0.0093598606,0.19644367000000001
7220,356133,0.18,0.17,12.79,100.0,0.0093589606,0.19643867
7230,356619,0.18,0.17,12.88,100.0,0.0093580858,0.19643381000000001
7240,357097,0.2,0.19,12.89,100.0,0.0093572254,0.19642903
7250,357581,0.25,0.24,13.04,100.0,0.0093563542,0.19642419
7260,358022,0.23,0.22,13.05,100.0,0.0093555604,0.19641978000000002
7270,358509,0.21,0.2,13.05,100.0,0.0093546838,0.19641491
7280,359009,0.21,0.2,12.84,100.0,0.0093537838,0.19640991000000002
7290,359476,0.22,0.21,12.84,100.0,0.0093529432,0.19640524
7300,359970,0.25,0.24,13.03,100.0,0.009352054,0.1964003
7310,360459,0.24,0.24,13.01,100.0,0.0093511738,0.19639541000000002
7320,360950,0.24,0.24,12.87,100.0,0.00935029,0.19639050000000002
7330,361442,0.24,0.24,13.25,100.0,0.0093494044,0.19638558
7340,361907,0.23,0.23,13.35,100.0,0.0093485674,0.19638093
7350,362360,0.2,0.2,13.17,100.0,0.009347752,0.1963764
7360,362860,0.22,0.22,13.1,100.0,0.009346852,0.1963714
7370,363360,0.26,0.26,13.32,100.0,0.009345952,0.1963664
7380,363809,0.26,0.26,13.42,100.0,0.0093451438,0.19636191
7390,364295,0.25,0.25,13.47,100.0,0.009344269,0.19635705
7400,364795,0.22,0.22,13.53,100.0,0.009343369,0.19635205
7410,365245,0.25,0.25,12.91,100.0,0.009342559,0.19634755
7420,365714,0.26,0.26,12.6,100.0,0.0093417148,0.19634286
7430,366193,0.26,0.26,12.55,100.0,0.0093408526,0.19633807
7440,366678,0.26,0.26,12.3,100.0,0.0093399796,0.19633322
7450,367178,0.28,0.28,12.42,100.0,0.0093390796,0.19632822
7460,367671,0.29,0.29,11.95,100.0,0.0093381922,0.19632329
7470,368158,0.27,0.27,11.64,100.0,0.0093373156,0.19631842000000002
7480,368645,0.28,0.28,11.53,100.0,0.009336439,0.19631355
7490,369116,0.29,0.29,11.52,100.0,0.0093355912,0.19630884
7500,369597,0.28,0.28,11.52,100.0,0.0093347254,0.19630403000000002
7510,370097,0.25,0.25,11.68,100.0,0.0093338254,0.19629903
7520,370585,0.24,0.24,11.85,100.0,0.009332947,0.19629415
7530,371062,0.25,0.25,11.7,100.0,0.0093320884,0.19628938
7540,371547,0.25,0.25,11.6,100.0,0.0093312154,0.19628453
7550,371984,0.25,0.25,11.47,100.0,0.0093304288,0.19628016
7560,372484,0.24,0.24,11.67,100.0,0.0093295288,0.19627516
7570,372922,0.25,0.25,11.58,100.0,0.0093287404,0.19627078
7580,373388,0.23,0.23,11.42,100.0,0.0093279016,0.19626612000000002
7590,373873,0.25,0.25,10.9,100.0,0.0093270286,0.19626127000000002
7600,374357,0.28,0.28,10.83,100.0,0.0093261574,0.19625643
7610,374840,0.26,0.26,10.81,100.0,0.009325288,0.1962516
7620,375321,0.29,0.29,10.75,100.0,0.0093244222,0.19624679
7630,375756,0.29,0.29,10.14,100.0,0.0093236392,0.19624244000000002
7640,376238,0.3,0.3,10.07,100.0,0.0093227716,0.19623762
7650,376733,0.3,0.3,9.66,100.0,0.0093218806,0.19623267
7660,377224,0.29,0.29,9.57,100.0,0.0093209968,0.19622776
7670,377724,0.28,0.28,9.58,100.0,0.0093200968,0.19622276
7680,378211,0.27,0.27,9.65,100.0,0.0093192202,0.19621789
7690,378680,0.23,0.23,9.65,100.0,0.009318376,0.1962132
7700,379154,0.23,0.23,9.78,100.0,0.0093175228,0.19620846
7710,379637,0.25,0.25,9.77,100.0,0.0093166534,0.19620363000000002
7720,380128,0.24,0.24,9.61,100.0,0.0093157696,0.19619872000000002
7730,380610,0.24,0.24,9.52,100.0,0.009314902,0.1961939
7740,381110,0.22,0.22,9.54,100.0,0.009314002,0.1961889
7750,381570,0.2,0.2,9.7,100.0,0.009313174,0.1961843
7760,382049,0.21,0.21,9.67,100.0,0.0093123118,0.19617951
7770,382526,0.23,0.23,9.94,100.0,0.0093114532,0.19617474000000001
7780,382993,0.25,0.25,9.66,100.0,0.0093106126,0.19617007
7790,383483,0.27,0.27,9.6,100.0,0.0093097306,0.19616517
7800,383958,0.27,0.27,9.37,100.0,0.0093088756,0.19616042
7810,384449,0.26,0.26,9.5,100.0,0.0093079918,0.19615551
7820,384919,0.25,0.25,9.46,100.0,0.0093071458,0.19615081
7830,385416,0.26,0.26,9.64,100.0,0.0093062512,0.19614584000000002
7840,385890,0.27,0.27,9.73,100.0,0.009305398,0.1961411
7850,386390,0.26,0.26,9.77,100.0,0.009304498,0.1961361
7860,386881,0.25,0.25,9.71,100.0,0.009303614200000001,0.19613119
7870,387370,0.25,0.25,9.69,100.0,0.009302734,0.1961263
7880,387868,0.26,0.26,9.8,100.0,0.0093018376,0.19612132000000002
7890,388354,0.27,0.27,10.23,100.0,0.0093009628,0.19611646000000002
7900,388854,0.25,0.25,10.42,100.0,0.0093000628,0.19611146000000002
7910,389354,0.25,0.25,10.6,100.0,0.0092991628,0.19610646
7920,389854,0.25,0.25,10.92,100.0,0.0092982628,0.19610146
7930,390337,0.26,0.26,11.23,100.0,0.0092973934,0.19609663000000002
7940,390802,0.27,0.27,11.38,100.0,0.0092965564,0.19609198
7950,391272,0.29,0.29,11.55,100.0,0.0092957104,0.19608728
7960,391764,0.28,0.28,11.36,100.0,0.0092948248,0.19608236
7970,392219,0.28,0.28,11.72,100.0,0.0092940058,0.19607781000000002
7980,392701,0.27,0.27,11.7,100.0,0.0092931382,0.19607299
7990,393181,0.32,0.32,12.11,100.0,0.0092922742,0.19606819
8000,393663,0.33,0.33,12.08,100.0,0.0092914066,0.19606337000000001
8010,394155,0.35,0.35,12.16,100.0,0.009290521,0.19605845000000002
8020,394630,0.32,0.32,12.16,100.0,0.009289666,0.1960537
8030,395128,0.31,0.31,12.35,100.0,0.0092887696,0.19604872
8040,395621,0.32,0.32,12.34,100.0,0.0092878822,0.19604379
8050,396119,0.33,0.33,12.62,100.0,0.0092869858,0.19603881
8060,396602,0.34,0.34,12.44,100.0,0.0092861164,0.19603398
8070,397080,0.31,0.31,12.31,100.0,0.009285256,0.19602920000000001
8080,397538,0.29,0.29,12.4,100.0,0.0092844316,0.19602462
8090,398032,0.23,0.23,12.46,100.0,0.0092835424,0.19601968
8100,398518,0.23,0.23,12.42,100.0,0.0092826676,0.19601482
8110,399003,0.22,0.22,12.4,100.0,0.0092817946,0.19600997
8120,399479,0.25,0.25,12.6,100.0,0.0092809378,0.19600521
8130,399966,0.25,0.25,11.97,100.0,0.0092800612,0.19600034000000002
8140,400466,0.22,0.22,12.03,100.0,0.0092791612,0.19599534000000002
8150,400939,0.19,0.19,12.12,100.0,0.0092783098,0.19599061
8160,401439,0.17,0.17,12.12,100.0,0.0092774098,0.19598561
8170,401935,0.2,0.2,12.12,100.0,0.009276517,0.19598065
8180,402372,0.19,0.19,12.12,100.0,0.0092757304,0.19597628
8190,402850,0.23,0.23,12.32,100.0,0.00927487,0.19597150000000002
8200,403338,0.24,0.24,12.78,100.0,0.0092739916,0.19596662
8210,403838,0.22,0.22,12.88,100.0,0.0092730916,0.19596162
8220,404331,0.2,0.2,12.85,100.0,0.0092722042,0.19595669000000002
8230,404822,0.2,0.2,12.67,100.0,0.0092713204,0.19595178000000002
8240,405317,0.22,0.22,12.73,100.0,0.0092704294,0.19594683000000002
8250,405782,0.24,0.24,12.97,100.0,0.0092695924,0.19594218000000002
8260,406282,0.28,0.28,13.27,100.0,0.0092686924,0.19593718000000002
8270,406767,0.26,0.26,13.5,100.0,0.0092678194,0.19593233000000002
8280,407267,0.27,0.27,13.5,100.0,0.0092669194,0.19592733
8290,407731,0.24,0.24,13.17,100.0,0.0092660842,0.19592269
8300,408223,0.27,0.27,12.54,100.0,0.0092651986,0.19591777000000002
8310,408693,0.29,0.29,12.04,100.0,0.009264352600000001,0.19591307000000002
8320,409180,0.31,0.31,12.33,100.0,0.009263476,0.1959082
8330,409667,0.3,0.3,12.24,100.0,0.0092625994,0.19590333000000001
8340,410160,0.29,0.29,12.15,100.0,0.009261712,0.1958984
8350,410630,0.28,0.28,12.07,100.0,0.009260866,0.1958937
8360,411112,0.26,0.26,12.02,100.0,0.0092599984,0.19588888000000002
8370,411584,0.26,0.26,11.68,100.0,0.0092591488,0.19588416
8380,412068,0.27,0.27,11.81,100.0,0.0092582776,0.19587932000000002
8390,412568,0.28,0.28,11.99,100.0,0.0092573776,0.19587432000000002
8400,413066,0.25,0.25,11.88,100.0,0.0092564812,0.19586934
8410,413539,0.22,0.22,11.88,100.0,0.0092556298,0.19586461000000002
8420,414012,0.21,0.21,12.26,100.0,0.0092547784,0.19585988000000001
8430,414512,0.21,0.21,12.18,100.0,0.0092538784,0.19585488
8440,414977,0.22,0.22,12.24,100.0,0.0092530414,0.19585023000000001
8450,415435,0.2,0.2,12.24,100.0,0.009252217,0.19584565
8460,415891,0.2,0.2,12.18,100.0,0.0092513962,0.19584109000000002
8470,416379,0.21,0.21,12.24,100.0,0.0092505178,0.19583621
8480,416863,0.23,0.23,12.17,100.0,0.0092496466,0.19583137
8490,417363,0.2,0.2,12.13,100.0,0.0092487466,0.19582637
8500,417863,0.21,0.21,11.79,100.0,0.0092478466,0.19582137000000002
8510,418360,0.23,0.23,11.61,100.0,0.009246952,0.1958164
8520,418840,0.23,0.23,11.6,100.0,0.009246088,0.1958116
8530,419328,0.25,0.25,12.06,100.0,0.0092452096,0.19580672000000002
8540,419812,0.25,0.25,12.02,100.0,0.0092443384,0.19580188
8550,420300,0.28,0.28,11.8,100.0,0.00924346,0.195797
8560,420799,0.28,0.28,11.74,100.0,0.0092425618,0.19579201000000002
8570,421299,0.28,0.28,11.66,100.0,0.0092416618,0.19578701
8580,421780,0.29,0.29,11.38,100.0,0.009240796,0.19578220000000002
8590,422235,0.28,0.28,11.38,100.0,0.009239977,0.19577765
8600,422729,0.25,0.25,11.23,100.0,0.0092390878,0.19577271000000002
8610,423211,0.24,0.24,11.32,100.0,0.0092382202,0.19576789
8620,423706,0.23,0.23,11.32,100.0,0.0092373292,0.19576294
8630,424193,0.21,0.21,11.25,100.0,0.0092364526,0.19575807
8640,424677,0.19,0.19,11.53,100.0,0.0092355814,0.19575323
8650,425167,0.2,0.2,11.44,100.0,0.0092346994,0.19574833
8660,425636,0.22,0.22,11.38,100.0,0.0092338552,0.19574364
8670,426100,0.2,0.2,11.67,100.0,0.00923302,0.195739
8680,426586,0.17,0.17,11.4,100.0,0.0092321452,0.19573414
8690,427086,0.18,0.18,11.37,100.0,0.0092312452,0.19572914000000002
8700,427580,0.18,0.18,11.58,100.0,0.009230356,0.19572420000000001
8710,428080,0.2,0.2,11.8,100.0,0.009229456,0.1957192
8720,428570,0.2,0.2,12.07,100.0,0.009228574,0.1957143
8730,429070,0.21,0.21,12.02,100.0,0.009227674,0.1957093
8740,429570,0.21,0.21,11.84,100.0,0.009226774,0.1957043
8750,430049,0.2,0.2,11.65,100.0,0.0092259118,0.19569951000000002
8760,430540,0.17,0.17,11.67,100.0,0.009225028,0.1956946
8770,431022,0.18,0.18,11.64,100.0,0.0092241604,0.19568978
8780,431508,0.18,0.18,11.66,100.0,0.0092232856,0.19568492
8790,431993,0.19,0.19,11.66,100.0,0.0092224126,0.19568007
8800,432484,0.21,0.21,11.71,100.0,0.0092215288,0.19567516000000001
8810,432962,0.21,0.21,11.55,100.0,0.0092206684,0.19567038
8820,433434,0.21,0.21,11.63,100.0,0.0092198188,0.19566566000000002
8830,433885,0.22,0.22,12.03,100.0,0.009219007,0.19566115
8840,434362,0.23,0.23,11.96,100.0,0.0092181484,0.19565638000000002
8850,434850,0.22,0.22,11.98,100.0,0.00921727,0.1956515
8860,435338,0.23,0.23,12.12,100.0,0.0092163916,0.19564662000000002
8870,435832,0.24,0.24,11.97,100.0,0.0092155024,0.19564168
8880,436306,0.26,0.26,11.8,100.0,0.009214649200000001,0.19563694
8890,436801,0.25,0.25,11.8,100.0,0.0092137582,0.19563199
8900,437293,0.26,0.26,11.21,100.0,0.0092128726,0.19562707000000001
8910,437765,0.26,0.26,11.18,100.0,0.009212023,0.19562235
8920,438246,0.29,0.29,11.09,100.0,0.0092111572,0.19561754
8930,438737,0.29,0.29,11.07,100.0,0.0092102734,0.19561263
8940,439237,0.3,0.3,11.1,100.0,0.0092093734,0.19560763
8950,439720,0.33,0.33,11.18,100.0,0.009208504,0.19560280000000002
8960,440197,0.33,0.33,11.31,100.0,0.0092076454,0.19559803
8970,440683,0.34,0.34,11.62,100.0,0.0092067706,0.19559317
8980,441175,0.32,0.32,12.0,100.0,0.009205885,0.19558825000000002
8990,441659,0.33,0.33,11.94,100.0,0.0092050138,0.19558341
9000,442157,0.3,0.3,11.54,100.0,0.0092041174,0.19557843
9010,442657,0.27,0.27,11.54,100.0,0.0092032174,0.19557343000000002
9020,443140,0.25,0.25,11.69,100.0,0.009202348,0.1955686
9030,443594,0.23,0.23,12.09,100.0,0.0092015308,0.19556406
9040,444062,0.24,0.24,12.15,100.0,0.0092006884,0.19555938
9050,444554,0.19,0.19,12.15,100.0,0.0091998028,0.19555446
9060,445051,0.18,0.18,12.19,100.0,0.0091989082,0.19554949000000002
9070,445529,0.16,0.16,12.09,100.0,0.0091980478,0.19554471
9080,446015,0.19,0.19,12.01,100.0,0.009197173,0.19553985000000002
9090,446496,0.21,0.21,12.2,100.0,0.0091963072,0.19553504000000002
9100,446966,0.21,0.21,12.23,100.0,0.0091954612,0.19553034
9110,447461,0.24,0.24,12.49,100.0,0.0091945702,0.19552539000000002
9120,447961,0.27,0.27,12.37,100.0,0.0091936702,0.19552039000000002
9130,448454,0.27,0.27,12.1,100.0,0.0091927828,0.19551546
9140,448942,0.26,0.26,12.58,100.0,0.009191904400000001,0.19551058000000002
9150,449423,0.27,0.27,12.36,100.0,0.0091910386,0.19550577000000002
9160,449920,0.3,0.3,11.63,100.0,0.009190144,0.1955008
9170,450393,0.29,0.29,11.68,100.0,0.0091892926,0.19549607000000002
9180,450868,0.26,0.26,11.72,100.0,0.0091884376,0.19549132
9190,451368,0.23,0.23,11.63,100.0,0.0091875376,0.19548632000000002
9200,451845,0.25,0.25,11.68,100.0,0.009186679,0.19548155
9210,452329,0.25,0.25,11.54,100.0,0.009185807800000001,0.19547671
9220,452801,0.23,0.23,11.85,100.0,0.009184958200000001,0.19547199
9230,453283,0.25,0.25,11.81,100.0,0.0091840906,0.19546717000000002
9240,453783,0.26,0.26,11.68,100.0,0.0091831906,0.19546217000000002
9250,454267,0.27,0.27,11.34,100.0,0.0091823194,0.19545733
9260,454746,0.24,0.24,11.13,100.0,0.0091814572,0.19545254
9270,455231,0.28,0.28,11.24,100.0,0.0091805842,0.19544769
9280,455708,0.27,0.27,11.22,100.0,0.0091797256,0.19544292000000002
9290,456187,0.3,0.3,11.14,100.0,0.0091788634,0.19543813000000002
9300,456671,0.28,0.28,11.38,100.0,0.0091779922,0.19543329
9310,457158,0.28,0.28,11.54,100.0,0.0091771156,0.19542842000000002
9320,457649,0.28,0.28,11.77,100.0,0.0091762318,0.19542351000000002
9330,458098,0.29,0.29,11.78,100.0,0.0091754236,0.19541902
9340,458591,0.26,0.26,11.8,100.0,0.0091745362,0.19541409
9350,459075,0.27,0.27,11.82,100.0,0.009173665000000001,0.19540925
9360,459575,0.3,0.3,11.95,100.0,0.009172765,0.19540425
9370,460067,0.29,0.29,11.86,100.0,0.0091718794,0.19539933
9380,460560,0.31,0.31,11.78,100.0,0.009170992,0.19539440000000002
9390,461044,0.3,0.3,12.05,100.0,0.0091701208,0.19538956000000002
9400,461529,0.35,0.35,11.69,100.0,0.0091692478,0.19538471000000002
9410,462003,0.36,0.36,11.12,100.0,0.009168394600000001,0.19537997000000001
9420,462490,0.35,0.35,11.2,100.0,0.009167518,0.19537510000000002
9430,462966,0.31,0.31,11.2,100.0,0.0091666612,0.19537034
9440,463451,0.31,0.31,11.18,100.0,0.0091657882,0.19536549
9450,463951,0.32,0.32,11.25,100.0,0.0091648882,0.19536049
9460,464446,0.28,0.28,11.25,100.0,0.0091639972,0.19535554000000002
9470,464946,0.27,0.27,11.74,100.0,0.0091630972,0.19535054000000002
9480,465441,0.26,0.26,11.38,100.0,0.0091622062,0.19534559
9490,465941,0.25,0.25,11.59,100.0,0.0091613062,0.19534059
9500,466417,0.2,0.2,11.54,100.0,0.0091604494,0.19533583000000002
9510,466907,0.21,0.21,10.97,100.0,0.0091595674,0.19533093
9520,467395,0.21,0.21,10.75,100.0,0.009158689,0.19532605
9530,467862,0.23,0.23,10.64,100.0,0.0091578484,0.19532138000000002
9540,468358,0.25,0.25,10.68,100.0,0.0091569556,0.19531642000000002
9550,468851,0.23,0.23,10.28,100.0,0.0091560682,0.19531149
9560,469316,0.25,0.25,10.4,100.0,0.0091552312,0.19530684
9570,469795,0.23,0.23,10.48,100.0,0.009154369,0.19530205
9580,470278,0.24,0.24,10.59,100.0,0.0091534996,0.19529722000000002
9590,470771,0.27,0.27,10.16,100.0,0.0091526122,0.19529229
9600,471259,0.28,0.28,10.28,100.0,0.0091517338,0.19528741000000002
9610,471752,0.27,0.27,10.61,100.0,0.0091508464,0.19528248
9620,472238,0.26,0.26,10.62,100.0,0.009149971600000001,0.19527762
9630,472738,0.25,0.25,10.48,100.0,0.0091490716,0.19527262
9640,473238,0.23,0.23,10.43,100.0,0.0091481716,0.19526762
9650,473732,0.24,0.24,10.57,100.0,0.0091472824,0.19526268000000002
9660,474211,0.22,0.22,10.57,100.0,0.0091464202,0.19525789000000002
9670,474711,0.23,0.23,10.67,100.0,0.0091455202,0.19525289
9680,475211,0.21,0.21,10.67,100.0,0.0091446202,0.19524789
9690,475683,0.19,0.19,11.13,100.0,0.0091437706,0.19524317000000002
9700,476150,0.18,0.18,11.07,100.0,0.00914293,0.1952385
9710,476636,0.14,0.14,11.07,100.0,0.0091420552,0.19523364
9720,477074,0.14,0.14,10.99,100.0,0.0091412668,0.19522926000000002
9730,477551,0.14,0.14,11.09,100.0,0.0091404082,0.19522449
9740,478041,0.18,0.18,11.29,100.0,0.0091395262,0.19521959
9750,478541,0.19,0.19,11.46,100.0,0.0091386262,0.19521459000000002
9760,479024,0.2,0.2,11.6,100.0,0.0091377568,0.19520976
9770,479493,0.23,0.23,11.69,100.0,0.0091369126,0.19520507
9780,479975,0.25,0.25,11.68,100.0,0.009136045,0.19520025000000002
9790,480458,0.23,0.23,11.64,100.0,0.0091351756,0.19519542
9800,480941,0.24,0.24,11.47,100.0,0.009134306200000001,0.19519059
9810,481429,0.29,0.29,11.87,100.0,0.0091334278,0.19518571
9820,481917,0.31,0.31,11.96,100.0,0.0091325494,0.19518083
9830,482401,0.3,0.3,12.15,100.0,0.0091316782,0.19517599000000002
9840,482900,0.27,0.27,12.15,100.0,0.00913078,0.195171
9850,483386,0.26,0.26,11.55,100.0,0.0091299052,0.19516614000000002
9860,483865,0.28,0.28,11.64,100.0,0.009129043,0.19516135
9870,484334,0.27,0.27,11.96,100.0,0.0091281988,0.19515666
9880,484818,0.26,0.26,11.97,100.0,0.0091273276,0.19515182
9890,485307,0.26,0.26,12.01,100.0,0.0091264474,0.19514693
9900,485779,0.28,0.28,12.02,100.0,0.0091255978,0.19514221
9910,486279,0.26,0.26,11.56,100.0,0.0091246978,0.19513721
9920,486750,0.24,0.24,11.48,100.0,0.00912385,0.19513250000000001
9930,487232,0.24,0.24,11.5,100.0,0.0091229824,0.19512768
9940,487712,0.24,0.24,11.89,100.0,0.0091221184,0.19512288
9950,488212,0.25,0.25,12.07,100.0,0.0091212184,0.19511788000000002
9960,488693,0.26,0.26,12.08,100.0,0.0091203526,0.19511307
9970,489164,0.23,0.23,12.07,100.0,0.0091195048,0.19510836
9980,489617,0.25,0.25,12.05,100.0,0.0091186894,0.19510383
9990,490100,0.27,0.27,12.3,100.0,0.00911782,0.19509900000000002
10000,490587,0.26,0.26,11.98,100.0,0.0091169434,0.19509413
10010,491083,0.26,0.26,12.06,100.0,0.0091160506,0.19508917
10020,491582,0.29,0.29,12.27,100.0,0.0091151524,0.19508418
10030,492047,0.29,0.29,12.29,100.0,0.0091143154,0.19507953
10040,492518,0.29,0.29,12.0,100.0,0.0091134676,0.19507482
10050,493018,0.26,0.26,11.98,100.0,0.0091125676,0.19506982
10060,493505,0.25,0.25,12.13,100.0,0.009111691,0.19506495000000001
10070,493981,0.27,0.27,12.47,100.0,0.009110834200000001,0.19506019000000002
10080,494465,0.24,0.24,12.35,100.0,0.009109963,0.19505535000000002
10090,494930,0.26,0.26,12.59,100.0,0.009109126,0.19505070000000002
10100,495398,0.24,0.24,12.59,100.0,0.0091082836,0.19504602000000001
10110,495866,0.26,0.26,12.74,100.0,0.0091074412,0.19504134
10120,496327,0.24,0.24,12.62,100.0,0.0091066114,0.19503673000000002
10130,496827,0.24,0.24,12.42,100.0,0.0091057114,0.19503173000000001
10140,497321,0.25,0.25,12.07,100.0,0.0091048222,0.19502679
10150,497798,0.25,0.25,12.4,100.0,0.0091039636,0.19502202000000002
10160,498298,0.26,0.26,11.89,100.0,0.0091030636,0.19501702
10170,498741,0.28,0.28,11.88,100.0,0.0091022662,0.19501259
10180,499226,0.3,0.3,12.05,100.0,0.0091013932,0.19500774
10190,499718,0.28,0.28,11.96,100.0,0.0091005076,0.19500282000000002
10200,500183,0.29,0.29,12.02,100.0,0.0090996706,0.19499817
10210,500670,0.28,0.28,11.52,100.0,0.009098794,0.1949933
10220,501132,0.3,0.3,11.48,100.0,0.0090979624,0.19498868
10230,501626,0.32,0.32,11.81,100.0,0.0090970732,0.19498374000000002
10240,502123,0.31,0.31,11.79,100.0,0.009096178600000001,0.19497877000000002
10250,502623,0.33,0.33,11.68,100.0,0.0090952786,0.19497377000000002
10260,503120,0.31,0.31,11.43,100.0,0.009094384,0.1949688
10270,503569,0.31,0.31,11.34,100.0,0.0090935758,0.19496431
10280,504048,0.32,0.32,11.38,100.0,0.0090927136,0.19495952
10290,504541,0.33,0.33,11.36,100.0,0.0090918262,0.19495459
10300,505022,0.32,0.32,11.42,100.0,0.0090909604,0.19494978000000002
10310,505522,0.29,0.29,11.09,100.0,0.0090900604,0.19494478
10320,505988,0.29,0.29,11.03,100.0,0.0090892216,0.19494012000000002
10330,506467,0.31,0.31,11.11,100.0,0.0090883594,0.19493533000000002
10340,506956,0.3,0.3,11.33,100.0,0.0090874792,0.19493044
10350,507442,0.31,0.31,11.31,100.0,0.0090866044,0.19492558000000001
10360,507934,0.31,0.31,11.45,100.0,0.0090857188,0.19492066000000002
10370,508434,0.28,0.28,11.33,100.0,0.0090848188,0.19491566000000002
10380,508924,0.27,0.27,11.41,100.0,0.009083936800000001,0.19491076000000002
10390,509424,0.27,0.27,11.45,100.0,0.0090830368,0.19490576
10400,509912,0.29,0.29,11.45,100.0,0.0090821584,0.19490088
10410,510408,0.31,0.31,12.06,100.0,0.009081265600000001,0.19489592
10420,510908,0.32,0.32,11.99,100.0,0.009080365600000001,0.19489092000000002
10430,511372,0.28,0.28,11.94,100.0,0.0090795304,0.19488628000000002
10440,511838,0.31,0.31,11.72,100.0,0.009078691600000001,0.19488162
10450,512325,0.3,0.3,11.34,100.0,0.009077815,0.19487675000000002
10460,512810,0.31,0.31,11.36,100.0,0.009076942,0.19487190000000001
10470,513280,0.32,0.32,11.25,100.0,0.009076096,0.19486720000000002
10480,513740,0.33,0.33,11.05,100.0,0.009075268000000001,0.1948626
10490,514231,0.3,0.3,11.02,100.0,0.0090743842,0.19485769
10500,514731,0.29,0.29,11.2,100.0,0.0090734842,0.19485269
10510,515206,0.27,0.27,11.21,100.0,0.0090726292,0.19484794
10520,515683,0.26,0.26,11.18,100.0,0.009071770600000001,0.19484317
10530,516143,0.28,0.28,11.13,100.0,0.0090709426,0.19483857000000002
10540,516613,0.25,0.25,11.3,100.0,0.0090700966,0.19483387000000002
10550,517079,0.24,0.24,11.23,100.0,0.009069257800000001,0.19482921
10560,517552,0.23,0.23,10.86,100.0,0.0090684064,0.19482448000000002
10570,518020,0.2,0.2,10.86,100.0,0.009067564,0.19481980000000002
10580,518502,0.2,0.2,10.9,100.0,0.009066696400000001,0.19481498
10590,518997,0.22,0.22,10.89,100.0,0.0090658054,0.19481003000000002
10600,519487,0.2,0.2,10.89,100.0,0.009064923400000001,0.19480513000000002
10610,519974,0.2,0.2,10.85,100.0,0.0090640468,0.19480026
10620,520474,0.18,0.18,10.79,100.0,0.0090631468,0.19479526
10630,520942,0.21,0.21,10.83,100.0,0.0090623044,0.19479058000000002
10640,521433,0.21,0.21,10.7,100.0,0.0090614206,0.19478567000000002
10650,521917,0.23,0.23,10.92,100.0,0.0090605494,0.19478083000000002
10660,522404,0.29,0.29,11.4,100.0,0.0090596728,0.19477596
10670,522904,0.33,0.33,11.35,100.0,0.0090587728,0.19477096000000002
10680,523384,0.33,0.33,11.5,100.0,0.0090579088,0.19476616000000002
10690,523870,0.33,0.33,11.84,100.0,0.009057034,0.1947613
10700,524326,0.33,0.33,11.84,100.0,0.0090562132,0.19475674
10710,524819,0.37,0.37,11.36,100.0,0.0090553258,0.19475181
10720,525286,0.35,0.35,11.36,100.0,0.0090544852,0.19474714
10730,525786,0.3,0.3,11.38,100.0,0.0090535852,0.19474214
10740,526259,0.3,0.3,11.3,100.0,0.0090527338,0.19473741
10750,526741,0.3,0.3,11.3,100.0,0.0090518662,0.19473259
10760,527233,0.25,0.25,11.33,100.0,0.0090509806,0.19472767000000002
10770,527690,0.22,0.22,10.95,100.0,0.009050157999999999,0.1947231
10780,528172,0.2,0.2,10.89,100.0,0.0090492904,0.19471828000000002
10790,528650,0.2,0.2,11.27,100.0,0.00904843,0.1947135
10800,529150,0.2,0.2,11.27,100.0,0.00904753,0.1947085
10810,529630,0.18,0.18,10.76,100.0,0.009046666,0.1947037
10820,530107,0.21,0.21,10.47,100.0,0.0090458074,0.19469893000000002
10830,530607,0.25,0.25,10.31,100.0,0.0090449074,0.19469393000000002
10840,531085,0.24,0.24,10.31,100.0,0.009044047,0.19468915
10850,531575,0.23,0.23,10.3,100.0,0.009043165,0.19468425
10860,532039,0.23,0.23,10.22,100.0,0.0090423298,0.19467961
10870,532514,0.23,0.23,10.39,100.0,0.009041474800000001,0.19467486
10880,533002,0.25,0.25,10.4,100.0,0.0090405964,0.19466998000000002
10890,533502,0.23,0.23,10.47,100.0,0.0090396964,0.19466498000000002
10900,533976,0.27,0.27,10.29,100.0,0.0090388432,0.19466024
10910,534455,0.28,0.28,10.43,100.0,0.009037981,0.19465545
10920,534941,0.28,0.28,10.81,100.0,0.0090371062,0.19465059
10930,535426,0.26,0.26,11.08,100.0,0.0090362332,0.19464574
10940,535907,0.27,0.27,11.09,100.0,0.009035367400000001,0.19464093000000002
10950,536374,0.28,0.28,10.89,100.0,0.0090345268,0.19463626
10960,536854,0.31,0.31,11.07,100.0,0.0090336628,0.19463146
10970,537339,0.31,0.31,11.08,100.0,0.0090327898,0.19462661
10980,537814,0.31,0.31,11.04,100.0,0.0090319348,0.19462186
10990,538314,0.32,0.32,11.11,100.0,0.0090310348,0.19461686
11000,538814,0.32,0.32,11.19,100.0,0.0090301348,0.19461186
11010,539303,0.32,0.32,11.04,100.0,0.0090292546,0.19460697000000002
11020,539786,0.31,0.31,10.93,100.0,0.0090283852,0.19460214
11030,540268,0.31,0.31,10.9,100.0,0.0090275176,0.19459732000000002
11040,540757,0.34,0.34,10.74,100.0,0.0090266374,0.19459243
11050,541238,0.34,0.34,10.79,100.0,0.0090257716,0.19458762000000002
11060,541720,0.31,0.31,10.88,100.0,0.009024904,0.1945828
11070,542220,0.32,0.32,10.63,100.0,0.009024004,0.19457780000000002
11080,542715,0.29,0.29,10.46,100.0,0.009023113,0.19457285000000002
11090,543201,0.27,0.27,10.46,100.0,0.0090222382,0.19456799
11100,543670,0.24,0.24,10.36,100.0,0.009021394,0.19456330000000002
11110,544152,0.23,0.23,10.5,100.0,0.0090205264,0.19455848
11120,544635,0.22,0.22,10.79,100.0,0.009019657,0.19455365000000002
11130,545134,0.23,0.23,10.8,100.0,0.0090187588,0.19454866
11140,545622,0.25,0.25,10.92,100.0,0.0090178804,0.19454378
11150,546122,0.23,0.23,10.92,100.0,0.0090169804,0.19453878000000002
11160,546616,0.21,0.21,11.12,100.0,0.0090160912,0.19453384
11170,547116,0.22,0.22,11.16,100.0,0.0090151912,0.19452884
11180,547616,0.24,0.24,10.86,100.0,0.0090142912,0.19452384
11190,548077,0.25,0.25,10.95,100.0,0.0090134614,0.19451923000000002
11200,548553,0.29,0.29,10.8,100.0,0.0090126046,0.19451447
11210,549053,0.27,0.27,10.99,100.0,0.0090117046,0.19450947000000002
11220,549544,0.28,0.28,11.2,100.0,0.0090108208,0.19450456000000002
11230,549996,0.25,0.25,11.21,100.0,0.0090100072,0.19450004
11240,550469,0.21,0.21,11.24,100.0,0.0090091558,0.19449531
11250,550964,0.22,0.22,11.27,100.0,0.0090082648,0.19449036
11260,551438,0.23,0.23,11.15,100.0,0.009007411600000001,0.19448562
11270,551913,0.23,0.23,11.01,100.0,0.0090065566,0.19448087
11280,552404,0.22,0.22,10.97,100.0,0.0090056728,0.19447596
11290,552871,0.23,0.23,10.94,100.0,0.0090048322,0.19447129000000002
11300,553371,0.21,0.21,11.06,100.0,0.0090039322,0.19446629
11310,553871,0.24,0.24,11.02,100.0,0.0090030322,0.19446129
11320,554327,0.24,0.24,10.6,100.0,0.0090022114,0.19445673000000002
11330,554784,0.23,0.23,10.6,100.0,0.0090013888,0.19445216
11340,555265,0.24,0.24,10.57,100.0,0.009000523,0.19444735000000002
11350,555765,0.21,0.21,10.57,100.0,0.008999623,0.19444235
11360,556241,0.19,0.19,10.57,100.0,0.008998766200000001,0.19443759000000002
11370,556726,0.19,0.19,10.59,100.0,0.0089978932,0.19443274000000002
11380,557215,0.19,0.19,10.98,100.0,0.008997013,0.19442785
11390,557690,0.19,0.19,11.04,100.0,0.008996158,0.19442310000000002
11400,558190,0.17,0.17,11.05,100.0,0.008995258,0.1944181
11410,558690,0.17,0.17,10.98,100.0,0.008994358000000001,0.1944131
11420,559160,0.19,0.19,11.5,100.0,0.008993512,0.1944084
11430,559651,0.21,0.21,11.56,100.0,0.0089926282,0.19440349
11440,560151,0.18,0.18,11.56,100.0,0.0089917282,0.19439849
11450,560616,0.2,0.2,11.4,100.0,0.0089908912,0.19439384
11460,561086,0.23,0.23,11.28,100.0,0.0089900452,0.19438914000000002
11470,561586,0.22,0.22,11.34,100.0,0.0089891452,0.19438414
11480,562086,0.22,0.22,11.34,100.0,0.0089882452,0.19437914
11490,562579,0.22,0.22,11.39,100.0,0.0089873578,0.19437421000000002
11500,563072,0.23,0.23,11.33,100.0,0.0089864704,0.19436928
11510,563570,0.22,0.22,11.21,100.0,0.008985574,0.19436430000000002
11520,564070,0.22,0.22,11.26,100.0,0.008984674,0.1943593
11530,564560,0.2,0.2,11.26,100.0,0.008983792,0.1943544
11540,565050,0.23,0.23,11.26,100.0,0.00898291,0.1943495
11550,565550,0.24,0.24,11.12,100.0,0.00898201,0.1943445
11560,566004,0.23,0.23,11.14,100.0,0.0089811928,0.19433996
11570,566504,0.23,0.23,11.34,100.0,0.008980292800000001,0.19433496
11580,566997,0.24,0.24,11.47,100.0,0.0089794054,0.19433003000000001
11590,567497,0.25,0.25,11.45,100.0,0.0089785054,0.19432503
11600,567984,0.24,0.24,11.45,100.0,0.0089776288,0.19432016000000002
11610,568470,0.23,0.23,11.35,100.0,0.008976754,0.1943153
11620,568958,0.22,0.22,11.23,100.0,0.0089758756,0.19431042
11630,569436,0.26,0.26,11.34,100.0,0.0089750152,0.19430564
11640,569933,0.23,0.23,11.34,100.0,0.0089741206,0.19430067
11650,570422,0.24,0.24,11.37,100.0,0.0089732404,0.19429578
11660,570904,0.28,0.28,11.71,100.0,0.0089723728,0.19429096
11670,571383,0.26,0.26,11.71,100.0,0.0089715106,0.19428617
11680,571867,0.27,0.27,11.95,100.0,0.008970639400000001,0.19428133
11690,572338,0.26,0.26,11.73,100.0,0.0089697916,0.19427662
11700,572825,0.28,0.28,11.7,100.0,0.008968915000000001,0.19427175000000002
11710,573264,0.29,0.29,12.01,100.0,0.0089681248,0.19426736
11720,573746,0.26,0.26,12.01,100.0,0.0089672572,0.19426254
11730,574246,0.25,0.25,12.04,100.0,0.0089663572,0.19425754
11740,574745,0.29,0.29,12.27,100.0,0.008965459,0.19425255
11750,575234,0.27,0.27,12.42,100.0,0.0089645788,0.19424766000000002
11760,575706,0.23,0.23,12.07,100.0,0.0089637292,0.19424294
11770,576193,0.23,0.23,12.07,100.0,0.0089628526,0.19423807
11780,576677,0.22,0.22,12.1,100.0,0.0089619814,0.19423323
11790,577177,0.21,0.21,12.07,100.0,0.008961081400000001,0.19422823
11800,577677,0.21,0.21,12.05,100.0,0.0089601814,0.19422323
11810,578146,0.22,0.22,12.1,100.0,0.0089593372,0.19421854
11820,578646,0.25,0.25,11.98,100.0,0.0089584372,0.19421354000000002
11830,579140,0.24,0.24,11.98,100.0,0.008957548,0.1942086
11840,579610,0.22,0.22,11.59,100.0,0.008956702,0.1942039
11850,580097,0.22,0.22,11.76,100.0,0.0089558254,0.19419903000000002
11860,580597,0.21,0.21,11.77,100.0,0.008954925400000001,0.19419403000000002
11870,581094,0.26,0.26,11.73,100.0,0.0089540308,0.19418906
11880,581557,0.26,0.26,11.15,100.0,0.0089531974,0.19418443000000002
11890,582057,0.29,0.29,11.13,100.0,0.0089522974,0.19417943000000001
11900,582554,0.29,0.29,11.12,100.0,0.008951402800000001,0.19417446000000002
11910,583029,0.27,0.27,11.16,100.0,0.0089505478,0.19416971
11920,583517,0.28,0.28,11.25,100.0,0.0089496694,0.19416483
11930,584005,0.28,0.28,11.44,100.0,0.008948791,0.19415995
11940,584499,0.29,0.29,11.53,100.0,0.0089479018,0.19415501000000002
11950,584977,0.31,0.31,11.32,100.0,0.0089470414,0.19415023
11960,585473,0.34,0.34,11.83,100.0,0.0089461486,0.19414527
11970,585922,0.32,0.32,11.51,100.0,0.0089453404,0.19414078
11980,586413,0.29,0.29,11.51,100.0,0.008944456600000001,0.19413587000000002
11990,586892,0.27,0.27,11.43,100.0,0.008943594400000001,0.19413108
12000,587387,0.27,0.27,11.33,100.0,0.0089427034,0.19412613
12010,587852,0.27,0.27,11.24,100.0,0.0089418664,0.19412148
12020,588342,0.29,0.29,11.49,100.0,0.008940984400000001,0.19411658
12030,588807,0.28,0.28,11.5,100.0,0.0089401474,0.19411193000000002
12040,589293,0.29,0.29,11.41,100.0,0.0089392726,0.19410707000000002
12050,589783,0.27,0.27,11.07,100.0,0.0089383906,0.19410217000000002
12060,590281,0.24,0.24,11.2,100.0,0.0089374942,0.19409719
12070,590777,0.24,0.24,11.1,100.0,0.0089366014,0.19409223
12080,591258,0.26,0.26,11.13,100.0,0.0089357356,0.19408742
12090,591739,0.25,0.25,10.79,100.0,0.0089348698,0.19408261000000002
12100,592201,0.25,0.25,10.8,100.0,0.008934038200000001,0.19407799
12110,592694,0.25,0.25,10.6,100.0,0.0089331508,0.19407306000000002
12120,593194,0.21,0.21,10.82,100.0,0.0089322508,0.19406806000000001
12130,593677,0.22,0.22,10.83,100.0,0.0089313814,0.19406323
12140,594155,0.21,0.21,10.62,100.0,0.008930521,0.19405845000000002
12150,594635,0.21,0.21,10.47,100.0,0.008929657,0.19405365000000002
12160,595108,0.26,0.26,10.68,100.0,0.008928805599999999,0.19404892
12170,595592,0.24,0.24,10.6,100.0,0.0089279344,0.19404408
12180,596082,0.24,0.24,10.5,100.0,0.0089270524,0.19403918
12190,596550,0.25,0.25,10.51,100.0,0.00892621,0.1940345
12200,597010,0.22,0.22,10.51,100.0,0.008925382,0.1940299
12210,597464,0.21,0.21,10.6,100.0,0.0089245648,0.19402536
12220,597964,0.22,0.22,10.59,100.0,0.0089236648,0.19402036
12230,598453,0.22,0.22,10.67,100.0,0.0089227846,0.19401547000000002
12240,598943,0.22,0.22,10.72,100.0,0.0089219026,0.19401057000000002
12250,599443,0.22,0.22,10.7,100.0,0.0089210026,0.19400557000000002
12260,599920,0.18,0.18,10.64,100.0,0.008920144,0.1940008
12270,600420,0.21,0.21,10.78,100.0,0.008919244,0.1939958
12280,600920,0.22,0.22,11.43,100.0,0.008918344,0.19399080000000002
12290,601400,0.2,0.2,11.43,100.0,0.00891748,0.19398600000000002
12300,601882,0.26,0.26,11.33,100.0,0.0089166124,0.19398118
12310,602378,0.25,0.25,11.33,100.0,0.0089157196,0.19397622
12320,602856,0.25,0.25,11.5,100.0,0.0089148592,0.19397144
12330,603351,0.25,0.25,11.86,100.0,0.0089139682,0.19396649000000002
12340,603838,0.24,0.24,11.85,100.0,0.0089130916,0.19396162
12350,604303,0.25,0.25,11.9,100.0,0.0089122546,0.19395697
12360,604803,0.27,0.27,12.36,100.0,0.008911354600000001,0.19395197
12370,605303,0.25,0.25,12.15,100.0,0.0089104546,0.19394697
12380,605793,0.24,0.24,12.13,100.0,0.0089095726,0.19394207000000002
12390,606293,0.27,0.27,12.18,100.0,0.0089086726,0.19393707000000002
12400,606786,0.24,0.24,12.48,100.0,0.0089077852,0.19393214
12410,607286,0.27,0.27,12.21,100.0,0.0089068852,0.19392714
12420,607768,0.26,0.26,12.36,100.0,0.0089060176,0.19392232
12430,608268,0.27,0.27,12.16,100.0,0.0089051176,0.19391732
12440,608748,0.27,0.27,12.13,100.0,0.0089042536,0.19391252
12450,609248,0.27,0.27,11.97,100.0,0.0089033536,0.19390752
12460,609731,0.26,0.26,12.45,100.0,0.0089024842,0.19390269000000002
12470,610231,0.26,0.26,12.5,100.0,0.0089015842,0.19389769
12480,610701,0.29,0.29,12.32,100.0,0.008900738200000001,0.19389299000000002
12490,611189,0.27,0.27,12.27,100.0,0.0088998598,0.19388811
12500,611678,0.27,0.27,12.25,100.0,0.0088989796,0.19388322000000002
12510,612175,0.29,0.29,12.55,100.0,0.008898085,0.19387825
12520,612663,0.31,0.31,12.65,100.0,0.0088972066,0.19387337000000002
12530,613153,0.3,0.3,12.51,100.0,0.0088963246,0.19386847000000001
12540,613623,0.29,0.29,12.47,100.0,0.0088954786,0.19386377000000002
12550,614122,0.29,0.29,12.43,100.0,0.008894580400000001,0.19385878
12560,614617,0.3,0.3,13.27,100.0,0.0088936894,0.19385383
12570,615102,0.31,0.31,12.64,100.0,0.0088928164,0.19384898
12580,615602,0.29,0.29,12.96,100.0,0.0088919164,0.19384398
12590,616080,0.3,0.3,12.93,100.0,0.008891056,0.19383920000000002
12600,616579,0.33,0.33,12.89,100.0,0.0088901578,0.19383421
12610,617053,0.29,0.29,12.88,100.0,0.0088893046,0.19382947
12620,617521,0.31,0.31,12.61,100.0,0.0088884622,0.19382479
12630,618008,0.31,0.31,12.77,100.0,0.0088875856,0.19381992
12640,618485,0.31,0.31,12.8,100.0,0.008886727,0.19381515000000002
12650,618957,0.29,0.29,12.48,100.0,0.0088858774,0.19381043
12660,619426,0.28,0.28,12.56,100.0,0.0088850332,0.19380574
12670,619926,0.27,0.27,12.62,100.0,0.0088841332,0.19380074
12680,620414,0.29,0.29,12.15,100.0,0.0088832548,0.19379586000000001
12690,620907,0.28,0.28,12.17,100.0,0.0088823674,0.19379093
12700,621385,0.24,0.24,12.24,100.0,0.008881507,0.19378615000000002
12710,621850,0.24,0.24,12.18,100.0,0.00888067,0.1937815
12720,622350,0.2,0.2,12.1,100.0,0.00887977,0.19377650000000002
12730,622846,0.2,0.2,11.78,100.0,0.0088788772,0.19377154000000002
12740,623346,0.22,0.22,11.99,100.0,0.0088779772,0.19376654000000001
12750,623811,0.22,0.22,12.24,100.0,0.0088771402,0.19376189000000002
12760,624311,0.21,0.21,12.26,100.0,0.0088762402,0.19375689000000001
12770,624763,0.21,0.21,12.26,100.0,0.0088754266,0.19375237
12780,625249,0.19,0.19,12.27,100.0,0.0088745518,0.19374751
12790,625745,0.21,0.21,12.48,100.0,0.008873658999999999,0.19374255
12800,626238,0.21,0.21,12.41,100.0,0.0088727716,0.19373762
12810,626738,0.23,0.23,12.23,100.0,0.008871871600000001,0.19373262000000002
12820,627208,0.25,0.25,12.57,100.0,0.0088710256,0.19372792
12830,627702,0.26,0.26,12.7,100.0,0.0088701364,0.19372298000000002
12840,628174,0.25,0.25,12.75,100.0,0.0088692868,0.19371826
12850,628657,0.25,0.25,12.33,100.0,0.0088684174,0.19371343000000002
12860,629130,0.25,0.25,12.43,100.0,0.008867566,0.1937087
12870,629630,0.24,0.24,12.06,100.0,0.008866666,0.1937037
12880,630120,0.23,0.23,12.05,100.0,0.008865784,0.1936988
12890,630620,0.23,0.23,12.32,100.0,0.008864884,0.1936938
12900,631116,0.23,0.23,12.19,100.0,0.0088639912,0.19368884
12910,631600,0.25,0.25,11.84,100.0,0.00886312,0.19368400000000002
12920,632079,0.26,0.26,11.98,100.0,0.0088622578,0.19367921000000002
12930,632576,0.25,0.25,12.11,100.0,0.0088613632,0.19367424
12940,633058,0.25,0.25,12.04,100.0,0.0088604956,0.19366942
12950,633546,0.25,0.25,12.17,100.0,0.0088596172,0.19366454
12960,634035,0.26,0.26,12.23,100.0,0.008858737,0.19365965000000002
12970,634482,0.25,0.25,12.23,100.0,0.0088579324,0.19365518
12980,634942,0.24,0.24,12.09,100.0,0.0088571044,0.19365058000000002
12990,635399,0.24,0.24,11.58,100.0,0.0088562818,0.19364601
13000,635877,0.26,0.26,11.82,100.0,0.0088554214,0.19364123
13010,636345,0.21,0.21,11.82,100.0,0.008854579,0.19363655000000002
13020,636821,0.18,0.18,11.8,100.0,0.0088537222,0.19363179
13030,637321,0.2,0.2,11.92,100.0,0.0088528222,0.19362679000000002
13040,637812,0.2,0.2,12.02,100.0,0.0088519384,0.19362188
13050,638312,0.2,0.2,12.1,100.0,0.0088510384,0.19361688000000002
13060,638804,0.19,0.19,11.92,100.0,0.0088501528,0.19361196
13070,639269,0.2,0.2,11.9,100.0,0.0088493158,0.19360731
13080,639769,0.23,0.23,12.08,100.0,0.0088484158,0.19360231
13090,640261,0.22,0.22,12.09,100.0,0.0088475302,0.19359739
13100,640718,0.2,0.2,12.01,100.0,0.0088467076,0.19359282
13110,641176,0.22,0.22,11.81,100.0,0.0088458832,0.19358824000000002
13120,641663,0.23,0.23,12.29,100.0,0.0088450066,0.19358337
13130,642142,0.22,0.22,12.23,100.0,0.0088441444,0.19357858
13140,642620,0.28,0.28,11.64,100.0,0.008843284,0.19357380000000002
13150,643120,0.31,0.31,11.6,100.0,0.008842384,0.1935688
13160,643602,0.32,0.32,11.53,100.0,0.008841516399999999,0.19356398
13170,644102,0.34,0.34,11.44,100.0,0.008840616400000001,0.19355898000000002
13180,644581,0.31,0.31,11.64,100.0,0.008839754200000001,0.19355419000000001
13190,645081,0.33,0.33,11.29,100.0,0.0088388542,0.19354919
13200,645581,0.35,0.35,10.96,100.0,0.0088379542,0.19354419
13210,646081,0.35,0.35,10.75,100.0,0.0088370542,0.19353919
13220,646563,0.35,0.35,10.84,100.0,0.0088361866,0.19353437
13230,647057,0.33,0.33,10.91,100.0,0.0088352974,0.19352943
13240,647557,0.3,0.3,11.08,100.0,0.0088343974,0.19352443
13250,648037,0.28,0.28,10.98,100.0,0.0088335334,0.19351963
13260,648507,0.28,0.28,10.92,100.0,0.0088326874,0.19351493
13270,648996,0.25,0.25,10.92,100.0,0.0088318072,0.19351004000000002
13280,649477,0.28,0.28,11.04,100.0,0.0088309414,0.19350523
13290,649939,0.27,0.27,11.2,100.0,0.0088301098,0.19350061000000002
13300,650420,0.28,0.28,10.91,100.0,0.008829244,0.1934958
13310,650875,0.29,0.29,10.85,100.0,0.008828425,0.19349125
13320,651373,0.27,0.27,10.75,100.0,0.0088275286,0.19348627000000002
13330,651839,0.29,0.29,10.81,100.0,0.0088266898,0.19348161
13340,652328,0.28,0.28,10.76,100.0,0.0088258096,0.19347672000000002
13350,652801,0.29,0.29,10.34,100.0,0.0088249582,0.19347199
13360,653269,0.27,0.27,10.3,100.0,0.0088241158,0.19346731
13370,653769,0.29,0.29,10.15,100.0,0.008823215799999999,0.19346231
13380,654253,0.27,0.27,10.11,100.0,0.0088223446,0.19345747000000002
13390,654713,0.24,0.24,10.11,100.0,0.0088215166,0.19345287
13400,655189,0.21,0.21,10.1,100.0,0.0088206598,0.19344811
13410,655667,0.19,0.19,10.12,100.0,0.0088197994,0.19344333
13420,656157,0.22,0.22,10.21,100.0,0.008818917400000001,0.19343843000000002
13430,656644,0.21,0.21,10.34,100.0,0.0088180408,0.19343356
13440,657127,0.2,0.2,9.91,100.0,0.0088171714,0.19342873000000002
13450,657627,0.19,0.19,9.84,100.0,0.0088162714,0.19342373000000002
13460,658114,0.25,0.25,9.68,100.0,0.0088153948,0.19341886
13470,658602,0.25,0.25,9.59,100.0,0.0088145164,0.19341398
13480,659085,0.25,0.25,9.86,100.0,0.008813647,0.19340915
13490,659577,0.26,0.26,9.88,100.0,0.0088127614,0.19340423
13500,660057,0.26,0.26,9.9,100.0,0.008811897400000001,0.19339943
13510,660551,0.28,0.28,9.35,100.0,0.0088110082,0.19339449
13520,661047,0.26,0.26,9.56,100.0,0.0088101154,0.19338953
13530,661533,0.29,0.29,9.83,100.0,0.0088092406,0.19338467
13540,662031,0.29,0.29,10.16,100.0,0.0088083442,0.19337969000000002
13550,662525,0.31,0.31,10.2,100.0,0.008807455,0.19337475
13560,663009,0.26,0.26,10.26,100.0,0.0088065838,0.19336991
13570,663509,0.28,0.28,9.62,100.0,0.0088056838,0.19336491
13580,664009,0.29,0.29,9.78,100.0,0.0088047838,0.19335991
13590,664472,0.29,0.29,9.8,100.0,0.0088039504,0.19335528000000002
13600,664948,0.28,0.28,9.82,100.0,0.008803093599999999,0.19335052
13610,665448,0.29,0.29,9.86,100.0,0.008802193600000001,0.19334552000000002
13620,665938,0.27,0.27,9.86,100.0,0.0088013116,0.19334062000000002
13630,666414,0.22,0.22,9.86,100.0,0.0088004548,0.19333586
13640,666883,0.23,0.23,9.66,100.0,0.0087996106,0.19333117
13650,667372,0.21,0.21,9.55,100.0,0.0087987304,0.19332628000000002
13660,667872,0.24,0.24,9.51,100.0,0.0087978304,0.19332128
13670,668372,0.22,0.22,9.75,100.0,0.0087969304,0.19331628
13680,668831,0.21,0.21,9.71,100.0,0.0087961042,0.19331169
13690,669316,0.2,0.2,9.71,100.0,0.0087952312,0.19330684
13700,669815,0.26,0.26,9.54,100.0,0.008794333,0.19330185
13710,670315,0.24,0.24,9.58,100.0,0.008793433,0.19329685000000002
13720,670815,0.28,0.28,9.55,100.0,0.008792533,0.19329185000000002
13730,671304,0.29,0.29,9.62,100.0,0.0087916528,0.19328696
13740,671786,0.29,0.29,9.68,100.0,0.0087907852,0.19328214000000002
13750,672268,0.27,0.27,9.68,100.0,0.0087899176,0.19327732
13760,672756,0.24,0.24,10.15,100.0,0.0087890392,0.19327244000000002
13770,673256,0.24,0.24,10.33,100.0,0.0087881392,0.19326744
13780,673746,0.24,0.24,10.28,100.0,0.0087872572,0.19326254
13790,674246,0.26,0.26,10.69,100.0,0.0087863572,0.19325754
13800,674728,0.21,0.21,10.68,100.0,0.0087854896,0.19325272000000002
13810,675213,0.23,0.23,10.9,100.0,0.0087846166,0.19324787000000002
13820,675700,0.21,0.21,11.22,100.0,0.00878374,0.193243
13830,676152,0.23,0.23,11.4,100.0,0.0087829264,0.19323848000000002
13840,676640,0.23,0.23,11.11,100.0,0.008782048,0.1932336
13850,677082,0.23,0.23,11.11,100.0,0.0087812524,0.19322918
13860,677535,0.22,0.22,11.16,100.0,0.008780437,0.19322465
13870,678026,0.2,0.2,11.16,100.0,0.0087795532,0.19321974
13880,678492,0.2,0.2,11.0,100.0,0.0087787144,0.19321508
13890,678970,0.19,0.19,11.44,100.0,0.008777854,0.1932103
13900,679443,0.19,0.19,11.65,100.0,0.0087770026,0.19320557000000002
13910,679923,0.16,0.16,11.64,100.0,0.0087761386,0.19320077000000002
13920,680403,0.16,0.16,11.85,100.0,0.0087752746,0.19319597000000002
13930,680873,0.15,0.15,11.99,100.0,0.0087744286,0.19319127
13940,681330,0.14,0.14,12.4,100.0,0.008773606,0.19318670000000002
13950,681802,0.15,0.15,12.36,100.0,0.0087727564,0.19318198
13960,682286,0.14,0.14,12.36,100.0,0.0087718852,0.19317714
13970,682784,0.18,0.18,12.32,100.0,0.0087709888,0.19317216
13980,683283,0.17,0.17,12.27,100.0,0.0087700906,0.19316717
13990,683783,0.23,0.23,12.38,100.0,0.0087691906,0.19316217000000002
14000,684283,0.23,0.23,12.27,100.0,0.0087682906,0.19315717000000002
14010,684757,0.22,0.22,12.27,100.0,0.0087674374,0.19315243
14020,685257,0.22,0.22,12.43,100.0,0.0087665374,0.19314743
14030,685745,0.21,0.21,12.43,100.0,0.008765659,0.19314255
14040,686245,0.21,0.21,12.24,100.0,0.008764759,0.19313755000000002
14050,686720,0.24,0.24,12.1,100.0,0.008763904,0.19313280000000002
14060,687215,0.3,0.3,12.01,100.0,0.008763013,0.19312785000000002
14070,687709,0.3,0.3,12.29,100.0,0.0087621238,0.19312291
14080,688191,0.32,0.32,12.28,100.0,0.0087612562,0.19311809000000002
14090,688673,0.28,0.28,12.48,100.0,0.0087603886,0.19311327
14100,689162,0.29,0.29,12.55,100.0,0.008759508400000001,0.19310838
14110,689659,0.31,0.31,12.65,100.0,0.0087586138,0.19310341
14120,690152,0.33,0.33,12.73,100.0,0.0087577264,0.19309848000000002
14130,690639,0.36,0.36,12.77,100.0,0.0087568498,0.19309361
14140,691139,0.35,0.35,12.65,100.0,0.0087559498,0.19308861000000002
14150,691621,0.34,0.34,12.89,100.0,0.0087550822,0.19308379
14160,692079,0.29,0.29,12.98,100.0,0.0087542578,0.19307921
14170,692579,0.31,0.31,13.26,100.0,0.0087533578,0.19307421
14180,693038,0.33,0.33,13.4,100.0,0.0087525316,0.19306962
14190,693522,0.32,0.32,13.25,100.0,0.0087516604,0.19306478000000002
14200,694003,0.31,0.31,12.86,100.0,0.0087507946,0.19305997
14210,694484,0.3,0.3,12.87,100.0,0.0087499288,0.19305516
14220,694957,0.31,0.31,12.27,100.0,0.0087490774,0.19305043000000002
14230,695450,0.3,0.3,12.17,100.0,0.00874819,0.1930455
14240,695950,0.28,0.28,12.17,100.0,0.00874729,0.1930405
14250,696437,0.27,0.27,11.81,100.0,0.0087464134,0.19303563
14260,696937,0.29,0.29,11.61,100.0,0.0087455134,0.19303063
14270,697401,0.27,0.27,11.99,100.0,0.0087446782,0.19302599
14280,697901,0.24,0.24,12.33,100.0,0.0087437782,0.19302099
14290,698401,0.24,0.24,11.85,100.0,0.0087428782,0.19301599
14300,698878,0.26,0.26,12.0,100.0,0.0087420196,0.19301122
14310,699374,0.3,0.3,11.82,100.0,0.0087411268,0.19300626
14320,699861,0.29,0.29,12.1,100.0,0.0087402502,0.19300139000000002
14330,700345,0.28,0.28,12.29,100.0,0.008739379,0.19299655000000002
14340,700825,0.29,0.29,12.23,100.0,0.008738515,0.19299175000000002
14350,701320,0.29,0.29,12.25,100.0,0.008737624,0.19298680000000001
14360,701819,0.29,0.29,12.29,100.0,0.0087367258,0.19298181
14370,702295,0.27,0.27,12.45,100.0,0.008735869,0.19297705
14380,702759,0.27,0.27,12.21,100.0,0.0087350338,0.19297241
14390,703259,0.28,0.28,12.22,100.0,0.0087341338,0.19296741
14400,703725,0.3,0.3,12.47,100.0,0.008733295,0.19296275000000002
14410,704225,0.29,0.29,12.42,100.0,0.008732395,0.19295775
14420,704719,0.29,0.29,12.67,100.0,0.0087315058,0.19295281
14430,705218,0.32,0.32,12.81,100.0,0.0087306076,0.19294782000000002
14440,705681,0.36,0.36,12.48,100.0,0.0087297742,0.19294319000000001
14450,706175,0.39,0.39,12.39,100.0,0.008728885,0.19293825
14460,706665,0.39,0.39,12.35,100.0,0.008728003,0.19293335
14470,707155,0.43,0.43,12.57,100.0,0.008727121000000001,0.19292845
14480,707655,0.43,0.43,12.37,100.0,0.008726221,0.19292345
14490,708144,0.45,0.45,12.06,100.0,0.0087253408,0.19291856000000002
14500,708631,0.43,0.43,12.5,100.0,0.0087244642,0.19291369
14510,709072,0.41,0.41,12.49,100.0,0.0087236704,0.19290928000000002
14520,709566,0.41,0.41,11.78,100.0,0.0087227812,0.19290434
14530,710066,0.42,0.42,12.03,100.0,0.0087218812,0.19289934
14540,710546,0.4,0.4,12.03,100.0,0.0087210172,0.19289454
14550,711015,0.37,0.37,12.09,100.0,0.008720173,0.19288985
14560,711502,0.34,0.34,12.09,100.0,0.0087192964,0.19288498
14570,711973,0.31,0.31,12.54,100.0,0.0087184486,0.19288027000000002
14580,712454,0.32,0.32,12.6,100.0,0.0087175828,0.19287546
14590,712954,0.29,0.29,12.64,100.0,0.0087166828,0.19287046000000002
14600,713439,0.27,0.27,12.52,100.0,0.0087158098,0.19286561000000002
14610,713927,0.27,0.27,12.72,100.0,0.0087149314,0.19286073
14620,714418,0.24,0.24,12.64,100.0,0.0087140476,0.19285582
14630,714918,0.19,0.19,12.54,100.0,0.0087131476,0.19285082
14640,715414,0.16,0.16,12.54,100.0,0.0087122548,0.19284586
14650,715910,0.15,0.15,12.5,100.0,0.008711362,0.1928409
14660,716407,0.16,0.16,12.57,100.0,0.0087104674,0.19283593000000002
14670,716894,0.13,0.13,12.57,100.0,0.0087095908,0.19283106
14680,717389,0.13,0.13,12.39,100.0,0.0087086998,0.19282611
14690,717889,0.14,0.14,12.46,100.0,0.0087077998,0.19282111000000002
14700,718361,0.12,0.12,12.46,100.0,0.0087069502,0.19281639
14710,718823,0.12,0.12,12.48,100.0,0.0087061186,0.19281177000000002
14720,719317,0.13,0.13,12.23,100.0,0.0087052294,0.19280683
14730,719768,0.14,0.14,12.24,100.0,0.0087044176,0.19280232
14740,720263,0.2,0.2,11.81,100.0,0.0087035266,0.19279737
14750,720748,0.23,0.23,11.54,100.0,0.0087026536,0.19279252000000002
14760,721229,0.24,0.24,11.54,100.0,0.0087017878,0.19278771
14770,721729,0.24,0.24,11.54,100.0,0.0087008878,0.19278271
14780,722213,0.23,0.23,11.36,100.0,0.0087000166,0.19277787000000002
14790,722706,0.24,0.24,11.34,100.0,0.008699129199999999,0.19277294
14800,723197,0.25,0.25,11.35,100.0,0.0086982454,0.19276803
14810,723694,0.24,0.24,11.33,100.0,0.0086973508,0.19276306
14820,724168,0.25,0.25,11.0,100.0,0.0086964976,0.19275832
14830,724658,0.29,0.29,11.66,100.0,0.0086956156,0.19275342
14840,725153,0.25,0.25,11.82,100.0,0.0086947246,0.19274847
14850,725614,0.24,0.24,11.33,100.0,0.008693894800000001,0.19274386000000002
14860,726110,0.23,0.23,11.39,100.0,0.008693002,0.19273890000000002
14870,726600,0.28,0.28,11.16,100.0,0.00869212,0.19273400000000002
14880,727087,0.27,0.27,11.31,100.0,0.0086912434,0.19272913
14890,727561,0.24,0.24,11.31,100.0,0.0086903902,0.19272439
14900,728034,0.27,0.27,11.64,100.0,0.0086895388,0.19271966000000001
14910,728507,0.28,0.28,11.76,100.0,0.0086886874,0.19271493
14920,728992,0.32,0.32,11.6,100.0,0.0086878144,0.19271008
14930,729492,0.3,0.3,11.76,100.0,0.0086869144,0.19270508
14940,729957,0.3,0.3,11.77,100.0,0.0086860774,0.19270043
14950,730434,0.29,0.29,12.0,100.0,0.0086852188,0.19269566000000002
14960,730926,0.29,0.29,11.91,100.0,0.0086843332,0.19269074
14970,731405,0.28,0.28,12.26,100.0,0.008683471,0.19268595
14980,731898,0.29,0.29,12.33,100.0,0.0086825836,0.19268102
14990,732360,0.32,0.32,12.6,100.0,0.008681752000000001,0.1926764
15000,732844,0.28,0.28,12.6,100.0,0.0086808808,0.19267156000000002
15010,733331,0.29,0.29,12.32,100.0,0.0086800042,0.19266669
15020,733760,0.24,0.24,12.38,100.0,0.008679232,0.1926624
15030,734242,0.22,0.22,12.26,100.0,0.0086783644,0.19265758
15040,734742,0.22,0.22,12.16,100.0,0.0086774644,0.19265258000000002
15050,735202,0.23,0.23,12.03,100.0,0.0086766364,0.19264798
15060,735679,0.24,0.24,12.02,100.0,0.0086757778,0.19264321
15070,736159,0.21,0.21,12.32,100.0,0.0086749138,0.19263841
15080,736648,0.21,0.21,12.71,100.0,0.0086740336,0.19263352
15090,737123,0.19,0.19,12.31,100.0,0.0086731786,0.19262877
15100,737596,0.22,0.22,12.42,100.0,0.0086723272,0.19262404
15110,738082,0.2,0.2,12.35,100.0,0.0086714524,0.19261918
15120,738582,0.2,0.2,12.61,100.0,0.0086705524,0.19261418
15130,739059,0.21,0.21,12.4,100.0,0.0086696938,0.19260941
15140,739551,0.19,0.19,12.4,100.0,0.0086688082,0.19260449000000002
15150,740027,0.19,0.19,12.37,100.0,0.0086679514,0.19259973
15160,740527,0.17,0.17,12.37,100.0,0.0086670514,0.19259473000000002
15170,741019,0.17,0.17,12.64,100.0,0.0086661658,0.19258981
15180,741508,0.15,0.15,12.64,100.0,0.0086652856,0.19258492000000002
15190,742003,0.17,0.17,12.29,100.0,0.0086643946,0.19257997000000002
15200,742478,0.15,0.15,12.55,100.0,0.0086635396,0.19257522000000002
15210,742971,0.17,0.17,12.74,100.0,0.008662652199999999,0.19257029
15220,743452,0.17,0.17,12.78,100.0,0.0086617864,0.19256548
15230,743927,0.17,0.17,12.75,100.0,0.0086609314,0.19256073
15240,744405,0.21,0.21,12.74,100.0,0.008660071,0.19255595
15250,744905,0.19,0.19,12.75,100.0,0.008659171,0.19255095
15260,745403,0.23,0.23,12.99,100.0,0.0086582746,0.19254597
15270,745892,0.23,0.23,13.21,100.0,0.0086573944,0.19254108
15280,746373,0.25,0.25,13.46,100.0,0.0086565286,0.19253627
15290,746849,0.24,0.24,13.48,100.0,0.0086556718,0.19253151000000002
15300,747337,0.26,0.26,13.02,100.0,0.0086547934,0.19252663
15310,747837,0.25,0.25,13.21,100.0,0.0086538934,0.19252163
15320,748317,0.26,0.26,13.32,100.0,0.0086530294,0.19251683
15330,748799,0.25,0.25,13.39,100.0,0.0086521618,0.19251201
15340,749265,0.24,0.24,13.47,100.0,0.008651323,0.19250735000000002
15350,749763,0.26,0.26,13.24,100.0,0.0086504266,0.19250237
15360,750242,0.27,0.27,13.3,100.0,0.0086495644,0.19249758
15370,750728,0.28,0.28,13.12,100.0,0.0086486896,0.19249272
15380,751213,0.27,0.27,13.23,100.0,0.0086478166,0.19248787
15390,751668,0.26,0.26,13.09,100.0,0.0086469976,0.19248332
15400,752150,0.25,0.25,13.15,100.0,0.00864613,0.1924785
15410,752623,0.27,0.27,13.24,100.0,0.0086452786,0.19247377000000002
15420,753109,0.26,0.26,13.51,100.0,0.0086444038,0.19246891000000002
15430,753582,0.28,0.28,12.97,100.0,0.0086435524,0.19246418
15440,754045,0.27,0.27,12.71,100.0,0.008642719,0.19245955
15450,754536,0.24,0.24,12.71,100.0,0.0086418352,0.19245464
15460,755002,0.21,0.21,12.77,100.0,0.0086409964,0.19244998000000002
15470,755480,0.21,0.21,12.65,100.0,0.008640136,0.1924452
15480,755980,0.24,0.24,12.67,100.0,0.008639236,0.1924402
15490,756469,0.22,0.22,12.67,100.0,0.0086383558,0.19243531
15500,756947,0.24,0.24,12.94,100.0,0.0086374954,0.19243053000000002
15510,757447,0.25,0.25,12.85,100.0,0.0086365954,0.19242553
15520,757947,0.27,0.27,12.98,100.0,0.0086356954,0.19242053
15530,758433,0.27,0.27,12.64,100.0,0.0086348206,0.19241567
15540,758928,0.27,0.27,12.52,100.0,0.0086339296,0.19241072
15550,759428,0.3,0.3,12.5,100.0,0.0086330296,0.19240572
15560,759911,0.3,0.3,12.42,100.0,0.008632160199999999,0.19240089000000002
15570,760396,0.31,0.31,13.07,100.0,0.0086312872,0.19239604000000002
15580,760883,0.29,0.29,12.8,100.0,0.0086304106,0.19239117
15590,761362,0.3,0.3,12.8,100.0,0.0086295484,0.19238638
15600,761847,0.3,0.3,12.63,100.0,0.0086286754,0.19238153000000002
15610,762340,0.25,0.25,12.63,100.0,0.008627788,0.1923766
15620,762800,0.22,0.22,12.66,100.0,0.00862696,0.19237200000000002
15630,763300,0.18,0.18,12.66,100.0,0.00862606,0.192367
15640,763775,0.17,0.17,12.61,100.0,0.008625205,0.19236225
15650,764256,0.17,0.17,12.85,100.0,0.008624339200000001,0.19235744000000002
15660,764756,0.18,0.18,13.24,100.0,0.0086234392,0.19235244
15670,765202,0.17,0.17,13.22,100.0,0.0086226364,0.19234798
15680,765697,0.16,0.16,13.23,100.0,0.0086217454,0.19234303
15690,766189,0.17,0.17,13.01,100.0,0.0086208598,0.19233811
15700,766684,0.15,0.15,12.75,100.0,0.0086199688,0.19233316
15710,767132,0.19,0.19,12.13,100.0,0.0086191624,0.19232868
15720,767619,0.22,0.22,12.01,100.0,0.0086182858,0.19232381
15730,768115,0.25,0.25,11.9,100.0,0.008617393,0.19231885
15740,768582,0.25,0.25,11.79,100.0,0.0086165524,0.19231418
15750,769067,0.24,0.24,11.71,100.0,0.0086156794,0.19230933
15760,769544,0.21,0.21,11.71,100.0,0.008614820799999999,0.19230456
15770,770022,0.22,0.22,12.52,100.0,0.0086139604,0.19229978
15780,770499,0.22,0.22,12.57,100.0,0.0086131018,0.19229501000000002
15790,770978,0.22,0.22,12.64,100.0,0.0086122396,0.19229022
15800,771437,0.23,0.23,12.33,100.0,0.0086114134,0.19228563
15810,771904,0.22,0.22,12.29,100.0,0.0086105728,0.19228096
15820,772386,0.19,0.19,12.47,100.0,0.0086097052,0.19227614
15830,772870,0.18,0.18,12.48,100.0,0.008608834,0.1922713
15840,773353,0.23,0.23,12.54,100.0,0.0086079646,0.19226647000000002
15850,773832,0.21,0.21,12.54,100.0,0.0086071024,0.19226168000000002
15860,774307,0.25,0.25,12.32,100.0,0.0086062474,0.19225693000000002
15870,774789,0.22,0.22,12.32,100.0,0.0086053798,0.19225211
15880,775244,0.22,0.22,11.97,100.0,0.008604560800000001,0.19224756
15890,775737,0.21,0.21,12.05,100.0,0.008603673400000001,0.19224263
15900,776223,0.22,0.22,12.29,100.0,0.0086027986,0.19223777
15910,776723,0.26,0.26,12.19,100.0,0.0086018986,0.19223277
15920,777216,0.28,0.28,12.37,100.0,0.0086010112,0.19222784
15930,777690,0.28,0.28,12.33,100.0,0.008600158,0.1922231
15940,778189,0.24,0.24,12.25,100.0,0.0085992598,0.19221811
15950,778663,0.26,0.26,12.16,100.0,0.0085984066,0.19221337
15960,779113,0.23,0.23,12.25,100.0,0.0085975966,0.19220887
15970,779589,0.25,0.25,12.68,100.0,0.0085967398,0.19220411
15980,780072,0.26,0.26,12.75,100.0,0.0085958704,0.19219928
15990,780561,0.27,0.27,12.55,100.0,0.0085949902,0.19219439000000002
16000,781052,0.26,0.26,12.86,100.0,0.0085941064,0.19218948
16010,781552,0.21,0.21,13.34,100.0,0.008593206400000001,0.19218448000000002
16020,782036,0.21,0.21,13.24,100.0,0.0085923352,0.19217964
16030,782528,0.24,0.24,13.1,100.0,0.0085914496,0.19217472000000002
16040,783028,0.27,0.27,13.32,100.0,0.0085905496,0.19216972000000002
16050,783511,0.26,0.26,13.49,100.0,0.0085896802,0.19216489
16060,783976,0.27,0.27,13.64,100.0,0.0085888432,0.19216024
16070,784448,0.27,0.27,13.69,100.0,0.0085879936,0.19215552
16080,784948,0.28,0.28,13.58,100.0,0.0085870936,0.19215052000000002
16090,785426,0.27,0.27,13.58,100.0,0.0085862332,0.19214574
16100,785897,0.24,0.24,13.58,100.0,0.0085853854,0.19214103000000002
16110,786383,0.29,0.29,13.7,100.0,0.0085845106,0.19213617
16120,786864,0.27,0.27,13.68,100.0,0.0085836448,0.19213136
16130,787349,0.25,0.25,13.82,100.0,0.0085827718,0.19212651
16140,787812,0.24,0.24,13.91,100.0,0.0085819384,0.19212188000000002
16150,788294,0.24,0.24,13.9,100.0,0.0085810708,0.19211706
16160,788746,0.24,0.24,14.22,100.0,0.0085802572,0.19211254
16170,789246,0.28,0.28,14.66,100.0,0.0085793572,0.19210754000000002
16180,789730,0.27,0.27,14.89,100.0,0.008578486,0.19210270000000002
16190,790212,0.27,0.27,14.94,100.0,0.0085776184,0.19209788
16200,790695,0.29,0.29,14.46,100.0,0.008576749,0.19209305000000002
16210,791171,0.25,0.25,14.77,100.0,0.0085758922,0.19208829
16220,791667,0.25,0.25,14.82,100.0,0.0085749994,0.19208333
16230,792146,0.26,0.26,14.78,100.0,0.0085741372,0.19207854000000002
16240,792626,0.26,0.26,14.59,100.0,0.0085732732,0.19207374000000002
16250,793126,0.26,0.26,14.61,100.0,0.0085723732,0.19206874000000002
16260,793612,0.27,0.27,14.31,100.0,0.0085714984,0.19206388000000002
16270,794101,0.23,0.23,14.21,100.0,0.0085706182,0.19205899
16280,794556,0.21,0.21,14.21,100.0,0.0085697992,0.19205444000000002
16290,795035,0.21,0.21,14.26,100.0,0.008568937,0.19204965000000002
16300,795532,0.22,0.22,14.65,100.0,0.0085680424,0.19204468
16310,796032,0.21,0.21,15.0,100.0,0.0085671424,0.19203968000000002
16320,796532,0.23,0.23,15.05,100.0,0.0085662424,0.19203468
16330,797016,0.21,0.21,15.02,100.0,0.0085653712,0.19202984
16340,797494,0.2,0.2,15.37,100.0,0.0085645108,0.19202506
16350,797983,0.21,0.21,15.67,100.0,0.0085636306,0.19202017000000002
16360,798448,0.21,0.21,15.45,100.0,0.0085627936,0.19201552
16370,798928,0.22,0.22,15.53,100.0,0.0085619296,0.19201072
16380,799427,0.24,0.24,15.47,100.0,0.0085610314,0.19200573
16390,799906,0.29,0.29,15.0,100.0,0.0085601692,0.19200094
16400,800378,0.27,0.27,15.08,100.0,0.0085593196,0.19199622
16410,800866,0.27,0.27,15.04,100.0,0.008558441200000001,0.19199134
16420,801307,0.26,0.26,15.08,100.0,0.0085576474,0.19198693
16430,801795,0.26,0.26,15.12,100.0,0.008556769,0.19198205000000002
16440,802251,0.26,0.26,14.67,100.0,0.0085559482,0.19197749
16450,802751,0.26,0.26,14.91,100.0,0.0085550482,0.19197249
16460,803251,0.26,0.26,15.12,100.0,0.0085541482,0.19196749000000002
16470,803729,0.26,0.26,14.9,100.0,0.0085532878,0.19196271
16480,804214,0.26,0.26,14.83,100.0,0.0085524148,0.19195786
16490,804688,0.21,0.21,14.68,100.0,0.0085515616,0.19195312
16500,805168,0.22,0.22,14.44,100.0,0.0085506976,0.19194832
16510,805657,0.2,0.2,14.44,100.0,0.0085498174,0.19194343
16520,806143,0.19,0.19,14.34,100.0,0.0085489426,0.19193857
16530,806626,0.17,0.17,14.34,100.0,0.0085480732,0.19193374000000002
16540,807105,0.19,0.19,14.08,100.0,0.008547210999999999,0.19192895000000001
16550,807591,0.19,0.19,13.77,100.0,0.0085463362,0.19192409000000002
16560,808091,0.16,0.16,13.77,100.0,0.0085454362,0.19191909000000001
16570,808563,0.14,0.14,13.79,100.0,0.0085445866,0.19191437
16580,809062,0.12,0.12,13.79,100.0,0.0085436884,0.19190938000000002
16590,809528,0.12,0.12,14.21,100.0,0.0085428496,0.19190472
16600,810008,0.14,0.14,14.24,100.0,0.0085419856,0.19189992
16610,810491,0.16,0.16,14.1,100.0,0.0085411162,0.19189509000000002
16620,810966,0.17,0.17,14.17,100.0,0.0085402612,0.19189034000000002
16630,811447,0.19,0.19,14.19,100.0,0.0085393954,0.19188553
16640,811941,0.15,0.15,14.15,100.0,0.0085385062,0.19188059000000002
16650,812403,0.16,0.16,14.17,100.0,0.0085376746,0.19187597
16660,812872,0.17,0.17,13.76,100.0,0.0085368304,0.19187128
16670,813368,0.16,0.16,13.76,100.0,0.0085359376,0.19186632
16680,813830,0.22,0.22,13.53,100.0,0.008535106,0.1918617
16690,814302,0.24,0.24,13.48,100.0,0.0085342564,0.19185698
16700,814755,0.2,0.2,13.48,100.0,0.008533441,0.19185245
16710,815255,0.21,0.21,12.87,100.0,0.008532541,0.19184745
16720,815730,0.21,0.21,12.8,100.0,0.008531686,0.1918427
16730,816213,0.2,0.2,12.74,100.0,0.0085308166,0.19183787000000002
16740,816696,0.23,0.23,12.86,100.0,0.0085299472,0.19183304
16750,817184,0.22,0.22,12.54,100.0,0.008529068800000001,0.19182816
16760,817684,0.24,0.24,12.71,100.0,0.0085281688,0.19182316000000002
16770,818164,0.28,0.27,12.68,100.0,0.0085273048,0.19181836000000002
16780,818654,0.23,0.22,12.64,100.0,0.008526422799999999,0.19181346000000002
16790,819126,0.2,0.19,12.64,100.0,0.0085255732,0.19180874
16800,819604,0.24,0.23,12.29,100.0,0.0085247128,0.19180396
16810,820067,0.24,0.23,12.15,100.0,0.0085238794,0.19179933000000002
16820,820544,0.25,0.24,12.11,100.0,0.0085230208,0.19179456
16830,821029,0.24,0.23,12.11,100.0,0.0085221478,0.19178971
16840,821521,0.22,0.21,11.61,100.0,0.008521262200000001,0.19178479
16850,822008,0.23,0.22,11.58,100.0,0.0085203856,0.19177992000000002
16860,822485,0.2,0.19,11.58,100.0,0.008519527,0.19177515
16870,822962,0.21,0.21,11.34,100.0,0.0085186684,0.19177038000000002
16880,823432,0.22,0.22,11.55,100.0,0.0085178224,0.19176568
16890,823915,0.23,0.23,11.54,100.0,0.008516953,0.19176085
16900,824389,0.21,0.21,11.54,100.0,0.0085160998,0.19175611
16910,824882,0.22,0.21,11.78,100.0,0.0085152124,0.19175118000000002
16920,825382,0.21,0.2,11.55,100.0,0.0085143124,0.19174618000000002
16930,825863,0.22,0.21,11.55,100.0,0.0085134466,0.19174137000000002
16940,826356,0.22,0.21,11.49,100.0,0.0085125592,0.19173644
16950,826843,0.21,0.2,11.3,100.0,0.0085116826,0.19173157000000002
16960,827340,0.26,0.25,10.97,100.0,0.008510788,0.1917266
16970,827840,0.24,0.23,10.97,100.0,0.008509888,0.19172160000000002
16980,828335,0.24,0.23,11.26,100.0,0.008508997,0.19171665000000002
16990,828820,0.25,0.24,10.8,100.0,0.008508124,0.19171180000000002
17000,829298,0.27,0.26,10.58,100.0,0.0085072636,0.19170702
17010,829772,0.23,0.23,10.58,100.0,0.0085064104,0.19170228
17020,830252,0.22,0.22,10.58,100.0,0.008505546400000001,0.19169748
17030,830734,0.23,0.23,10.61,100.0,0.0085046788,0.19169266000000001
17040,831224,0.26,0.26,10.77,100.0,0.0085037968,0.19168776
17050,831724,0.24,0.24,10.77,100.0,0.0085028968,0.19168276
17060,832224,0.23,0.23,10.26,100.0,0.0085019968,0.19167776
17070,832724,0.21,0.21,10.22,100.0,0.0085010968,0.19167276
17080,833224,0.21,0.21,10.72,100.0,0.0085001968,0.19166776000000002
17090,833718,0.22,0.22,10.68,100.0,0.0084993076,0.19166282
17100,834212,0.19,0.19,10.68,100.0,0.0084984184,0.19165788
17110,834703,0.22,0.22,10.72,100.0,0.0084975346,0.19165297
17120,835178,0.23,0.23,10.74,100.0,0.0084966796,0.19164822
17130,835664,0.25,0.25,10.9,100.0,0.0084958048,0.19164336
17140,836146,0.22,0.22,10.88,100.0,0.0084949372,0.19163854
17150,836628,0.29,0.29,11.13,100.0,0.008494069600000001,0.19163372
17160,837121,0.27,0.27,11.56,100.0,0.0084931822,0.19162879000000002
17170,837611,0.3,0.3,11.38,100.0,0.0084923002,0.19162389000000002
17180,838106,0.32,0.32,11.47,100.0,0.0084914092,0.19161894000000002
17190,838574,0.29,0.29,11.47,100.0,0.0084905668,0.19161426
17200,839057,0.28,0.28,11.47,100.0,0.0084896974,0.19160943
17210,839540,0.27,0.27,11.54,100.0,0.008488828,0.1916046
17220,840014,0.26,0.26,11.55,100.0,0.008487974799999999,0.19159986
17230,840498,0.22,0.22,11.55,100.0,0.0084871036,0.19159502
17240,840979,0.22,0.22,11.54,100.0,0.008486237800000001,0.19159021
17250,841463,0.2,0.2,11.63,100.0,0.0084853666,0.19158537
17260,841955,0.21,0.21,11.66,100.0,0.008484481,0.19158045
17270,842429,0.2,0.2,11.59,100.0,0.0084836278,0.19157571
17280,842908,0.18,0.18,11.32,100.0,0.0084827656,0.19157092
17290,843352,0.19,0.19,11.45,100.0,0.0084819664,0.19156648
17300,843841,0.19,0.19,11.45,100.0,0.0084810862,0.19156159
17310,844339,0.18,0.18,11.45,100.0,0.0084801898,0.19155661000000002
17320,844839,0.19,0.19,11.53,100.0,0.0084792898,0.19155161
17330,845320,0.21,0.21,11.19,100.0,0.008478424,0.19154680000000002
17340,845802,0.22,0.22,11.23,100.0,0.0084775564,0.19154198
17350,846281,0.21,0.21,11.06,100.0,0.008476694199999999,0.19153719
17360,846774,0.23,0.23,11.01,100.0,0.0084758068,0.19153226
17370,847255,0.21,0.21,10.91,100.0,0.008474941,0.19152745000000002
17380,847755,0.21,0.21,11.15,100.0,0.008474041,0.19152245
17390,848217,0.2,0.2,11.15,100.0,0.0084732094,0.19151783
17400,848713,0.23,0.23,11.08,100.0,0.0084723166,0.19151287
17410,849213,0.26,0.26,11.08,100.0,0.0084714166,0.19150787
17420,849675,0.29,0.29,11.38,100.0,0.008470585,0.19150325
17430,850158,0.27,0.27,11.38,100.0,0.0084697156,0.19149842
17440,850619,0.26,0.26,11.01,100.0,0.0084688858,0.19149381000000001
17450,851098,0.24,0.24,11.02,100.0,0.0084680236,0.19148902
17460,851598,0.21,0.21,11.12,100.0,0.008467123600000001,0.19148402
17470,852073,0.22,0.22,11.09,100.0,0.0084662686,0.19147927
17480,852532,0.23,0.23,11.13,100.0,0.0084654424,0.19147468
17490,853032,0.24,0.24,11.44,100.0,0.0084645424,0.19146968
17500,853513,0.27,0.27,11.37,100.0,0.008463676600000001,0.19146487
17510,854007,0.26,0.26,11.3,100.0,0.0084627874,0.19145993
17520,854479,0.23,0.23,11.24,100.0,0.0084619378,0.19145521000000001
17530,854979,0.25,0.25,11.15,100.0,0.0084610378,0.19145021
17540,855465,0.24,0.24,11.11,100.0,0.008460163,0.19144535000000001
17550,855945,0.24,0.24,10.64,100.0,0.008459299,0.19144055000000001
17560,856391,0.23,0.23,10.72,100.0,0.0084584962,0.19143609
17570,856891,0.24,0.24,10.86,100.0,0.0084575962,0.19143109
17580,857380,0.23,0.23,10.75,100.0,0.008456716,0.19142620000000002
17590,857858,0.26,0.26,11.21,100.0,0.0084558556,0.19142142
17600,858358,0.26,0.26,10.57,100.0,0.0084549556,0.19141642
17610,858827,0.24,0.24,10.59,100.0,0.0084541114,0.19141173
17620,859304,0.24,0.24,10.5,100.0,0.0084532528,0.19140696000000001
17630,859804,0.26,0.26,10.44,100.0,0.0084523528,0.19140196
17640,860287,0.28,0.28,10.45,100.0,0.0084514834,0.19139713
17650,860757,0.28,0.28,10.23,100.0,0.0084506374,0.19139243
17660,861231,0.3,0.3,10.79,100.0,0.008449784200000001,0.19138769
17670,861705,0.29,0.29,10.83,100.0,0.008448931,0.19138295
17680,862188,0.27,0.27,10.83,100.0,0.0084480616,0.19137812
17690,862672,0.26,0.26,10.94,100.0,0.0084471904,0.19137328
17700,863150,0.23,0.23,11.07,100.0,0.00844633,0.1913685
17710,863650,0.24,0.24,10.89,100.0,0.00844543,0.19136350000000002
17720,864129,0.25,0.25,11.0,100.0,0.0084445678,0.19135871000000002
17730,864607,0.22,0.22,11.07,100.0,0.0084437074,0.19135393
17740,865081,0.23,0.23,11.16,100.0,0.0084428542,0.19134919
17750,865573,0.24,0.24,11.4,100.0,0.0084419686,0.19134427
17760,866028,0.24,0.24,11.22,100.0,0.0084411496,0.19133972000000002
17770,866528,0.26,0.26,11.13,100.0,0.0084402496,0.19133472
17780,867019,0.28,0.28,11.1,100.0,0.008439365800000001,0.19132981000000002
17790,867502,0.26,0.26,11.36,100.0,0.0084384964,0.19132498
17800,868002,0.24,0.24,11.37,100.0,0.0084375964,0.19131998
17810,868502,0.24,0.24,11.64,100.0,0.0084366964,0.19131498
17820,868991,0.24,0.24,11.61,100.0,0.0084358162,0.19131009000000002
17830,869488,0.24,0.24,11.69,100.0,0.008434921599999999,0.19130512
17840,869976,0.21,0.21,11.94,100.0,0.0084340432,0.19130024
17850,870442,0.18,0.18,11.94,100.0,0.0084332044,0.19129558000000002
17860,870916,0.17,0.17,12.15,100.0,0.0084323512,0.19129084000000002
17870,871415,0.14,0.14,12.17,100.0,0.008431453,0.19128585
17880,871873,0.12,0.12,12.17,100.0,0.0084306286,0.19128127
17890,872373,0.11,0.11,12.17,100.0,0.0084297286,0.19127627
17900,872863,0.13,0.13,12.97,100.0,0.0084288466,0.19127137
17910,873339,0.13,0.13,12.83,100.0,0.0084279898,0.19126661
17920,873831,0.12,0.12,12.95,100.0,0.0084271042,0.19126169
17930,874321,0.12,0.12,12.98,100.0,0.0084262222,0.19125679
17940,874774,0.12,0.12,12.97,100.0,0.0084254068,0.19125226
17950,875251,0.16,0.16,12.95,100.0,0.0084245482,0.19124749000000002
17960,875751,0.17,0.17,12.91,100.0,0.0084236482,0.19124249000000001
17970,876247,0.18,0.18,12.97,100.0,0.0084227554,0.19123753000000002
17980,876729,0.2,0.2,13.12,100.0,0.0084218878,0.19123271
17990,877214,0.21,0.21,13.04,100.0,0.0084210148,0.19122786
18000,877679,0.19,0.19,13.22,100.0,0.0084201778,0.19122321
18010,878154,0.19,0.19,13.32,100.0,0.0084193228,0.19121846
18020,878627,0.18,0.18,13.4,100.0,0.0084184714,0.19121373
18030,879120,0.2,0.2,14.03,100.0,0.008417584,0.1912088
18040,879604,0.22,0.22,14.19,100.0,0.0084167128,0.19120396
18050,880084,0.21,0.21,14.28,100.0,0.0084158488,0.19119916
18060,880579,0.21,0.21,14.2,100.0,0.008414957800000001,0.19119421
18070,881058,0.21,0.21,14.36,100.0,0.008414095600000001,0.19118942
18080,881548,0.19,0.19,14.36,100.0,0.0084132136,0.19118452
18090,882035,0.22,0.22,14.31,100.0,0.008412337,0.19117965
18100,882518,0.22,0.22,14.29,100.0,0.0084114676,0.19117482
18110,883018,0.22,0.22,14.21,100.0,0.0084105676,0.19116982000000002
18120,883498,0.23,0.23,14.48,100.0,0.0084097036,0.19116502000000002
18130,883945,0.2,0.2,14.48,100.0,0.008408899000000001,0.19116055
18140,884431,0.2,0.2,14.39,100.0,0.0084080242,0.19115569000000002
18150,884914,0.19,0.19,14.57,100.0,0.0084071548,0.19115086
18160,885397,0.18,0.18,14.56,100.0,0.0084062854,0.19114603000000002
18170,885880,0.18,0.18,14.58,100.0,0.008405416,0.1911412
18180,886366,0.23,0.23,14.07,100.0,0.0084045412,0.19113634000000002
18190,886866,0.21,0.21,13.99,100.0,0.008403641199999999,0.19113134
18200,887349,0.21,0.21,13.99,100.0,0.0084027718,0.19112651
18210,887793,0.22,0.22,13.66,100.0,0.0084019726,0.19112207
18220,888287,0.22,0.22,13.75,100.0,0.0084010834,0.19111713
18230,888762,0.23,0.23,13.79,100.0,0.0084002284,0.19111238
18240,889247,0.22,0.22,13.63,100.0,0.0083993554,0.19110753
18250,889744,0.23,0.23,13.64,100.0,0.0083984608,0.19110256
18260,890203,0.24,0.24,13.54,100.0,0.0083976346,0.19109797
18270,890703,0.27,0.27,13.19,100.0,0.0083967346,0.19109297
18280,891169,0.24,0.24,13.2,100.0,0.0083958958,0.19108831
18290,891636,0.23,0.23,13.2,100.0,0.0083950552,0.19108364
18300,892102,0.24,0.24,13.22,100.0,0.0083942164,0.19107898
18310,892588,0.24,0.24,13.28,100.0,0.0083933416,0.19107412000000001
18320,893058,0.24,0.24,13.55,100.0,0.008392495600000001,0.19106942000000002
18330,893529,0.24,0.24,13.1,100.0,0.0083916478,0.19106471
18340,893987,0.26,0.26,12.66,100.0,0.0083908234,0.19106013
18350,894487,0.29,0.29,11.99,100.0,0.0083899234,0.19105513000000002
18360,894968,0.28,0.28,11.64,100.0,0.0083890576,0.19105032
18370,895452,0.25,0.25,11.57,100.0,0.0083881864,0.19104548000000002
18380,895934,0.24,0.24,11.62,100.0,0.0083873188,0.19104066
18390,896416,0.24,0.24,11.74,100.0,0.0083864512,0.19103584
18400,896907,0.26,0.26,11.64,100.0,0.0083855674,0.19103093000000002
18410,897398,0.25,0.25,11.66,100.0,0.0083846836,0.19102602000000002
18420,897898,0.24,0.24,11.65,100.0,0.0083837836,0.19102102
18430,898390,0.26,0.26,11.88,100.0,0.008382898,0.19101610000000002
18440,898875,0.24,0.24,11.65,100.0,0.008382025,0.19101125000000002
18450,899368,0.2,0.2,11.65,100.0,0.0083811376,0.19100632
18460,899868,0.21,0.21,11.24,100.0,0.0083802376,0.19100132
18470,900352,0.21,0.21,11.1,100.0,0.0083793664,0.19099648
18480,900834,0.21,0.21,11.06,100.0,0.0083784988,0.19099166
18490,901331,0.22,0.22,10.45,100.0,0.0083776042,0.19098669000000001
18500,901818,0.21,0.21,10.34,100.0,0.0083767276,0.19098182
18510,902313,0.23,0.23,10.34,100.0,0.0083758366,0.19097687000000002
18520,902794,0.24,0.24,10.3,100.0,0.0083749708,0.19097206
18530,903278,0.27,0.27,10.56,100.0,0.0083740996,0.19096722000000002
18540,903752,0.27,0.27,10.53,100.0,0.0083732464,0.19096248000000002
18550,904251,0.28,0.28,10.76,100.0,0.008372348200000001,0.19095749
18560,904717,0.27,0.27,10.5,100.0,0.0083715094,0.19095283000000002
18570,905217,0.29,0.29,10.28,100.0,0.0083706094,0.19094783
18580,905717,0.3,0.3,10.14,100.0,0.0083697094,0.19094283
18590,906190,0.32,0.32,10.1,100.0,0.008368858,0.1909381
18600,906647,0.33,0.33,10.2,100.0,0.0083680354,0.19093353000000002
18610,907091,0.33,0.33,10.01,100.0,0.0083672362,0.19092909
18620,907557,0.31,0.31,10.01,100.0,0.0083663974,0.19092443
18630,908014,0.27,0.27,10.09,100.0,0.008365574800000001,0.19091986
18640,908488,0.27,0.27,10.22,100.0,0.0083647216,0.19091512000000002
18650,908966,0.26,0.26,10.36,100.0,0.0083638612,0.19091034
18660,909428,0.29,0.29,10.36,100.0,0.0083630296,0.19090572
18670,909916,0.29,0.29,10.52,100.0,0.0083621512,0.19090084000000002
18680,910400,0.28,0.28,10.5,100.0,0.00836128,0.190896
18690,910900,0.29,0.29,10.78,100.0,0.00836038,0.190891
18700,911384,0.27,0.27,10.87,100.0,0.0083595088,0.19088616
18710,911838,0.26,0.26,10.91,100.0,0.0083586916,0.19088162
18720,912320,0.31,0.31,11.03,100.0,0.008357824,0.1908768
18730,912768,0.29,0.29,11.03,100.0,0.0083570176,0.19087232
18740,913236,0.29,0.29,11.01,100.0,0.0083561752,0.19086764
18750,913728,0.3,0.3,11.08,100.0,0.0083552896,0.19086272
18760,914200,0.26,0.26,11.25,100.0,0.00835444,0.190858
18770,914682,0.23,0.23,11.24,100.0,0.0083535724,0.19085318
18780,915138,0.24,0.24,11.06,100.0,0.0083527516,0.19084862
18790,915623,0.21,0.21,11.24,100.0,0.0083518786,0.19084377
18800,916123,0.19,0.19,11.24,100.0,0.0083509786,0.19083877000000002
18810,916623,0.18,0.18,11.0,100.0,0.0083500786,0.19083377
18820,917104,0.18,0.18,10.51,100.0,0.0083492128,0.19082896000000002
18830,917586,0.2,0.2,10.44,100.0,0.0083483452,0.19082414
18840,918021,0.21,0.21,10.59,100.0,0.0083475622,0.19081979000000002
18850,918508,0.21,0.21,10.96,100.0,0.0083466856,0.19081492
18860,919008,0.22,0.22,10.84,100.0,0.008345785599999999,0.19080992000000002
18870,919497,0.23,0.23,11.11,100.0,0.0083449054,0.19080503000000001
18880,919997,0.26,0.26,11.04,100.0,0.0083440054,0.19080003
18890,920483,0.28,0.28,11.34,100.0,0.0083431306,0.19079517000000001
18900,920983,0.35,0.35,11.2,100.0,0.0083422306,0.19079017
18910,921452,0.35,0.35,11.14,100.0,0.0083413864,0.19078548
18920,921952,0.3,0.3,11.14,100.0,0.0083404864,0.19078048
18930,922430,0.28,0.28,11.14,100.0,0.008339626,0.19077570000000002
18940,922882,0.26,0.26,11.39,100.0,0.0083388124,0.19077118
18950,923372,0.26,0.26,11.04,100.0,0.0083379304,0.19076628
18960,923856,0.27,0.27,11.11,100.0,0.0083370592,0.19076144
18970,924341,0.28,0.28,11.16,100.0,0.0083361862,0.19075659
18980,924794,0.26,0.26,11.17,100.0,0.0083353708,0.19075206
18990,925270,0.26,0.26,11.36,100.0,0.008334514,0.1907473
19000,925740,0.22,0.22,11.42,100.0,0.008333668,0.1907426
19010,926240,0.24,0.24,11.5,100.0,0.008332768,0.1907376
19020,926714,0.25,0.25,11.49,100.0,0.0083319148,0.19073286
19030,927194,0.28,0.28,11.83,100.0,0.0083310508,0.19072806
19040,927694,0.32,0.32,11.78,100.0,0.0083301508,0.19072306
19050,928158,0.3,0.3,11.54,100.0,0.0083293156,0.19071842
19060,928658,0.3,0.3,11.7,100.0,0.0083284156,0.19071342000000002
19070,929108,0.3,0.3,11.7,100.0,0.0083276056,0.19070892
19080,929598,0.3,0.3,11.61,100.0,0.0083267236,0.19070402
19090,930098,0.28,0.28,11.33,100.0,0.0083258236,0.19069902
19100,930598,0.3,0.3,11.35,100.0,0.0083249236,0.19069402000000002
19110,931077,0.28,0.28,11.57,100.0,0.008324061399999999,0.19068923000000002
19120,931538,0.3,0.3,11.18,100.0,0.0083232316,0.19068462
19130,932000,0.28,0.28,11.27,100.0,0.0083224,0.19068000000000002
19140,932481,0.23,0.23,11.27,100.0,0.0083215342,0.19067519
19150,932963,0.25,0.25,11.65,100.0,0.0083206666,0.19067037
19160,933452,0.27,0.27,11.55,100.0,0.0083197864,0.19066548
19170,933947,0.25,0.25,11.64,100.0,0.0083188954,0.19066053
19180,934433,0.23,0.23,11.69,100.0,0.0083180206,0.19065567
19190,934933,0.24,0.24,11.53,100.0,0.0083171206,0.19065067000000002
19200,935433,0.21,0.21,11.54,100.0,0.0083162206,0.19064567000000002
19210,935924,0.21,0.21,11.52,100.0,0.0083153368,0.19064076000000002
19220,936403,0.21,0.21,11.6,100.0,0.0083144746,0.19063597000000002
19230,936900,0.21,0.21,11.57,100.0,0.008313580000000001,0.190631
19240,937376,0.21,0.21,11.57,100.0,0.0083127232,0.19062624
19250,937867,0.21,0.21,11.71,100.0,0.0083118394,0.19062133
19260,938367,0.16,0.16,11.71,100.0,0.0083109394,0.19061633
19270,938858,0.17,0.17,11.11,100.0,0.0083100556,0.19061142
19280,939336,0.19,0.19,11.22,100.0,0.0083091952,0.19060664
19290,939835,0.2,0.2,11.18,100.0,0.008308297,0.19060165
19300,940335,0.18,0.18,11.18,100.0,0.008307397,0.19059665
19310,940808,0.18,0.18,11.22,100.0,0.0083065456,0.19059192
19320,941285,0.16,0.16,11.22,100.0,0.008305686999999999,0.19058715
19330,941781,0.17,0.17,11.4,100.0,0.0083047942,0.19058219
19340,942276,0.18,0.18,11.39,100.0,0.0083039032,0.19057724
19350,942776,0.17,0.17,11.31,100.0,0.0083030032,0.19057224
19360,943276,0.18,0.18,11.43,100.0,0.0083021032,0.19056724
19370,943762,0.17,0.17,11.37,100.0,0.0083012284,0.19056238
19380,944242,0.17,0.17,11.43,100.0,0.0083003644,0.19055758
19390,944741,0.14,0.14,11.42,100.0,0.0082994662,0.19055259000000002
19400,945241,0.15,0.15,11.6,100.0,0.0082985662,0.19054759000000002
19410,945690,0.13,0.13,11.6,100.0,0.008297758,0.19054310000000002
19420,946189,0.15,0.15,11.61,100.0,0.0082968598,0.19053811
19430,946656,0.17,0.17,11.83,100.0,0.008296019200000001,0.19053344
19440,947156,0.19,0.19,11.76,100.0,0.0082951192,0.19052844000000002
19450,947653,0.2,0.2,11.55,100.0,0.0082942246,0.19052347
19460,948153,0.2,0.2,11.56,100.0,0.0082933246,0.19051847
19470,948643,0.22,0.22,11.6,100.0,0.0082924426,0.19051357000000002
19480,949134,0.19,0.19,11.6,100.0,0.0082915588,0.19050866
19490,949618,0.2,0.2,11.65,100.0,0.0082906876,0.19050382000000002
19500,950104,0.22,0.22,11.83,100.0,0.0082898128,0.19049896
19510,950580,0.28,0.28,12.02,100.0,0.008288956,0.1904942
19520,951066,0.27,0.27,11.9,100.0,0.0082880812,0.19048934
19530,951549,0.25,0.25,11.9,100.0,0.0082872118,0.19048451
19540,952004,0.25,0.25,11.84,100.0,0.0082863928,0.19047996
19550,952500,0.25,0.25,11.7,100.0,0.0082855,0.190475
19560,953000,0.24,0.24,11.7,100.0,0.0082846,0.19047
19570,953493,0.25,0.25,11.71,100.0,0.0082837126,0.19046507000000001
19580,953955,0.28,0.28,11.65,100.0,0.008282881,0.19046045
19590,954443,0.28,0.28,11.53,100.0,0.0082820026,0.19045557000000002
19600,954931,0.26,0.26,11.49,100.0,0.0082811242,0.19045069
19610,955423,0.22,0.22,11.82,100.0,0.0082802386,0.19044577000000001
19620,955906,0.22,0.22,11.88,100.0,0.008279369200000001,0.19044094
19630,956385,0.23,0.23,11.72,100.0,0.008278507000000001,0.19043615
19640,956856,0.21,0.21,11.53,100.0,0.0082776592,0.19043144
19650,957330,0.18,0.18,11.53,100.0,0.008276806,0.1904267
19660,957819,0.23,0.23,11.51,100.0,0.0082759258,0.19042181
19670,958276,0.21,0.21,11.26,100.0,0.0082751032,0.19041724000000002
19680,958753,0.22,0.22,11.5,100.0,0.0082742446,0.19041247
19690,959253,0.23,0.23,11.51,100.0,0.0082733446,0.19040747
19700,959752,0.27,0.27,11.7,100.0,0.0082724464,0.19040248
19710,960242,0.28,0.28,12.16,100.0,0.0082715644,0.19039758
19720,960738,0.29,0.29,12.24,100.0,0.0082706716,0.19039262
19730,961226,0.3,0.3,11.87,100.0,0.0082697932,0.19038774
19740,961709,0.32,0.32,11.98,100.0,0.0082689238,0.19038291000000002
19750,962209,0.35,0.35,11.69,100.0,0.0082680238,0.19037791
19760,962709,0.32,0.32,11.77,100.0,0.0082671238,0.19037291
19770,963199,0.31,0.31,11.74,100.0,0.0082662418,0.19036801
19780,963681,0.29,0.29,11.4,100.0,0.0082653742,0.19036319000000002
19790,964173,0.3,0.3,11.56,100.0,0.0082644886,0.19035827
19800,964625,0.27,0.27,11.71,100.0,0.008263675,0.19035375000000002
19810,965125,0.25,0.25,11.59,100.0,0.008262775,0.19034875
19820,965594,0.22,0.22,11.59,100.0,0.0082619308,0.19034406
19830,966046,0.19,0.19,11.6,100.0,0.0082611172,0.19033954
19840,966546,0.17,0.17,11.62,100.0,0.0082602172,0.19033454
19850,967018,0.17,0.17,11.14,100.0,0.0082593676,0.19032982
19860,967518,0.19,0.19,10.96,100.0,0.0082584676,0.19032482
19870,967995,0.18,0.18,10.96,100.0,0.008257608999999999,0.19032005000000002
19880,968449,0.18,0.18,11.01,100.0,0.0082567918,0.19031551000000002
19890,968934,0.16,0.16,11.05,100.0,0.0082559188,0.19031066000000002
19900,969402,0.15,0.15,11.02,100.0,0.0082550764,0.19030598
19910,969885,0.18,0.18,10.92,100.0,0.008254207,0.19030115
19920,970385,0.2,0.2,10.82,100.0,0.008253307,0.19029615
19930,970863,0.22,0.22,10.82,100.0,0.0082524466,0.19029137000000002
19940,971363,0.21,0.21,10.82,100.0,0.0082515466,0.19028637
19950,971859,0.19,0.19,10.84,100.0,0.0082506538,0.19028141
19960,972347,0.18,0.18,10.43,100.0,0.0082497754,0.19027653
19970,972845,0.19,0.19,10.46,100.0,0.008248879,0.19027155
19980,973335,0.2,0.2,10.59,100.0,0.008247997,0.19026665
19990,973824,0.2,0.2,10.33,100.0,0.0082471168,0.19026176
20000,974305,0.21,0.21,10.41,100.0,0.008246251,0.19025695
20010,974771,0.2,0.2,10.41,100.0,0.0082454122,0.19025229000000002
20020,975211,0.18,0.18,10.41,100.0,0.0082446202,0.19024789
20030,975692,0.16,0.16,10.34,100.0,0.0082437544,0.19024308
20040,976156,0.2,0.2,10.36,100.0,0.0082429192,0.19023844
20050,976654,0.23,0.23,10.31,100.0,0.0082420228,0.19023346000000002
20060,977134,0.26,0.26,10.74,100.0,0.0082411588,0.19022866
20070,977618,0.25,0.25,10.74,100.0,0.0082402876,0.19022382000000002
20080,978105,0.25,0.25,10.88,100.0,0.008239411,0.19021895
20090,978564,0.24,0.24,10.87,100.0,0.0082385848,0.19021436
20100,979048,0.22,0.22,10.87,100.0,0.0082377136,0.19020952000000002
20110,979507,0.19,0.19,10.87,100.0,0.0082368874,0.19020493
20120,980007,0.22,0.22,10.87,100.0,0.0082359874,0.19019993000000002
20130,980502,0.23,0.23,11.07,100.0,0.0082350964,0.19019498
20140,980998,0.22,0.22,10.85,100.0,0.0082342036,0.19019002000000002
20150,981482,0.2,0.2,10.81,100.0,0.0082333324,0.19018518
20160,981978,0.14,0.14,10.81,100.0,0.0082324396,0.19018022
20170,982444,0.15,0.15,10.74,100.0,0.0082316008,0.19017556000000002
20180,982920,0.16,0.16,11.25,100.0,0.008230744,0.1901708
20190,983420,0.18,0.18,11.07,100.0,0.008229844,0.1901658
20200,983890,0.22,0.22,10.53,100.0,0.008228998,0.1901611
20210,984355,0.24,0.24,10.54,100.0,0.008228161,0.19015645
20220,984827,0.23,0.23,10.88,100.0,0.0082273114,0.19015173000000002
20230,985301,0.23,0.23,10.73,100.0,0.0082264582,0.19014699000000002
20240,985796,0.23,0.23,10.61,100.0,0.0082255672,0.19014204
20250,986262,0.22,0.22,10.56,100.0,0.0082247284,0.19013738000000002
20260,986731,0.25,0.25,10.4,100.0,0.0082238842,0.19013269000000002
20270,987216,0.27,0.27,10.45,100.0,0.0082230112,0.19012784000000002
20280,987667,0.25,0.25,10.41,100.0,0.0082221994,0.19012333
20290,988126,0.27,0.27,10.38,100.0,0.0082213732,0.19011874
20300,988599,0.25,0.25,10.26,100.0,0.0082205218,0.19011401
20310,989074,0.26,0.26,9.91,100.0,0.0082196668,0.19010926
20320,989552,0.28,0.28,10.42,100.0,0.0082188064,0.19010448000000002
20330,990031,0.3,0.3,10.99,100.0,0.0082179442,0.19009969000000002
20340,990499,0.29,0.29,10.93,100.0,0.0082171018,0.19009501
20350,990990,0.29,0.29,10.53,100.0,0.008216218,0.1900901
20360,991439,0.3,0.3,11.04,100.0,0.0082154098,0.19008561000000002
20370,991934,0.28,0.28,11.11,100.0,0.0082145188,0.19008066
20380,992418,0.27,0.27,11.28,100.0,0.0082136476,0.19007582
20390,992889,0.24,0.24,11.29,100.0,0.0082127998,0.19007111000000002
20400,993389,0.24,0.24,11.59,100.0,0.0082118998,0.19006611
20410,993866,0.23,0.23,11.96,100.0,0.0082110412,0.19006134
20420,994366,0.2,0.2,11.87,100.0,0.0082101412,0.19005634000000002
20430,994834,0.17,0.17,12.17,100.0,0.0082092988,0.19005166
20440,995306,0.17,0.17,12.23,100.0,0.0082084492,0.19004694
20450,995778,0.19,0.19,12.61,100.0,0.0082075996,0.19004222
20460,996273,0.17,0.17,12.19,100.0,0.0082067086,0.19003727
20470,996773,0.18,0.18,12.59,100.0,0.0082058086,0.19003227
20480,997273,0.18,0.18,12.63,100.0,0.0082049086,0.19002727
20490,997753,0.18,0.18,12.69,100.0,0.0082040446,0.19002247
20500,998237,0.16,0.16,12.69,100.0,0.0082031734,0.19001763
20510,998737,0.2,0.2,13.04,100.0,0.0082022734,0.19001263000000002
20520,999220,0.22,0.22,13.23,100.0,0.008201404,0.1900078
20530,999703,0.24,0.24,12.79,100.0,0.0082005346,0.19000297
20540,1000184,0.23,0.23,13.0,100.0,0.0081996688,0.18999816
20550,1000682,0.21,0.21,13.14,100.0,0.0081987724,0.18999318
20560,1001161,0.23,0.23,13.35,100.0,0.0081979102,0.18998839
20570,1001638,0.25,0.25,13.69,100.0,0.0081970516,0.18998362000000002
20580,1002123,0.26,0.26,13.76,100.0,0.0081961786,0.18997877000000002
20590,1002599,0.26,0.26,14.04,100.0,0.0081953218,0.18997401
20600,1003099,0.29,0.29,13.91,100.0,0.0081944218,0.18996901
20610,1003599,0.26,0.26,13.45,100.0,0.008193521799999999,0.18996401000000002
20620,1004099,0.24,0.24,13.4,100.0,0.008192621800000001,0.18995901
20630,1004593,0.24,0.24,13.75,100.0,0.0081917326,0.18995407
20640,1005080,0.25,0.25,14.52,100.0,0.008190856,0.1899492
20650,1005542,0.26,0.26,14.63,100.0,0.0081900244,0.18994458
20660,1006032,0.25,0.25,14.42,100.0,0.0081891424,0.18993968
20670,1006515,0.23,0.23,14.89,100.0,0.008188273,0.18993485000000002
20680,1007001,0.25,0.25,14.99,100.0,0.0081873982,0.18992999
20690,1007491,0.24,0.24,15.06,100.0,0.0081865162,0.18992509000000002
20700,1007963,0.24,0.24,15.19,100.0,0.0081856666,0.18992037
20710,1008463,0.25,0.25,15.42,100.0,0.0081847666,0.18991537
20720,1008934,0.24,0.24,15.42,100.0,0.0081839188,0.18991066
20730,1009434,0.24,0.24,15.43,100.0,0.0081830188,0.18990566
20740,1009920,0.23,0.23,15.52,100.0,0.008182144,0.1899008
20750,1010420,0.24,0.24,15.5,100.0,0.008181244,0.1898958
20760,1010905,0.24,0.24,15.51,100.0,0.008180371,0.18989095
20770,1011387,0.22,0.22,15.51,100.0,0.0081795034,0.18988613000000001
20780,1011862,0.18,0.18,15.51,100.0,0.0081786484,0.18988138000000002
20790,1012362,0.2,0.2,15.3,100.0,0.0081777484,0.18987638
20800,1012850,0.18,0.18,15.32,100.0,0.00817687,0.1898715
20810,1013350,0.16,0.16,15.04,100.0,0.00817597,0.1898665
20820,1013832,0.18,0.18,14.7,100.0,0.0081751024,0.18986168
20830,1014318,0.17,0.17,14.81,100.0,0.0081742276,0.18985682
20840,1014812,0.17,0.17,14.55,100.0,0.0081733384,0.18985188
20850,1015285,0.17,0.17,14.36,100.0,0.008172487,0.18984715000000002
20860,1015780,0.14,0.14,14.36,100.0,0.008171596,0.18984220000000002
20870,1016280,0.16,0.16,14.29,100.0,0.008170696,0.1898372
20880,1016757,0.21,0.21,13.91,100.0,0.0081698374,0.18983243
20890,1017251,0.21,0.21,13.41,100.0,0.0081689482,0.18982749000000002
20900,1017725,0.21,0.21,13.6,100.0,0.008168095,0.18982275
20910,1018225,0.2,0.2,13.82,100.0,0.008167195,0.18981775
20920,1018715,0.19,0.19,14.04,100.0,0.008166313,0.18981285
20930,1019210,0.19,0.19,13.64,100.0,0.008165422,0.1898079
20940,1019675,0.22,0.22,13.53,100.0,0.008164585,0.18980325
20950,1020161,0.21,0.21,13.46,100.0,0.0081637102,0.18979839
20960,1020627,0.25,0.25,13.43,100.0,0.0081628714,0.18979373
20970,1021107,0.25,0.25,13.44,100.0,0.0081620074,0.18978893000000002
20980,1021588,0.22,0.22,13.46,100.0,0.0081611416,0.18978412
20990,1022070,0.24,0.24,13.51,100.0,0.008160274,0.1897793
21000,1022567,0.24,0.24,13.51,100.0,0.0081593794,0.18977433000000002
21010,1023067,0.25,0.25,13.4,100.0,0.0081584794,0.18976933
21020,1023567,0.26,0.26,13.33,100.0,0.0081575794,0.18976433
21030,1024027,0.27,0.27,13.67,100.0,0.0081567514,0.18975973000000002
21040,1024503,0.24,0.24,13.53,100.0,0.0081558946,0.18975497000000002
21050,1025003,0.24,0.24,13.62,100.0,0.0081549946,0.18974997000000002
21060,1025503,0.22,0.22,13.2,100.0,0.0081540946,0.18974497
21070,1025987,0.2,0.2,13.2,100.0,0.0081532234,0.18974013
21080,1026485,0.19,0.19,13.22,100.0,0.008152327000000001,0.18973515000000002
21090,1026928,0.15,0.15,13.16,100.0,0.0081515296,0.18973072000000002
21100,1027428,0.17,0.17,13.08,100.0,0.0081506296,0.18972572000000001
21110,1027905,0.18,0.18,12.98,100.0,0.008149771,0.18972095
21120,1028393,0.16,0.16,12.98,100.0,0.0081488926,0.18971607000000001
21130,1028877,0.15,0.15,12.93,100.0,0.0081480214,0.18971123
21140,1029368,0.16,0.16,12.91,100.0,0.0081471376,0.18970632
21150,1029860,0.17,0.17,13.09,100.0,0.008146252,0.18970140000000002
21160,1030335,0.17,0.17,12.54,100.0,0.008145397,0.18969665000000002
21170,1030818,0.22,0.22,12.45,100.0,0.0081445276,0.18969182
21180,1031299,0.21,0.21,12.45,100.0,0.0081436618,0.18968701000000002
21190,1031799,0.23,0.23,12.54,100.0,0.0081427618,0.18968201
21200,1032286,0.21,0.21,12.54,100.0,0.0081418852,0.18967714000000002
21210,1032765,0.18,0.18,12.54,100.0,0.008141023,0.18967235000000002
21220,1033252,0.22,0.22,12.43,100.0,0.0081401464,0.18966748
21230,1033734,0.22,0.22,12.37,100.0,0.0081392788,0.18966266
21240,1034199,0.23,0.23,12.49,100.0,0.0081384418,0.18965801000000002
21250,1034670,0.23,0.23,12.21,100.0,0.008137594,0.1896533
21260,1035139,0.23,0.23,12.08,100.0,0.008136749799999999,0.18964861
21270,1035634,0.18,0.18,12.08,100.0,0.0081358588,0.18964366000000002
21280,1036129,0.22,0.22,12.14,100.0,0.0081349678,0.18963871000000002
21290,1036586,0.2,0.2,12.14,100.0,0.0081341452,0.18963414
21300,1037086,0.23,0.23,12.37,100.0,0.0081332452,0.18962914
21310,1037565,0.26,0.26,12.02,100.0,0.008132383,0.18962435
21320,1038060,0.27,0.27,12.37,100.0,0.008131492,0.1896194
21330,1038547,0.28,0.28,12.22,100.0,0.0081306154,0.18961453
21340,1039030,0.28,0.28,12.27,100.0,0.008129746,0.18960970000000002
21350,1039513,0.29,0.29,12.2,100.0,0.0081288766,0.18960487
21360,1040013,0.3,0.3,12.2,100.0,0.0081279766,0.18959987
21370,1040490,0.32,0.32,12.16,100.0,0.008127118,0.18959510000000002
21380,1040962,0.29,0.29,12.16,100.0,0.0081262684,0.18959038
21390,1041451,0.31,0.31,11.82,100.0,0.0081253882,0.18958549
21400,1041947,0.31,0.31,11.85,100.0,0.0081244954,0.18958053
21410,1042417,0.3,0.3,11.57,100.0,0.0081236494,0.18957583
21420,1042895,0.28,0.28,11.73,100.0,0.008122789,0.18957105000000002
21430,1043386,0.3,0.3,11.68,100.0,0.0081219052,0.18956614
21440,1043876,0.3,0.3,11.89,100.0,0.0081210232,0.18956124000000002
21450,1044364,0.28,0.28,12.3,100.0,0.0081201448,0.18955636
21460,1044840,0.27,0.27,12.46,100.0,0.008119288,0.18955160000000001
21470,1045331,0.25,0.25,12.46,100.0,0.0081184042,0.18954669000000002
21480,1045816,0.27,0.27,12.39,100.0,0.0081175312,0.18954184000000002
21490,1046297,0.28,0.28,11.68,100.0,0.0081166654,0.18953703
21500,1046780,0.27,0.27,11.67,100.0,0.008115796,0.1895322
21510,1047269,0.27,0.27,11.7,100.0,0.0081149158,0.18952731
21520,1047746,0.25,0.25,11.75,100.0,0.0081140572,0.18952254000000002
21530,1048230,0.23,0.23,11.59,100.0,0.008113186,0.1895177
21540,1048730,0.22,0.22,11.45,100.0,0.008112286,0.1895127
21550,1049230,0.23,0.23,11.82,100.0,0.008111386,0.1895077
21560,1049701,0.21,0.21,11.82,100.0,0.0081105382,0.18950299
21570,1050198,0.25,0.25,11.82,100.0,0.0081096436,0.18949802000000002
21580,1050666,0.23,0.23,11.93,100.0,0.0081088012,0.18949334
21590,1051128,0.2,0.2,11.69,100.0,0.0081079696,0.18948872
21600,1051615,0.19,0.19,11.65,100.0,0.008107093,0.18948385
21610,1052115,0.19,0.19,11.58,100.0,0.008106193,0.18947885
21620,1052538,0.19,0.19,11.57,100.0,0.0081054316,0.18947462
21630,1053031,0.19,0.19,11.47,100.0,0.008104544200000001,0.18946969
21640,1053506,0.17,0.17,11.47,100.0,0.0081036892,0.18946494
21650,1054001,0.2,0.2,11.16,100.0,0.0081027982,0.18945999000000002
21660,1054492,0.22,0.22,11.12,100.0,0.0081019144,0.18945508
21670,1054992,0.18,0.18,11.12,100.0,0.0081010144,0.18945008000000002
21680,1055492,0.23,0.23,11.17,100.0,0.0081001144,0.18944508000000002
21690,1055977,0.24,0.24,11.5,100.0,0.0080992414,0.18944023000000001
21700,1056448,0.25,0.25,12.16,100.0,0.0080983936,0.18943552
21710,1056878,0.24,0.24,12.15,100.0,0.0080976196,0.18943122
21720,1057342,0.25,0.25,12.3,100.0,0.0080967844,0.18942658
21730,1057826,0.24,0.24,12.54,100.0,0.0080959132,0.18942174
21740,1058326,0.25,0.25,12.56,100.0,0.0080950132,0.18941674
21750,1058801,0.19,0.19,12.56,100.0,0.0080941582,0.18941199
21760,1059254,0.22,0.22,13.04,100.0,0.0080933428,0.18940746
21770,1059749,0.24,0.24,13.22,100.0,0.0080924518,0.18940251
21780,1060235,0.22,0.22,13.58,100.0,0.008091576999999999,0.18939765
21790,1060728,0.21,0.21,13.63,100.0,0.0080906896,0.18939272000000001
21800,1061228,0.2,0.2,13.64,100.0,0.0080897896,0.18938772
21810,1061728,0.21,0.21,13.96,100.0,0.0080888896,0.18938272
21820,1062225,0.21,0.21,14.02,100.0,0.008087995,0.18937775
21830,1062700,0.21,0.21,14.06,100.0,0.00808714,0.189373
21840,1063175,0.22,0.22,14.29,100.0,0.008086285,0.18936825000000002
21850,1063651,0.26,0.26,14.53,100.0,0.0080854282,0.18936349
21860,1064106,0.23,0.23,14.46,100.0,0.0080846092,0.18935894
21870,1064602,0.24,0.24,14.93,100.0,0.0080837164,0.18935398
21880,1065082,0.24,0.24,14.99,100.0,0.0080828524,0.18934918
21890,1065582,0.25,0.25,14.65,100.0,0.0080819524,0.18934418
21900,1066071,0.29,0.29,14.65,100.0,0.0080810722,0.18933929
21910,1066563,0.28,0.28,14.57,100.0,0.0080801866,0.18933437
21920,1067049,0.27,0.27,14.5,100.0,0.008079311799999999,0.18932951
21930,1067530,0.28,0.28,13.93,100.0,0.008078446,0.1893247
21940,1068017,0.27,0.27,13.91,100.0,0.0080775694,0.18931983000000002
21950,1068505,0.28,0.28,13.76,100.0,0.008076691,0.18931495
21960,1069004,0.28,0.28,13.82,100.0,0.0080757928,0.18930996
21970,1069495,0.29,0.29,13.99,100.0,0.008074909,0.18930505
21980,1069982,0.29,0.29,14.05,100.0,0.0080740324,0.18930018
21990,1070470,0.31,0.31,13.69,100.0,0.008073153999999999,0.1892953
22000,1070953,0.29,0.29,14.32,100.0,0.0080722846,0.18929047000000002
22010,1071429,0.33,0.33,14.09,100.0,0.0080714278,0.18928571
22020,1071919,0.34,0.34,14.18,100.0,0.0080705458,0.18928081000000002
22030,1072414,0.33,0.33,14.3,100.0,0.0080696548,0.18927586000000002
22040,1072914,0.35,0.35,14.32,100.0,0.0080687548,0.18927086
22050,1073402,0.33,0.33,14.33,100.0,0.0080678764,0.18926598
22060,1073892,0.33,0.33,14.34,100.0,0.0080669944,0.18926108
22070,1074386,0.32,0.32,14.36,100.0,0.0080661052,0.18925614000000002
22080,1074886,0.29,0.29,14.4,100.0,0.0080652052,0.18925114
22090,1075345,0.27,0.27,14.4,100.0,0.008064379,0.18924655
22100,1075822,0.23,0.23,14.4,100.0,0.0080635204,0.18924178
22110,1076287,0.2,0.2,14.42,100.0,0.0080626834,0.18923713
22120,1076770,0.22,0.22,13.81,100.0,0.008061814,0.18923230000000002
22130,1077269,0.24,0.24,14.4,100.0,0.0080609158,0.18922731
22140,1077763,0.22,0.22,14.24,100.0,0.008060026599999999,0.18922237
22150,1078244,0.23,0.23,13.78,100.0,0.0080591608,0.18921756
22160,1078739,0.22,0.22,13.59,100.0,0.0080582698,0.18921261
22170,1079228,0.23,0.23,13.0,100.0,0.0080573896,0.18920772
22180,1079725,0.26,0.26,13.21,100.0,0.008056495,0.18920275
22190,1080201,0.24,0.24,13.21,100.0,0.0080556382,0.18919799
22200,1080699,0.29,0.29,13.04,100.0,0.008054741800000001,0.18919301
22210,1081180,0.28,0.28,13.1,100.0,0.008053876,0.1891882
22220,1081645,0.24,0.24,13.1,100.0,0.008053039,0.18918355
22230,1082145,0.22,0.22,13.19,100.0,0.008052139,0.18917855
22240,1082605,0.24,0.24,12.92,100.0,0.008051311,0.18917395
22250,1083100,0.21,0.21,12.88,100.0,0.008050419999999999,0.189169
22260,1083587,0.21,0.21,12.62,100.0,0.0080495434,0.18916413
22270,1084067,0.21,0.21,12.78,100.0,0.0080486794,0.18915933000000001
22280,1084567,0.17,0.17,12.78,100.0,0.0080477794,0.18915433
22290,1085063,0.18,0.18,12.4,100.0,0.0080468866,0.18914937
22300,1085548,0.14,0.14,12.68,100.0,0.0080460136,0.18914452
22310,1086027,0.17,0.17,12.94,100.0,0.0080451514,0.18913973
22320,1086512,0.19,0.19,13.06,100.0,0.0080442784,0.18913488
22330,1087012,0.24,0.24,12.75,100.0,0.0080433784,0.18912988
22340,1087492,0.23,0.23,12.89,100.0,0.008042514399999999,0.18912508
22350,1087966,0.24,0.24,12.94,100.0,0.0080416612,0.18912034
22360,1088447,0.24,0.24,12.98,100.0,0.0080407954,0.18911553
22370,1088923,0.22,0.22,13.1,100.0,0.008039938600000001,0.18911077
22380,1089412,0.25,0.25,13.09,100.0,0.0080390584,0.18910588
22390,1089871,0.25,0.25,13.03,100.0,0.0080382322,0.18910129
22400,1090362,0.29,0.29,12.66,100.0,0.0080373484,0.18909638
22410,1090862,0.26,0.26,12.65,100.0,0.0080364484,0.18909138
22420,1091362,0.26,0.26,12.69,100.0,0.0080355484,0.18908638
22430,1091829,0.24,0.24,13.34,100.0,0.0080347078,0.18908171000000001
22440,1092329,0.26,0.26,13.12,100.0,0.0080338078,0.18907671
22450,1092824,0.26,0.26,13.29,100.0,0.0080329168,0.18907176
22460,1093314,0.28,0.28,13.08,100.0,0.0080320348,0.18906686
22470,1093801,0.27,0.27,12.97,100.0,0.0080311582,0.18906199
22480,1094301,0.31,0.31,13.32,100.0,0.0080302582,0.18905699
22490,1094789,0.32,0.32,13.17,100.0,0.0080293798,0.18905211
22500,1095268,0.3,0.3,13.41,100.0,0.0080285176,0.18904732000000002
22510,1095731,0.31,0.31,13.46,100.0,0.0080276842,0.18904269
22520,1096229,0.31,0.31,13.23,100.0,0.0080267878,0.18903771
22530,1096712,0.29,0.29,13.14,100.0,0.0080259184,0.18903288000000001
22540,1097202,0.29,0.29,12.31,100.0,0.0080250364,0.18902798
22550,1097685,0.27,0.27,12.31,100.0,0.008024167,0.18902315
22560,1098179,0.26,0.26,12.35,100.0,0.008023277799999999,0.18901821000000002
22570,1098670,0.28,0.28,12.78,100.0,0.008022394,0.1890133
22580,1099139,0.23,0.23,12.88,100.0,0.0080215498,0.18900861000000002
22590,1099639,0.23,0.23,13.24,100.0,0.0080206498,0.18900361000000002
22600,1100120,0.25,0.25,13.09,100.0,0.008019784,0.1889988
22610,1100620,0.26,0.26,12.7,100.0,0.008018884,0.18899380000000002
22620,1101116,0.27,0.27,12.51,100.0,0.0080179912,0.18898884000000002
22630,1101567,0.27,0.27,12.6,100.0,0.0080171794,0.18898433
22640,1102004,0.23,0.23,12.6,100.0,0.008016392800000001,0.18897996
22650,1102481,0.25,0.25,12.65,100.0,0.0080155342,0.18897519000000002
22660,1102946,0.25,0.25,12.72,100.0,0.0080146972,0.18897054000000002
22670,1103446,0.27,0.27,12.62,100.0,0.0080137972,0.18896554000000002
22680,1103905,0.28,0.28,12.75,100.0,0.008012971,0.18896095000000002
22690,1104392,0.3,0.3,12.55,100.0,0.0080120944,0.18895608
22700,1104872,0.28,0.28,12.32,100.0,0.0080112304,0.18895128
22710,1105355,0.27,0.27,12.25,100.0,0.008010361,0.18894645000000002
22720,1105855,0.27,0.27,13.0,100.0,0.008009460999999999,0.18894145
22730,1106353,0.27,0.27,12.96,100.0,0.0080085646,0.18893647
22740,1106826,0.32,0.32,12.79,100.0,0.008007713199999999,0.18893174000000001
22750,1107311,0.32,0.32,12.8,100.0,0.0080068402,0.18892689000000001
22760,1107808,0.33,0.33,12.77,100.0,0.0080059456,0.18892192000000002
22770,1108299,0.32,0.32,13.36,100.0,0.008005061800000001,0.18891701
22780,1108762,0.3,0.3,13.33,100.0,0.0080042284,0.18891238000000002
22790,1109242,0.27,0.27,13.32,100.0,0.0080033644,0.18890758000000002
22800,1109715,0.25,0.25,13.29,100.0,0.008002513,0.18890285
22810,1110209,0.26,0.26,13.63,100.0,0.0080016238,0.18889791
22820,1110670,0.26,0.26,12.87,100.0,0.008000794,0.18889330000000001
22830,1111162,0.24,0.24,12.75,100.0,0.0079999084,0.18888838
22840,1111652,0.21,0.21,12.98,100.0,0.0079990264,0.18888348
22850,1112151,0.2,0.2,12.93,100.0,0.0079981282,0.18887849
22860,1112601,0.21,0.21,12.76,100.0,0.007997318199999999,0.18887399000000002
22870,1113086,0.17,0.17,12.76,100.0,0.0079964452,0.18886914000000002
22880,1113556,0.16,0.16,12.76,100.0,0.0079955992,0.18886444
22890,1114041,0.16,0.16,12.74,100.0,0.0079947262,0.18885959
22900,1114530,0.17,0.17,12.88,100.0,0.007993846,0.18885470000000001
22910,1115012,0.16,0.16,12.88,100.0,0.0079929784,0.18884988
22920,1115507,0.15,0.15,12.91,100.0,0.0079920874,0.18884493
22930,1115990,0.16,0.16,12.59,100.0,0.007991218,0.1888401
22940,1116474,0.17,0.17,12.66,100.0,0.0079903468,0.18883526
22950,1116973,0.19,0.19,12.82,100.0,0.0079894486,0.18883027
22960,1117448,0.18,0.18,12.85,100.0,0.0079885936,0.18882552
22970,1117948,0.23,0.23,13.0,100.0,0.0079876936,0.18882052000000002
22980,1118431,0.25,0.25,13.03,100.0,0.0079868242,0.18881569
22990,1118931,0.27,0.27,13.07,100.0,0.007985924200000001,0.18881069
23000,1119408,0.27,0.27,12.7,100.0,0.0079850656,0.18880592000000002
23010,1119900,0.26,0.26,12.6,100.0,0.00798418,0.188801
23020,1120390,0.27,0.27,12.58,100.0,0.007983298,0.1887961
23030,1120861,0.25,0.25,12.58,100.0,0.0079824502,0.18879139
23040,1121346,0.25,0.25,12.33,100.0,0.0079815772,0.18878654
23050,1121846,0.24,0.24,12.74,100.0,0.0079806772,0.18878154
23060,1122311,0.22,0.22,12.75,100.0,0.0079798402,0.18877689
23070,1122792,0.19,0.19,12.82,100.0,0.0079789744,0.18877208
23080,1123292,0.18,0.18,12.82,100.0,0.0079780744,0.18876708
23090,1123792,0.17,0.17,12.87,100.0,0.0079771744,0.18876208
23100,1124292,0.2,0.2,12.46,100.0,0.0079762744,0.18875708
23110,1124770,0.22,0.22,12.88,100.0,0.007975414,0.1887523
23120,1125263,0.22,0.22,12.94,100.0,0.0079745266,0.18874737
23130,1125750,0.24,0.24,12.79,100.0,0.00797365,0.1887425
23140,1126249,0.24,0.24,12.95,100.0,0.0079727518,0.18873751
23150,1126740,0.25,0.25,12.93,100.0,0.007971868,0.1887326
23160,1127240,0.27,0.27,12.98,100.0,0.007970968,0.1887276
23170,1127728,0.26,0.26,12.97,100.0,0.0079700896,0.18872272
23180,1128189,0.27,0.27,12.56,100.0,0.0079692598,0.18871811
23190,1128670,0.27,0.27,12.56,100.0,0.007968394,0.1887133
23200,1129159,0.25,0.25,12.64,100.0,0.0079675138,0.18870841
23210,1129659,0.23,0.23,12.65,100.0,0.007966613800000001,0.18870341000000002
23220,1130107,0.22,0.22,13.0,100.0,0.0079658074,0.18869893000000001
23230,1130580,0.2,0.2,13.0,100.0,0.007964956,0.1886942
23240,1131065,0.19,0.19,12.91,100.0,0.007964083,0.18868935
23250,1131560,0.19,0.19,13.11,100.0,0.007963192000000001,0.1886844
23260,1132022,0.19,0.19,12.96,100.0,0.0079623604,0.18867978000000002
23270,1132502,0.19,0.19,12.79,100.0,0.0079614964,0.18867498000000002
23280,1133002,0.18,0.18,12.85,100.0,0.0079605964,0.18866998000000001
23290,1133484,0.17,0.17,13.21,100.0,0.0079597288,0.18866516
23300,1133973,0.16,0.16,13.26,100.0,0.0079588486,0.18866027000000002
23310,1134451,0.18,0.18,13.19,100.0,0.0079579882,0.18865549
23320,1134924,0.17,0.17,13.35,100.0,0.0079571368,0.18865076
23330,1135391,0.18,0.18,13.37,100.0,0.0079562962,0.18864609000000002
23340,1135882,0.21,0.21,13.09,100.0,0.0079554124,0.18864118000000002
23350,1136375,0.21,0.21,13.04,100.0,0.007954525,0.18863625
23360,1136849,0.22,0.22,12.91,100.0,0.0079536718,0.18863151
23370,1137331,0.26,0.26,12.95,100.0,0.0079528042,0.18862669
23380,1137818,0.28,0.28,12.95,100.0,0.0079519276,0.18862182
23390,1138297,0.28,0.28,12.79,100.0,0.0079510654,0.18861703000000002
23400,1138758,0.27,0.27,12.84,100.0,0.007950235600000001,0.18861242
23410,1139258,0.27,0.27,13.25,100.0,0.0079493356,0.18860742
23420,1139751,0.27,0.27,13.02,100.0,0.0079484482,0.18860249
23430,1140251,0.29,0.29,12.99,100.0,0.0079475482,0.18859749
23440,1140727,0.29,0.29,13.15,100.0,0.0079466914,0.18859273000000001
23450,1141197,0.31,0.31,13.04,100.0,0.0079458454,0.18858803000000002
23460,1141683,0.29,0.29,13.06,100.0,0.0079449706,0.18858317
23470,1142164,0.29,0.29,13.06,100.0,0.0079441048,0.18857836
23480,1142657,0.32,0.32,12.86,100.0,0.0079432174,0.18857343000000001
23490,1143122,0.33,0.33,12.35,100.0,0.0079423804,0.18856878000000002
23500,1143617,0.33,0.33,12.31,100.0,0.0079414894,0.18856383000000002
23510,1144117,0.31,0.31,12.34,100.0,0.0079405894,0.18855883
23520,1144561,0.35,0.35,12.53,100.0,0.0079397902,0.18855439000000002
23530,1145044,0.33,0.33,12.62,100.0,0.007938920799999999,0.18854956
23540,1145531,0.29,0.29,12.62,100.0,0.007938044200000001,0.18854469000000001
23550,1146010,0.28,0.28,11.98,100.0,0.007937182000000001,0.1885399
23560,1146496,0.26,0.26,11.98,100.0,0.0079363072,0.18853504000000001
23570,1146945,0.24,0.24,11.99,100.0,0.007935499,0.18853055000000002
23580,1147428,0.2,0.2,12.33,100.0,0.0079346296,0.18852572
23590,1147903,0.21,0.21,12.31,100.0,0.0079337746,0.18852097
23600,1148382,0.2,0.2,12.31,100.0,0.0079329124,0.18851618
23610,1148882,0.24,0.24,12.06,100.0,0.0079320124,0.18851118
23620,1149369,0.21,0.21,12.25,100.0,0.0079311358,0.18850631
23630,1149860,0.22,0.22,12.43,100.0,0.007930252,0.1885014
23640,1150341,0.25,0.25,12.51,100.0,0.0079293862,0.18849659000000002
23650,1150814,0.23,0.23,12.48,100.0,0.0079285348,0.18849186
23660,1151287,0.26,0.26,12.54,100.0,0.0079276834,0.18848713
23670,1151787,0.23,0.23,12.54,100.0,0.0079267834,0.18848213
23680,1152260,0.23,0.23,12.37,100.0,0.007925932,0.18847740000000002
23690,1152755,0.25,0.25,12.43,100.0,0.007925041,0.18847245
23700,1153241,0.29,0.29,12.28,100.0,0.007924166199999999,0.18846759000000002
23710,1153741,0.26,0.26,12.29,100.0,0.007923266200000001,0.18846259
23720,1154233,0.29,0.29,12.32,100.0,0.0079223806,0.18845767
23730,1154733,0.31,0.31,12.88,100.0,0.0079214806,0.18845267000000002
23740,1155222,0.31,0.31,13.46,100.0,0.0079206004,0.18844778
23750,1155668,0.3,0.3,13.48,100.0,0.0079197976,0.18844332
23760,1156133,0.29,0.29,13.3,100.0,0.0079189606,0.18843867
23770,1156613,0.3,0.3,13.32,100.0,0.0079180966,0.18843387
23780,1157103,0.3,0.3,13.47,100.0,0.0079172146,0.18842897
23790,1157603,0.27,0.27,13.73,100.0,0.0079163146,0.18842397
23800,1158098,0.24,0.24,13.85,100.0,0.007915423599999999,0.18841902
23810,1158585,0.24,0.24,13.91,100.0,0.007914547000000001,0.18841415
23820,1159085,0.24,0.24,13.61,100.0,0.007913647,0.18840915
23830,1159570,0.22,0.22,13.37,100.0,0.007912774000000001,0.1884043
23840,1160056,0.22,0.22,13.26,100.0,0.0079118992,0.18839944
23850,1160552,0.25,0.25,13.54,100.0,0.0079110064,0.18839448
23860,1161052,0.24,0.24,13.48,100.0,0.0079101064,0.18838948
23870,1161543,0.25,0.25,13.47,100.0,0.0079092226,0.18838457
23880,1162040,0.25,0.25,13.67,100.0,0.007908328,0.1883796
23890,1162522,0.24,0.24,13.75,100.0,0.0079074604,0.18837478000000002
23900,1162992,0.25,0.25,13.81,100.0,0.0079066144,0.18837008
23910,1163472,0.29,0.29,13.94,100.0,0.0079057504,0.18836528
23920,1163972,0.28,0.28,14.56,100.0,0.0079048504,0.18836028000000002
23930,1164452,0.28,0.28,14.86,100.0,0.0079039864,0.18835548000000002
23940,1164927,0.27,0.27,14.75,100.0,0.0079031314,0.18835073
23950,1165426,0.26,0.26,14.84,100.0,0.0079022332,0.18834574
23960,1165912,0.27,0.27,15.04,100.0,0.007901358399999999,0.18834088000000002
23970,1166394,0.28,0.28,14.9,100.0,0.0079004908,0.18833606
23980,1166872,0.28,0.28,14.79,100.0,0.0078996304,0.18833128000000002
23990,1167372,0.27,0.27,14.79,100.0,0.0078987304,0.18832628
24000,1167807,0.26,0.26,14.81,100.0,0.0078979474,0.18832193
24010,1168285,0.24,0.24,14.45,100.0,0.007897087,0.18831715000000002
24020,1168766,0.22,0.22,14.49,100.0,0.007896221200000001,0.18831234
24030,1169265,0.22,0.22,14.27,100.0,0.007895323,0.18830735
24040,1169738,0.23,0.23,14.27,100.0,0.0078944716,0.18830262
24050,1170217,0.21,0.21,14.44,100.0,0.0078936094,0.18829783
24060,1170717,0.21,0.21,14.49,100.0,0.0078927094,0.18829283
24070,1171217,0.19,0.19,14.49,100.0,0.0078918094,0.18828783000000002
24080,1171696,0.17,0.17,14.49,100.0,0.0078909472,0.18828304
24090,1172178,0.2,0.2,14.35,100.0,0.0078900796,0.18827822
24100,1172664,0.22,0.22,14.34,100.0,0.0078892048,0.18827336
24110,1173164,0.23,0.23,14.87,100.0,0.007888304799999999,0.18826836
24120,1173664,0.23,0.23,15.02,100.0,0.007887404800000001,0.18826336000000002
24130,1174148,0.24,0.24,14.37,100.0,0.0078865336,0.18825852
24140,1174633,0.23,0.23,14.15,100.0,0.0078856606,0.18825367
24150,1175107,0.22,0.22,14.15,100.0,0.007884807399999999,0.18824893
24160,1175607,0.21,0.21,14.35,100.0,0.007883907400000001,0.18824393
24170,1176090,0.25,0.25,13.48,100.0,0.007883038,0.1882391
24180,1176590,0.29,0.29,13.55,100.0,0.007882138,0.18823410000000002
24190,1177086,0.28,0.28,13.94,100.0,0.0078812452,0.18822914000000002
24200,1177586,0.26,0.26,14.1,100.0,0.0078803452,0.18822414
24210,1178078,0.22,0.22,13.8,100.0,0.0078794596,0.18821922000000002
24220,1178575,0.2,0.2,13.8,100.0,0.007878565,0.18821425
24230,1179070,0.19,0.19,14.03,100.0,0.007877674,0.1882093
24240,1179550,0.18,0.18,13.88,100.0,0.00787681,0.1882045
24250,1180026,0.19,0.19,13.88,100.0,0.0078759532,0.18819974
24260,1180526,0.23,0.23,13.95,100.0,0.007875053199999999,0.18819474
24270,1181026,0.22,0.22,14.24,100.0,0.007874153200000001,0.18818974
24280,1181526,0.2,0.2,14.4,100.0,0.0078732532,0.18818474000000002
24290,1182017,0.2,0.2,14.33,100.0,0.007872369399999999,0.18817983
24300,1182517,0.21,0.21,14.17,100.0,0.0078714694,0.18817483000000002
24310,1183015,0.22,0.22,14.12,100.0,0.007870573,0.18816985
24320,1183498,0.24,0.24,13.96,100.0,0.0078697036,0.18816502000000002
24330,1183998,0.23,0.23,13.83,100.0,0.0078688036,0.18816002
24340,1184487,0.21,0.21,13.83,100.0,0.0078679234,0.18815513
24350,1184986,0.24,0.24,13.69,100.0,0.0078670252,0.18815014000000002
24360,1185474,0.21,0.21,13.73,100.0,0.0078661468,0.18814526
24370,1185956,0.25,0.25,12.88,100.0,0.0078652792,0.18814044000000002
24380,1186450,0.24,0.24,12.7,100.0,0.007864389999999999,0.1881355
24390,1186933,0.23,0.23,12.65,100.0,0.0078635206,0.18813067
24400,1187408,0.23,0.23,12.73,100.0,0.0078626656,0.18812592
24410,1187903,0.23,0.23,12.69,100.0,0.0078617746,0.18812097
24420,1188385,0.22,0.22,12.71,100.0,0.007860907,0.18811615
24430,1188881,0.25,0.25,13.12,100.0,0.0078600142,0.18811119
24440,1189381,0.27,0.27,12.83,100.0,0.0078591142,0.18810619
24450,1189881,0.23,0.23,12.83,100.0,0.0078582142,0.18810119
24460,1190375,0.23,0.23,12.62,100.0,0.007857325,0.18809625000000002
24470,1190875,0.17,0.17,12.64,100.0,0.007856425,0.18809125000000002
24480,1191356,0.16,0.16,12.64,100.0,0.0078555592,0.18808644000000002
24490,1191856,0.17,0.17,13.04,100.0,0.0078546592,0.18808144000000002
24500,1192356,0.19,0.19,13.0,100.0,0.007853759200000001,0.18807644
24510,1192836,0.2,0.2,13.06,100.0,0.0078528952,0.18807164
24520,1193314,0.24,0.24,12.4,100.0,0.0078520348,0.18806686
24530,1193796,0.23,0.23,12.32,100.0,0.0078511672,0.18806204
24540,1194291,0.23,0.23,12.42,100.0,0.007850276199999999,0.18805709
24550,1194779,0.29,0.29,12.31,100.0,0.0078493978,0.18805221
24560,1195254,0.3,0.3,11.93,100.0,0.0078485428,0.18804746
24570,1195749,0.29,0.29,11.84,100.0,0.007847651800000001,0.18804251
24580,1196218,0.3,0.3,11.65,100.0,0.0078468076,0.18803782
24590,1196704,0.34,0.34,11.66,100.0,0.0078459328,0.18803296
24600,1197188,0.31,0.31,11.65,100.0,0.0078450616,0.18802812000000002
24610,1197680,0.28,0.28,11.65,100.0,0.007844176,0.1880232
24620,1198180,0.26,0.26,11.48,100.0,0.007843276,0.1880182
24630,1198653,0.26,0.26,11.74,100.0,0.0078424246,0.18801347000000002
24640,1199153,0.26,0.26,11.95,100.0,0.0078415246,0.18800847
24650,1199653,0.21,0.21,11.94,100.0,0.0078406246,0.18800347
24660,1200150,0.21,0.21,12.03,100.0,0.00783973,0.1879985
24670,1200629,0.22,0.22,11.69,100.0,0.0078388678,0.18799371
24680,1201127,0.22,0.22,11.68,100.0,0.0078379714,0.18798873
24690,1201615,0.19,0.19,11.51,100.0,0.007837093,0.18798385
24700,1202110,0.21,0.21,11.25,100.0,0.007836202,0.1879789
24710,1202604,0.24,0.24,11.51,100.0,0.0078353128,0.18797396
24720,1203061,0.22,0.22,11.5,100.0,0.0078344902,0.18796939000000001
24730,1203548,0.2,0.2,11.49,100.0,0.0078336136,0.18796452
24740,1204048,0.19,0.19,11.53,100.0,0.0078327136,0.18795952000000002
24750,1204519,0.21,0.21,11.88,100.0,0.0078318658,0.18795481
24760,1205016,0.2,0.2,12.19,100.0,0.0078309712,0.18794984
24770,1205466,0.2,0.2,11.99,100.0,0.0078301612,0.18794534000000002
24780,1205950,0.22,0.22,12.02,100.0,0.00782929,0.1879405
24790,1206450,0.22,0.22,12.31,100.0,0.00782839,0.1879355
24800,1206946,0.21,0.21,12.33,100.0,0.0078274972,0.18793054
24810,1207446,0.19,0.19,12.33,100.0,0.0078265972,0.18792554
24820,1207926,0.19,0.19,12.71,100.0,0.0078257332,0.18792074
24830,1208413,0.22,0.22,12.97,100.0,0.0078248566,0.18791587
24840,1208912,0.21,0.21,12.97,100.0,0.0078239584,0.18791088
24850,1209412,0.2,0.2,13.31,100.0,0.0078230584,0.18790588
24860,1209878,0.18,0.18,13.31,100.0,0.0078222196,0.18790122
24870,1210373,0.2,0.2,13.38,100.0,0.0078213286,0.18789627
24880,1210840,0.2,0.2,13.4,100.0,0.007820488,0.18789160000000002
24890,1211340,0.18,0.18,13.27,100.0,0.007819587999999999,0.18788660000000001
24900,1211828,0.19,0.19,13.36,100.0,0.007818709600000001,0.18788172
24910,1212298,0.21,0.21,13.36,100.0,0.0078178636,0.18787702
24920,1212783,0.2,0.2,13.36,100.0,0.0078169906,0.18787217
24930,1213283,0.18,0.18,13.99,100.0,0.0078160906,0.18786717
24940,1213778,0.19,0.19,14.01,100.0,0.0078151996,0.18786222
24950,1214258,0.2,0.2,14.31,100.0,0.0078143356,0.18785742
24960,1214720,0.23,0.23,14.4,100.0,0.007813504,0.18785280000000001
24970,1215208,0.21,0.21,14.4,100.0,0.0078126256,0.18784792
24980,1215693,0.2,0.2,14.12,100.0,0.007811752599999999,0.18784307
24990,1216190,0.24,0.24,14.4,100.0,0.007810858,0.1878381
25000,1216657,0.23,0.23,14.85,100.0,0.0078100174,0.18783343
25010,1217139,0.22,0.22,14.9,100.0,0.0078091498,0.18782861
25020,1217631,0.23,0.23,14.92,100.0,0.0078082642,0.18782369000000002
25030,1218085,0.23,0.23,14.79,100.0,0.007807447,0.18781915000000002
25040,1218585,0.23,0.23,14.6,100.0,0.0078065470000000005,0.18781415
25050,1219069,0.22,0.22,14.53,100.0,0.0078056758,0.18780931
25060,1219522,0.21,0.21,14.76,100.0,0.0078048604,0.18780478
25070,1220022,0.24,0.24,15.15,100.0,0.0078039604,0.18779978
25080,1220522,0.23,0.23,15.38,100.0,0.0078030604,0.18779478
25090,1221022,0.22,0.22,15.77,100.0,0.0078021604,0.18778978000000002
25100,1221522,0.22,0.22,15.97,100.0,0.0078012604,0.18778478
25110,1222022,0.21,0.21,15.89,100.0,0.007800360399999999,0.18777978
25120,1222508,0.2,0.2,15.89,100.0,0.0077994855999999994,0.18777492
25130,1223008,0.2,0.2,16.1,100.0,0.0077985856,0.18776992
25140,1223458,0.23,0.23,15.62,100.0,0.0077977756,0.18776542000000002
25150,1223958,0.24,0.24,15.52,100.0,0.007796875599999999,0.18776042
25160,1224458,0.26,0.26,15.3,100.0,0.0077959755999999995,0.18775542
25170,1224946,0.22,0.22,15.53,100.0,0.0077950972,0.18775054000000002
25180,1225403,0.22,0.22,15.59,100.0,0.0077942746,0.18774597
25190,1225876,0.22,0.22,15.93,100.0,0.0077934232,0.18774124
25200,1226367,0.22,0.22,15.93,100.0,0.0077925393999999995,0.18773633
25210,1226865,0.23,0.23,15.76,100.0,0.007791643,0.18773135000000002
25220,1227346,0.25,0.25,16.08,100.0,0.0077907772,0.18772654
25230,1227835,0.25,0.25,15.82,100.0,0.0077898970000000005,0.18772165000000002
25240,1228330,0.22,0.22,15.48,100.0,0.007789005999999999,0.18771670000000001
25250,1228830,0.21,0.21,15.36,100.0,0.0077881059999999995,0.1877117
25260,1229295,0.17,0.17,15.36,100.0,0.0077872689999999994,0.18770705000000001
25270,1229791,0.2,0.2,15.22,100.0,0.0077863762,0.18770209000000002
25280,1230289,0.19,0.19,15.22,100.0,0.0077854798,0.18769711
25290,1230779,0.16,0.16,15.16,100.0,0.007784597799999999,0.18769221
25300,1231279,0.17,0.17,14.84,100.0,0.007783697799999999,0.18768721
25310,1231760,0.15,0.15,14.84,100.0,0.007782832,0.1876824
25320,1232236,0.14,0.14,14.85,100.0,0.0077819752,0.18767764
25330,1232719,0.14,0.14,14.7,100.0,0.0077811058,0.18767281
25340,1233206,0.15,0.15,14.29,100.0,0.0077802292000000006,0.18766794
25350,1233703,0.14,0.14,14.13,100.0,0.0077793346,0.18766297
25360,1234187,0.17,0.17,14.14,100.0,0.0077784633999999995,0.18765813
25370,1234687,0.16,0.16,13.91,100.0,0.0077775634,0.18765313
25380,1235156,0.16,0.16,13.91,100.0,0.0077767192,0.18764844
25390,1235619,0.18,0.18,13.9,100.0,0.0077758858,0.18764381
25400,1236104,0.17,0.17,13.87,100.0,0.0077750128,0.18763896000000002
25410,1236604,0.18,0.18,13.9,100.0,0.0077741128,0.18763396000000002
25420,1237101,0.2,0.2,14.17,100.0,0.007773218199999999,0.18762899
25430,1237576,0.21,0.21,14.51,100.0,0.0077723632,0.18762424
25440,1238076,0.25,0.25,13.18,100.0,0.0077714632,0.18761924000000002
25450,1238576,0.27,0.27,13.01,100.0,0.0077705632,0.18761424000000002
25460,1239076,0.25,0.25,12.98,100.0,0.0077696632,0.18760924
25470,1239570,0.25,0.25,12.9,100.0,0.007768774,0.1876043
25480,1240070,0.27,0.27,12.99,100.0,0.007767873999999999,0.1875993
25490,1240560,0.26,0.26,12.59,100.0,0.007766992,0.1875944
25500,1241053,0.28,0.28,12.33,100.0,0.0077661046000000004,0.18758947
25510,1241547,0.28,0.28,12.31,100.0,0.0077652154,0.18758453
25520,1242025,0.26,0.26,11.98,100.0,0.0077643550000000006,0.18757975000000002
25530,1242501,0.27,0.27,12.15,100.0,0.0077634982,0.18757499
25540,1242996,0.25,0.25,12.7,100.0,0.0077626072,0.18757004
25550,1243459,0.23,0.23,12.49,100.0,0.0077617738,0.18756541000000002
25560,1243959,0.22,0.22,12.49,100.0,0.0077608738,0.18756041
25570,1244421,0.21,0.21,12.16,100.0,0.0077600422,0.18755579
25580,1244895,0.21,0.21,12.4,100.0,0.007759189,0.18755105
25590,1245384,0.21,0.21,12.03,100.0,0.0077583088000000005,0.18754616000000002
25600,1245877,0.19,0.19,11.98,100.0,0.007757421400000001,0.18754123
25610,1246329,0.18,0.18,11.98,100.0,0.0077566078,0.18753671
25620,1246817,0.19,0.19,11.91,100.0,0.0077557293999999995,0.18753183
25630,1247317,0.17,0.17,11.64,100.0,0.0077548294,0.18752683
25640,1247778,0.16,0.16,11.9,100.0,0.0077539996,0.18752222000000002
25650,1248276,0.16,0.16,11.89,100.0,0.0077531032,0.18751724
25660,1248776,0.2,0.2,12.49,100.0,0.0077522032,0.18751224
25670,1249265,0.22,0.22,12.75,100.0,0.007751323,0.18750735000000002
25680,1249754,0.24,0.24,12.5,100.0,0.0077504428,0.18750246
25690,1250254,0.23,0.23,12.17,100.0,0.0077495428,0.18749746
25700,1250719,0.21,0.21,12.17,100.0,0.0077487058,0.18749281
25710,1251197,0.22,0.22,12.22,100.0,0.0077478454,0.18748803
25720,1251697,0.22,0.22,11.92,100.0,0.0077469454,0.18748303
25730,1252171,0.21,0.21,11.9,100.0,0.0077460922000000005,0.18747829000000002
25740,1252660,0.22,0.22,11.88,100.0,0.007745212,0.1874734
25750,1253160,0.23,0.23,11.8,100.0,0.007744312,0.1874684
25760,1253654,0.19,0.19,11.8,100.0,0.0077434228,0.18746346
25770,1254140,0.19,0.19,11.92,100.0,0.007742548,0.1874586
25780,1254623,0.16,0.16,11.89,100.0,0.0077416785999999994,0.18745377000000002
25790,1255123,0.19,0.19,12.15,100.0,0.0077407786,0.18744877000000001
25800,1255623,0.21,0.21,12.48,100.0,0.0077398786,0.18744377
25810,1256115,0.21,0.21,12.55,100.0,0.007738993,0.18743885000000002
25820,1256596,0.19,0.19,12.55,100.0,0.0077381272,0.18743404
25830,1257085,0.2,0.2,12.69,100.0,0.007737247,0.18742915000000002
25840,1257572,0.18,0.18,12.96,100.0,0.0077363703999999995,0.18742428
25850,1258069,0.19,0.19,12.97,100.0,0.0077354758,0.18741931
25860,1258548,0.19,0.19,12.97,100.0,0.007734613600000001,0.18741452
25870,1259048,0.19,0.19,12.56,100.0,0.0077337136,0.18740952
25880,1259544,0.2,0.2,12.74,100.0,0.0077328208,0.18740456
25890,1260037,0.19,0.19,12.76,100.0,0.0077319334,0.18739963
25900,1260535,0.2,0.2,13.05,100.0,0.007731037,0.18739465
25910,1260999,0.21,0.21,12.97,100.0,0.0077302018,0.18739001
25920,1261499,0.22,0.22,13.24,100.0,0.0077293017999999995,0.18738501000000002
25930,1261945,0.23,0.23,13.15,100.0,0.007728499,0.18738055
25940,1262417,0.23,0.23,13.35,100.0,0.0077276494,0.18737583
25950,1262917,0.25,0.24,13.32,100.0,0.0077267494,0.18737083000000002
25960,1263410,0.26,0.25,13.35,100.0,0.007725862,0.1873659
25970,1263882,0.26,0.25,13.62,100.0,0.0077250124,0.18736118000000002
25980,1264382,0.27,0.26,13.65,100.0,0.0077241124,0.18735618
25990,1264882,0.28,0.27,13.36,100.0,0.0077232124,0.18735118
26000,1265382,0.26,0.25,13.61,100.0,0.0077223124,0.18734618
26010,1265882,0.27,0.26,13.72,100.0,0.0077214124,0.18734118
26020,1266382,0.28,0.27,13.72,100.0,0.0077205124,0.18733618000000002
26030,1266872,0.26,0.25,13.67,100.0,0.0077196304,0.18733128000000002
26040,1267365,0.27,0.26,13.47,100.0,0.007718743,0.18732635
26050,1267841,0.24,0.24,13.06,100.0,0.007717886199999999,0.18732159
26060,1268331,0.24,0.24,13.04,100.0,0.0077170042000000005,0.18731669
26070,1268815,0.24,0.24,12.83,100.0,0.007716133,0.18731185
26080,1269290,0.22,0.22,13.08,100.0,0.007715278000000001,0.1873071
26090,1269778,0.19,0.19,13.14,100.0,0.0077143996,0.18730222000000002
26100,1270278,0.21,0.21,13.15,100.0,0.0077134996,0.18729722000000001
26110,1270764,0.2,0.2,12.95,100.0,0.0077126248,0.18729236000000002
26120,1271264,0.18,0.18,12.95,100.0,0.0077117248,0.18728736
26130,1271744,0.21,0.21,12.82,100.0,0.0077108608,0.18728256000000001
26140,1272243,0.22,0.22,12.91,100.0,0.0077099626,0.18727757
26150,1272720,0.2,0.2,12.91,100.0,0.007709104,0.18727280000000002
26160,1273212,0.21,0.21,12.53,100.0,0.0077082183999999995,0.18726788
26170,1273709,0.21,0.21,12.57,100.0,0.0077073238,0.18726291
26180,1274186,0.21,0.21,12.62,100.0,0.0077064652,0.18725814000000002
26190,1274650,0.21,0.21,12.79,100.0,0.00770563,0.18725350000000002
26200,1275150,0.21,0.21,13.0,100.0,0.00770473,0.1872485
26210,1275630,0.2,0.2,13.02,100.0,0.007703866,0.1872437
26220,1276121,0.22,0.22,13.07,100.0,0.0077029822,0.18723879000000002
26230,1276603,0.18,0.18,13.07,100.0,0.0077021146,0.18723397
26240,1277101,0.17,0.17,12.74,100.0,0.0077012182,0.18722899
26250,1277583,0.2,0.2,12.73,100.0,0.0077003506,0.18722417
26260,1278063,0.18,0.18,12.73,100.0,0.0076994865999999995,0.18721937
26270,1278555,0.18,0.18,12.8,100.0,0.007698600999999999,0.18721445
26280,1279042,0.21,0.21,12.42,100.0,0.0076977244,0.18720958000000001
26290,1279512,0.22,0.22,12.41,100.0,0.0076968784,0.18720488000000002
26300,1280002,0.22,0.22,11.95,100.0,0.0076959964,0.18719998000000002
26310,1280502,0.21,0.21,11.95,100.0,0.0076950964,0.18719498
26320,1280940,0.19,0.19,11.95,100.0,0.0076943079999999995,0.1871906
26330,1281434,0.2,0.2,11.9,100.0,0.007693418800000001,0.18718566
26340,1281919,0.21,0.21,11.82,100.0,0.0076925458000000006,0.18718081
26350,1282414,0.19,0.19,11.91,100.0,0.007691654799999999,0.18717586
26360,1282872,0.21,0.21,12.19,100.0,0.0076908304,0.18717128
26370,1283350,0.18,0.18,12.46,100.0,0.00768997,0.1871665
26380,1283837,0.14,0.14,12.46,100.0,0.0076890934,0.18716163
26390,1284308,0.14,0.14,12.69,100.0,0.007688245599999999,0.18715692
26400,1284781,0.12,0.12,12.89,100.0,0.007687394199999999,0.18715219
26410,1285273,0.14,0.14,12.95,100.0,0.007686508599999999,0.18714727
26420,1285749,0.16,0.16,12.94,100.0,0.0076856518,0.18714251
26430,1286244,0.17,0.17,12.83,100.0,0.0076847608,0.18713756
26440,1286737,0.15,0.15,12.61,100.0,0.0076838734,0.18713263
26450,1287232,0.18,0.18,12.69,100.0,0.0076829824,0.18712768000000002
26460,1287720,0.18,0.18,12.39,100.0,0.007682104,0.1871228
26470,1288204,0.18,0.18,12.49,100.0,0.0076812328,0.18711796
26480,1288692,0.21,0.21,12.81,100.0,0.0076803544000000005,0.18711308000000001
26490,1289167,0.21,0.21,12.83,100.0,0.0076794993999999995,0.18710833000000002
26500,1289665,0.26,0.26,13.48,100.0,0.007678602999999999,0.18710335
26510,1290156,0.27,0.27,13.6,100.0,0.0076777192,0.18709844
26520,1290656,0.26,0.26,13.73,100.0,0.0076768192,0.18709344
26530,1291140,0.27,0.27,13.64,100.0,0.007675948,0.1870886
26540,1291625,0.28,0.28,13.78,100.0,0.007675075,0.18708375
26550,1292111,0.28,0.28,14.27,100.0,0.0076742002,0.18707889
26560,1292598,0.28,0.28,14.36,100.0,0.0076733236,0.18707402
26570,1293098,0.28,0.28,14.55,100.0,0.0076724236000000005,0.18706902
26580,1293597,0.27,0.27,14.54,100.0,0.0076715254,0.18706403000000002
26590,1294081,0.27,0.27,14.3,100.0,0.0076706542,0.18705919000000001
26600,1294550,0.24,0.24,14.58,100.0,0.00766981,0.1870545
26610,1295042,0.21,0.21,14.58,100.0,0.0076689244,0.18704958
26620,1295506,0.23,0.23,14.62,100.0,0.0076680892,0.18704494000000002
26630,1295982,0.21,0.21,14.67,100.0,0.0076672324,0.18704018
26640,1296471,0.19,0.19,14.95,100.0,0.0076663522000000005,0.18703529000000002
26650,1296961,0.18,0.18,14.92,100.0,0.0076654702,0.18703039000000002
26660,1297436,0.17,0.17,15.03,100.0,0.0076646152000000006,0.18702564000000002
26670,1297936,0.17,0.17,15.2,100.0,0.0076637152,0.18702064000000002
26680,1298423,0.16,0.16,15.22,100.0,0.0076628386,0.18701577
26690,1298907,0.17,0.17,15.48,100.0,0.007661967400000001,0.18701093000000002
26700,1299368,0.15,0.15,15.44,100.0,0.0076611375999999995,0.18700632
26710,1299868,0.17,0.17,15.31,100.0,0.0076602376,0.18700132
26720,1300340,0.15,0.15,15.34,100.0,0.007659388,0.1869966
26730,1300803,0.18,0.18,15.27,100.0,0.0076585546,0.18699197
26740,1301281,0.19,0.19,15.35,100.0,0.0076576942000000005,0.18698719
26750,1301753,0.18,0.18,15.46,100.0,0.0076568446000000005,0.18698247
26760,1302253,0.18,0.18,15.36,100.0,0.007655944600000001,0.18697747
26770,1302752,0.18,0.18,15.39,100.0,0.0076550464,0.18697248
26780,1303239,0.17,0.17,15.39,100.0,0.0076541698,0.18696761
26790,1303721,0.15,0.15,15.36,100.0,0.0076533022,0.18696279000000002
26800,1304217,0.16,0.16,15.26,100.0,0.0076524094,0.18695783000000002
26810,1304680,0.14,0.14,15.26,100.0,0.007651576,0.1869532
26820,1305171,0.16,0.16,15.89,100.0,0.0076506922,0.18694829000000002
26830,1305639,0.15,0.15,15.8,100.0,0.0076498498,0.18694361
26840,1306137,0.16,0.16,16.2,100.0,0.0076489534,0.18693863
26850,1306631,0.17,0.17,16.27,100.0,0.0076480642000000005,0.18693369
26860,1307122,0.19,0.19,16.17,100.0,0.0076471804,0.18692878000000002
26870,1307585,0.21,0.21,15.97,100.0,0.0076463469999999995,0.18692415
26880,1308069,0.22,0.22,15.76,100.0,0.0076454758,0.18691931
26890,1308553,0.22,0.22,15.56,100.0,0.0076446046,0.18691447
26900,1309048,0.23,0.23,15.16,100.0,0.0076437136,0.18690952
26910,1309519,0.25,0.25,15.47,100.0,0.0076428658,0.18690481
26920,1309969,0.22,0.22,15.47,100.0,0.0076420558,0.18690031000000001
26930,1310439,0.21,0.21,15.91,100.0,0.0076412098,0.18689561000000002
26940,1310923,0.2,0.2,16.27,100.0,0.0076403386,0.18689077
26950,1311407,0.19,0.19,16.22,100.0,0.0076394674,0.18688593
26960,1311907,0.19,0.19,16.16,100.0,0.0076385674,0.18688093
26970,1312404,0.17,0.17,16.07,100.0,0.0076376728,0.18687596
26980,1312872,0.2,0.2,16.0,100.0,0.0076368304,0.18687128
26990,1313372,0.2,0.2,15.91,100.0,0.0076359304,0.18686628
27000,1313831,0.19,0.19,16.19,100.0,0.007635104199999999,0.18686169
27010,1314315,0.17,0.17,16.19,100.0,0.007634233,0.18685685000000002
27020,1314805,0.19,0.19,16.18,100.0,0.007633351,0.18685195000000002
27030,1315305,0.23,0.23,16.03,100.0,0.007632451,0.18684695
27040,1315766,0.22,0.22,16.23,100.0,0.0076316212,0.18684234
27050,1316246,0.22,0.22,16.17,100.0,0.007630757199999999,0.18683754
27060,1316713,0.22,0.22,16.0,100.0,0.0076299166,0.18683287
27070,1317165,0.23,0.23,16.16,100.0,0.007629103,0.18682835
27080,1317648,0.2,0.2,16.26,100.0,0.0076282336,0.18682352000000002
27090,1318132,0.21,0.21,15.9,100.0,0.0076273624000000005,0.18681868000000001
27100,1318572,0.21,0.21,15.6,100.0,0.007626570399999999,0.18681428
27110,1319039,0.23,0.23,15.53,100.0,0.0076257298,0.18680961000000001
27120,1319507,0.22,0.22,15.54,100.0,0.0076248874000000005,0.18680493
27130,1319974,0.21,0.21,15.65,100.0,0.0076240468,0.18680026
27140,1320463,0.24,0.24,15.14,100.0,0.0076231666,0.18679537000000002
27150,1320921,0.23,0.23,15.06,100.0,0.0076223422,0.18679079
27160,1321397,0.21,0.21,15.12,100.0,0.0076214854,0.18678603000000002
27170,1321883,0.2,0.2,15.12,100.0,0.007620610599999999,0.18678117
27180,1322383,0.19,0.19,15.12,100.0,0.007619710599999999,0.18677617000000002
27190,1322829,0.18,0.18,14.68,100.0,0.0076189078,0.18677171
27200,1323311,0.19,0.19,14.49,100.0,0.0076180402,0.18676689000000002
27210,1323804,0.2,0.2,14.55,100.0,0.0076171528,0.18676196
27220,1324304,0.19,0.19,14.55,100.0,0.0076162528,0.18675696
27230,1324760,0.17,0.17,14.29,100.0,0.007615432,0.1867524
27240,1325260,0.17,0.17,14.1,100.0,0.007614532,0.1867474
27250,1325760,0.17,0.17,14.21,100.0,0.007613632,0.1867424
27260,1326244,0.19,0.19,14.04,100.0,0.0076127608,0.18673756
27270,1326719,0.21,0.21,14.1,100.0,0.0076119058,0.18673281
27280,1327213,0.27,0.27,13.84,100.0,0.0076110166,0.18672787000000002
27290,1327713,0.3,0.3,13.75,100.0,0.0076101165999999994,0.18672287
27300,1328207,0.3,0.3,13.81,100.0,0.0076092274,0.18671793
27310,1328686,0.28,0.28,13.76,100.0,0.0076083652,0.18671314
27320,1329172,0.28,0.28,13.76,100.0,0.0076074904,0.18670828
27330,1329655,0.27,0.27,13.78,100.0,0.007606621,0.18670345000000002
27340,1330150,0.27,0.27,13.35,100.0,0.00760573,0.18669850000000002
27350,1330634,0.26,0.26,13.35,100.0,0.007604858799999999,0.18669366
27360,1331123,0.24,0.24,13.59,100.0,0.0076039786,0.18668877
27370,1331591,0.22,0.22,13.45,100.0,0.0076031362,0.18668409
27380,1332085,0.2,0.2,13.67,100.0,0.0076022469999999995,0.18667915000000002
27390,1332561,0.19,0.19,13.61,100.0,0.0076013902000000005,0.18667439
27400,1333052,0.17,0.17,13.63,100.0,0.0076005064,0.18666948
27410,1333552,0.19,0.19,13.51,100.0,0.0075996064,0.18666448
27420,1334011,0.22,0.22,13.29,100.0,0.0075987802,0.18665989
27430,1334508,0.2,0.2,13.29,100.0,0.0075978856,0.18665492
27440,1335006,0.19,0.19,12.89,100.0,0.007596989199999999,0.18664994000000001
27450,1335481,0.22,0.22,12.57,100.0,0.0075961342,0.18664519000000002
27460,1335976,0.24,0.24,12.51,100.0,0.0075952432,0.18664024
27470,1336461,0.23,0.23,12.51,100.0,0.0075943702000000005,0.18663539
27480,1336936,0.2,0.2,12.73,100.0,0.0075935151999999995,0.18663064000000001
27490,1337378,0.18,0.18,12.78,100.0,0.007592719600000001,0.18662622
27500,1337878,0.21,0.21,12.31,100.0,0.0075918196,0.18662122
27510,1338378,0.21,0.21,12.48,100.0,0.0075909196,0.18661622
27520,1338854,0.22,0.22,12.03,100.0,0.0075900628,0.18661146
27530,1339354,0.22,0.22,12.03,100.0,0.0075891628,0.18660646
27540,1339815,0.2,0.2,11.68,100.0,0.007588333,0.18660185
27550,1340297,0.19,0.19,11.82,100.0,0.0075874654,0.18659703
27560,1340781,0.19,0.19,12.35,100.0,0.0075865941999999995,0.18659219000000002
27570,1341275,0.21,0.21,12.3,100.0,0.007585705,0.18658725
27580,1341751,0.22,0.22,12.52,100.0,0.0075848482,0.18658249000000002
27590,1342194,0.26,0.26,12.34,100.0,0.0075840508000000004,0.18657806000000002
27600,1342675,0.22,0.22,12.34,100.0,0.007583184999999999,0.18657325
27610,1343173,0.21,0.21,12.28,100.0,0.0075822886,0.18656827
27620,1343659,0.21,0.21,12.34,100.0,0.0075814138,0.18656341
27630,1344123,0.21,0.21,12.34,100.0,0.0075805786,0.18655877
27640,1344580,0.25,0.25,12.59,100.0,0.007579756,0.1865542
27650,1345055,0.26,0.26,12.39,100.0,0.007578901,0.18654945
27660,1345527,0.25,0.25,12.58,100.0,0.0075780514,0.18654473000000002
27670,1346014,0.24,0.24,12.95,100.0,0.007577174799999999,0.18653986
27680,1346484,0.23,0.23,12.94,100.0,0.0075763288000000005,0.18653516
27690,1346960,0.19,0.19,12.55,100.0,0.007575472,0.1865304
27700,1347426,0.19,0.19,12.55,100.0,0.0075746332,0.18652574
27710,1347916,0.17,0.17,12.55,100.0,0.007573751199999999,0.18652084
27720,1348379,0.16,0.16,12.6,100.0,0.0075729178,0.18651621000000002
27730,1348856,0.18,0.18,12.44,100.0,0.0075720592,0.18651144
27740,1349300,0.16,0.16,12.41,100.0,0.00757126,0.186507
27750,1349783,0.13,0.13,12.41,100.0,0.0075703906,0.18650217
27760,1350283,0.13,0.13,12.75,100.0,0.0075694906,0.18649717000000002
27770,1350740,0.17,0.17,12.99,100.0,0.007568668,0.1864926
27780,1351208,0.21,0.21,12.99,100.0,0.0075678256,0.18648792
27790,1351681,0.24,0.24,13.6,100.0,0.0075669742,0.18648319
27800,1352172,0.27,0.27,13.37,100.0,0.007566090399999999,0.18647828
27810,1352672,0.29,0.29,12.95,100.0,0.0075651903999999996,0.18647328000000002
27820,1353142,0.28,0.28,13.19,100.0,0.0075643444,0.18646858
27830,1353634,0.29,0.29,13.15,100.0,0.007563458800000001,0.18646366
27840,1354128,0.32,0.32,13.17,100.0,0.0075625696,0.18645872
27850,1354626,0.33,0.33,13.02,100.0,0.007561673200000001,0.18645374
27860,1355126,0.35,0.35,13.0,100.0,0.0075607732,0.18644874
27870,1355610,0.32,0.32,12.97,100.0,0.007559902,0.1864439
27880,1356085,0.28,0.28,12.85,100.0,0.007559047,0.18643915
27890,1356572,0.25,0.25,12.98,100.0,0.0075581704,0.18643428
27900,1357066,0.22,0.22,12.98,100.0,0.0075572812,0.18642934
27910,1357566,0.2,0.2,12.98,100.0,0.0075563812,0.18642434
27920,1358044,0.2,0.2,12.87,100.0,0.0075555208,0.18641956
27930,1358511,0.18,0.18,13.15,100.0,0.0075546802,0.18641489
27940,1359000,0.15,0.15,12.93,100.0,0.007553799999999999,0.18641000000000002
27950,1359452,0.15,0.15,13.3,100.0,0.0075529863999999995,0.18640548
27960,1359920,0.13,0.13,13.33,100.0,0.007552144,0.1864008
27970,1360398,0.14,0.14,12.99,100.0,0.0075512836,0.18639602
27980,1360856,0.14,0.14,13.0,100.0,0.0075504592,0.18639144000000002
27990,1361323,0.17,0.17,13.18,100.0,0.0075496186,0.18638677
28000,1361787,0.21,0.21,13.11,100.0,0.0075487834,0.18638213
28010,1362287,0.24,0.24,13.2,100.0,0.0075478834,0.18637713
28020,1362774,0.24,0.24,12.96,100.0,0.0075470068000000005,0.18637226
28030,1363254,0.25,0.25,12.61,100.0,0.0075461428,0.18636746
28040,1363747,0.24,0.24,12.51,100.0,0.0075452554,0.18636253
28050,1364224,0.25,0.25,12.2,100.0,0.0075443968,0.18635776
28060,1364721,0.25,0.25,12.27,100.0,0.0075435022,0.18635279000000002
28070,1365215,0.24,0.24,12.33,100.0,0.007542613,0.18634785
28080,1365708,0.25,0.25,12.33,100.0,0.0075417256,0.18634292
28090,1366180,0.24,0.24,12.19,100.0,0.007540876,0.1863382
28100,1366661,0.24,0.24,12.13,100.0,0.0075400102,0.18633339000000002
28110,1367130,0.22,0.22,12.1,100.0,0.007539166,0.1863287
28120,1367595,0.22,0.22,12.15,100.0,0.007538329,0.18632405000000002
28130,1368072,0.21,0.21,12.17,100.0,0.0075374704,0.18631928
28140,1368569,0.23,0.23,11.88,100.0,0.0075365758000000005,0.18631431
28150,1369036,0.21,0.21,11.88,100.0,0.0075357352,0.18630964
28160,1369514,0.21,0.21,12.04,100.0,0.0075348748,0.18630486000000002
28170,1369987,0.22,0.22,12.12,100.0,0.0075340234,0.18630013
28180,1370454,0.22,0.22,12.15,100.0,0.0075331828,0.18629546
28190,1370954,0.26,0.26,11.41,100.0,0.0075322828,0.18629046000000002
28200,1371426,0.24,0.24,11.41,100.0,0.0075314332,0.18628574
28210,1371907,0.27,0.27,11.39,100.0,0.0075305674,0.18628093
28220,1372399,0.26,0.26,11.28,100.0,0.0075296818,0.18627601000000002
28230,1372885,0.28,0.28,10.98,100.0,0.007528807,0.18627115
28240,1373373,0.25,0.25,10.69,100.0,0.0075279286,0.18626627
28250,1373861,0.27,0.27,10.68,100.0,0.0075270502,0.18626139
28260,1374361,0.31,0.31,10.87,100.0,0.0075261502,0.18625639
28270,1374843,0.28,0.28,10.87,100.0,0.0075252826,0.18625157
28280,1375342,0.27,0.27,10.88,100.0,0.0075243844,0.18624658
28290,1375802,0.21,0.21,11.0,100.0,0.007523556399999999,0.18624198
28300,1376270,0.22,0.22,10.76,100.0,0.007522714,0.1862373
28310,1376763,0.22,0.22,10.83,100.0,0.0075218266,0.18623237
28320,1377231,0.23,0.23,10.65,100.0,0.007520984200000001,0.18622769
28330,1377703,0.25,0.25,10.61,100.0,0.0075201346,0.18622297000000002
28340,1378150,0.27,0.27,10.58,100.0,0.007519329999999999,0.1862185
28350,1378619,0.26,0.26,10.35,100.0,0.0075184858,0.18621381
28360,1379109,0.24,0.24,10.13,100.0,0.0075176038,0.18620891
28370,1379594,0.3,0.3,10.29,100.0,0.0075167307999999995,0.18620406
28380,1380081,0.33,0.33,10.46,100.0,0.0075158542,0.18619919000000001
28390,1380543,0.35,0.35,10.28,100.0,0.0075150226,0.18619457
28400,1381012,0.32,0.32,10.28,100.0,0.0075141784,0.18618988
28410,1381489,0.3,0.3,10.23,100.0,0.0075133197999999995,0.18618511000000001
28420,1381948,0.3,0.3,10.44,100.0,0.0075124936,0.18618052000000002
28430,1382436,0.28,0.28,10.4,100.0,0.0075116152,0.18617564
28440,1382925,0.25,0.25,10.4,100.0,0.007510734999999999,0.18617075
28450,1383411,0.24,0.24,10.4,100.0,0.0075098602,0.18616589
28460,1383882,0.2,0.2,10.4,100.0,0.0075090124,0.18616118
28470,1384377,0.18,0.18,10.49,100.0,0.0075081214,0.18615623
28480,1384847,0.16,0.16,10.87,100.0,0.0075072754,0.18615153
28490,1385336,0.15,0.15,10.87,100.0,0.0075063952,0.18614664
28500,1385817,0.16,0.16,10.9,100.0,0.0075055294000000005,0.18614183
28510,1386317,0.15,0.15,11.2,100.0,0.0075046294,0.18613683
28520,1386799,0.15,0.15,11.42,100.0,0.0075037618,0.18613201000000001
28530,1387285,0.15,0.15,11.29,100.0,0.007502887,0.18612715000000002
28540,1387757,0.2,0.2,11.39,100.0,0.0075020374,0.18612243
28550,1388208,0.2,0.2,11.39,100.0,0.0075012256,0.18611792000000002
28560,1388705,0.2,0.2,11.39,100.0,0.007500331,0.18611295
28570,1389168,0.22,0.22,12.31,100.0,0.0074994976,0.18610832
28580,1389652,0.22,0.22,12.05,100.0,0.0074986264,0.18610348000000002
28590,1390103,0.2,0.2,12.05,100.0,0.0074978145999999996,0.18609897
28600,1390602,0.22,0.22,12.3,100.0,0.0074969163999999994,0.18609398000000002
28610,1391087,0.23,0.23,12.27,100.0,0.007496043399999999,0.18608913000000002
28620,1391568,0.27,0.27,12.0,100.0,0.0074951776,0.18608432
28630,1392033,0.27,0.27,12.18,100.0,0.0074943406,0.18607967
28640,1392496,0.23,0.23,12.16,100.0,0.0074935072,0.18607504
28650,1392964,0.28,0.28,12.09,100.0,0.0074926648,0.18607036000000002
28660,1393464,0.29,0.29,12.14,100.0,0.0074917648,0.18606536
28670,1393923,0.25,0.25,12.17,100.0,0.0074909386,0.18606077000000001
28680,1394419,0.26,0.26,12.14,100.0,0.007490045799999999,0.18605581000000002
28690,1394914,0.29,0.29,12.12,100.0,0.0074891548,0.18605086
28700,1395402,0.27,0.27,12.39,100.0,0.0074882764000000004,0.18604598
28710,1395902,0.25,0.25,12.39,100.0,0.007487376400000001,0.18604098
28720,1396354,0.21,0.21,12.48,100.0,0.0074865628,0.18603646000000001
28730,1396850,0.22,0.22,12.31,100.0,0.00748567,0.18603150000000002
28740,1397329,0.23,0.23,12.62,100.0,0.0074848078,0.18602671
28750,1397795,0.2,0.2,12.56,100.0,0.007483969,0.18602205
28760,1398267,0.22,0.22,12.79,100.0,0.0074831194,0.18601733
28770,1398767,0.2,0.2,12.79,100.0,0.0074822194,0.18601233
28780,1399236,0.2,0.2,13.0,100.0,0.007481375199999999,0.18600764
28790,1399730,0.18,0.18,13.15,100.0,0.007480486,0.18600270000000002
28800,1400215,0.2,0.2,12.96,100.0,0.0074796129999999995,0.18599785000000002
28810,1400711,0.21,0.21,12.98,100.0,0.0074787202,0.18599289
28820,1401185,0.22,0.22,12.85,100.0,0.007477866999999999,0.18598815000000002
28830,1401666,0.19,0.19,13.22,100.0,0.0074770012,0.18598334
28840,1402142,0.19,0.19,13.25,100.0,0.0074761444,0.18597858
28850,1402642,0.2,0.2,13.4,100.0,0.0074752444,0.18597358
28860,1403099,0.24,0.24,13.53,100.0,0.0074744218000000005,0.18596901000000002
28870,1403564,0.24,0.24,13.53,100.0,0.0074735848,0.18596436
28880,1404064,0.22,0.22,13.5,100.0,0.0074726848000000005,0.18595936000000002
28890,1404535,0.25,0.25,13.44,100.0,0.007471837,0.18595465
28900,1405030,0.24,0.24,13.42,100.0,0.007470946,0.1859497
28910,1405530,0.24,0.24,13.67,100.0,0.007470045999999999,0.18594470000000002
28920,1405988,0.22,0.22,13.74,100.0,0.0074692216,0.18594012000000001
28930,1406469,0.23,0.23,14.1,100.0,0.0074683558,0.18593531000000002
28940,1406952,0.25,0.25,13.86,100.0,0.0074674864,0.18593048
28950,1407452,0.25,0.25,13.62,100.0,0.0074665864,0.18592548
28960,1407907,0.18,0.18,13.62,100.0,0.0074657674,0.18592093
28970,1408396,0.23,0.23,13.88,100.0,0.007464887199999999,0.18591604
28980,1408884,0.24,0.24,13.63,100.0,0.0074640088,0.18591116000000002
28990,1409384,0.24,0.24,13.46,100.0,0.0074631088,0.18590616000000001
29000,1409865,0.26,0.26,13.44,100.0,0.007462243,0.18590135000000002
29010,1410334,0.27,0.27,12.99,100.0,0.0074613988,0.18589666
29020,1410823,0.31,0.31,12.42,100.0,0.0074605186,0.18589177
29030,1411289,0.34,0.34,12.32,100.0,0.0074596798,0.18588711
29040,1411761,0.32,0.32,12.34,100.0,0.0074588302000000006,0.18588239
29050,1412242,0.34,0.34,12.37,100.0,0.0074579644,0.18587758000000001
29060,1412704,0.37,0.37,12.46,100.0,0.0074571328,0.18587296
29070,1413171,0.34,0.34,12.95,100.0,0.0074562922,0.18586829
29080,1413671,0.34,0.34,13.26,100.0,0.0074553922,0.18586329000000001
29090,1414111,0.34,0.34,13.52,100.0,0.0074546002,0.18585889
29100,1414594,0.33,0.33,13.79,100.0,0.0074537308,0.18585406000000002
29110,1415058,0.34,0.34,14.08,100.0,0.0074528956,0.18584942000000002
29120,1415557,0.32,0.32,13.95,100.0,0.0074519974,0.18584443
29130,1416057,0.27,0.27,13.95,100.0,0.0074510974,0.18583943
29140,1416529,0.27,0.27,14.48,100.0,0.0074502478,0.18583471000000001
29150,1417022,0.26,0.26,14.09,100.0,0.0074493604000000005,0.18582978
29160,1417509,0.28,0.28,13.78,100.0,0.007448483799999999,0.18582491
29170,1417988,0.29,0.29,13.75,100.0,0.0074476216,0.18582012
29180,1418488,0.29,0.29,13.83,100.0,0.0074467216,0.18581512
29190,1418987,0.28,0.28,13.96,100.0,0.0074458234,0.18581013000000002
29200,1419479,0.26,0.26,13.94,100.0,0.007444937800000001,0.18580521
29210,1419966,0.25,0.25,13.98,100.0,0.007444061199999999,0.18580034
29220,1420466,0.26,0.26,14.16,100.0,0.007443161199999999,0.18579534
29230,1420922,0.27,0.27,13.9,100.0,0.0074423404,0.18579078000000002
29240,1421403,0.27,0.27,14.06,100.0,0.007441474599999999,0.18578597
29250,1421898,0.25,0.25,13.91,100.0,0.0074405836,0.18578102000000002
29260,1422361,0.21,0.21,14.13,100.0,0.007439750199999999,0.18577639
29270,1422855,0.19,0.19,14.4,100.0,0.007438861,0.18577145
29280,1423326,0.21,0.21,14.31,100.0,0.0074380131999999995,0.18576674
29290,1423804,0.21,0.21,14.29,100.0,0.0074371528,0.18576196
29300,1424282,0.22,0.22,13.98,100.0,0.0074362924,0.18575718
29310,1424757,0.21,0.21,13.76,100.0,0.0074354374,0.18575243
29320,1425234,0.18,0.18,13.62,100.0,0.0074345788,0.18574766
29330,1425697,0.21,0.21,14.23,100.0,0.0074337454,0.18574303
29340,1426197,0.2,0.2,14.04,100.0,0.0074328454000000006,0.18573803
29350,1426684,0.2,0.2,14.24,100.0,0.0074319688,0.18573316
29360,1427159,0.22,0.22,13.93,100.0,0.0074311138,0.18572841
29370,1427640,0.23,0.23,13.71,100.0,0.007430248,0.18572360000000002
29380,1428088,0.22,0.22,13.66,100.0,0.0074294415999999995,0.18571912000000002
29390,1428539,0.21,0.21,13.67,100.0,0.007428629799999999,0.18571461
29400,1429028,0.19,0.19,13.67,100.0,0.0074277496,0.18570972
29410,1429513,0.19,0.19,13.62,100.0,0.0074268766,0.18570487
29420,1429965,0.21,0.21,13.8,100.0,0.007426063,0.18570035000000001
29430,1430430,0.23,0.23,14.25,100.0,0.007425226,0.18569570000000002
29440,1430925,0.24,0.24,14.3,100.0,0.007424335,0.18569075000000002
29450,1431425,0.23,0.23,14.5,100.0,0.007423435,0.18568575
29460,1431909,0.21,0.21,14.51,100.0,0.0074225638,0.18568091
29470,1432394,0.25,0.25,14.54,100.0,0.0074216908,0.18567606
29480,1432872,0.24,0.24,14.81,100.0,0.0074208304,0.18567128
29490,1433321,0.27,0.27,14.45,100.0,0.0074200222,0.18566679
29500,1433753,0.28,0.28,14.48,100.0,0.0074192445999999995,0.18566247
29510,1434247,0.3,0.3,13.95,100.0,0.0074183554,0.18565753000000002
29520,1434709,0.28,0.28,13.55,100.0,0.007417523799999999,0.18565291
29530,1435206,0.25,0.25,13.41,100.0,0.0074166292,0.18564794
29540,1435673,0.26,0.26,13.52,100.0,0.0074157886,0.18564327
29550,1436110,0.28,0.28,13.88,100.0,0.007415002,0.1856389
29560,1436576,0.29,0.29,13.94,100.0,0.007414163200000001,0.18563424
29570,1437062,0.24,0.24,13.92,100.0,0.0074132884,0.18562938
29580,1437493,0.23,0.23,13.9,100.0,0.0074125126,0.18562507
29590,1437964,0.2,0.2,13.71,100.0,0.0074116648,0.18562036
29600,1438424,0.21,0.21,12.95,100.0,0.0074108368,0.18561576000000002
29610,1438923,0.2,0.2,12.93,100.0,0.0074099386,0.18561077
29620,1439409,0.21,0.21,12.92,100.0,0.0074090638,0.18560591
29630,1439847,0.2,0.2,13.16,100.0,0.0074082754,0.18560153000000001
29640,1440309,0.19,0.19,13.12,100.0,0.0074074438,0.18559691
29650,1440786,0.18,0.18,13.34,100.0,0.0074065851999999995,0.18559214000000002
29660,1441243,0.17,0.17,13.16,100.0,0.007405762599999999,0.18558757
29670,1441713,0.16,0.16,13.16,100.0,0.0074049166,0.18558287
29680,1442186,0.18,0.18,13.32,100.0,0.0074040652,0.18557814
29690,1442685,0.19,0.19,13.4,100.0,0.007403167,0.18557315000000002
29700,1443172,0.18,0.18,13.61,100.0,0.0074022904,0.18556828
29710,1443667,0.2,0.2,13.13,100.0,0.0074013994,0.18556333
29720,1444156,0.23,0.23,12.93,100.0,0.0074005192000000004,0.18555844
29730,1444647,0.23,0.23,13.34,100.0,0.0073996354,0.18555353
29740,1445144,0.22,0.22,13.5,100.0,0.0073987408,0.18554856
29750,1445633,0.22,0.22,13.27,100.0,0.0073978606,0.18554367
29760,1446111,0.21,0.21,13.27,100.0,0.0073970002,0.18553889
29770,1446593,0.24,0.24,13.35,100.0,0.0073961326,0.18553407
29780,1447074,0.24,0.24,13.46,100.0,0.0073952668,0.18552926
29790,1447519,0.23,0.23,13.37,100.0,0.0073944658,0.18552481
29800,1447999,0.24,0.24,13.48,100.0,0.0073936018,0.18552001
29810,1448449,0.22,0.22,14.05,100.0,0.0073927917999999995,0.18551551
29820,1448945,0.21,0.21,13.4,100.0,0.0073918989999999995,0.18551055
29830,1449405,0.22,0.22,13.22,100.0,0.007391071,0.18550595
29840,1449905,0.25,0.25,13.17,100.0,0.007390171,0.18550095
29850,1450391,0.24,0.24,13.17,100.0,0.007389296199999999,0.18549609
29860,1450880,0.26,0.26,13.16,100.0,0.007388416,0.1854912
29870,1451367,0.25,0.25,13.17,100.0,0.0073875394,0.18548633
29880,1451814,0.24,0.24,12.83,100.0,0.0073867348,0.18548186
29890,1452279,0.25,0.25,12.63,100.0,0.0073858978,0.18547721
29900,1452775,0.27,0.27,12.58,100.0,0.007385005,0.18547225
29910,1453249,0.28,0.28,12.51,100.0,0.0073841518,0.18546751
29920,1453749,0.28,0.28,12.85,100.0,0.0073832518,0.18546251
29930,1454229,0.3,0.3,12.54,100.0,0.0073823878,0.18545771
29940,1454704,0.28,0.28,12.38,100.0,0.0073815328,0.18545296
29950,1455193,0.29,0.29,12.37,100.0,0.0073806526,0.18544807000000002
29960,1455678,0.27,0.27,12.37,100.0,0.007379779600000001,0.18544322000000002
29970,1456160,0.26,0.26,12.65,100.0,0.007378912,0.1854384
29980,1456652,0.28,0.28,12.84,100.0,0.0073780263999999995,0.18543348
29990,1457140,0.28,0.28,13.01,100.0,0.007377148,0.1854286
30000,1457640,0.26,0.26,13.23,100.0,0.007376248,0.1854236
30010,1458124,0.25,0.25,12.9,100.0,0.0073753768,0.18541876000000002
30020,1458616,0.26,0.26,12.62,100.0,0.0073744912,0.18541384
30030,1459093,0.23,0.23,12.84,100.0,0.0073736326,0.18540907
30040,1459562,0.23,0.23,13.09,100.0,0.0073727884,0.18540438
30050,1460048,0.24,0.24,13.21,100.0,0.0073719136,0.18539952
30060,1460523,0.27,0.27,13.2,100.0,0.0073710586,0.18539477000000001
30070,1461013,0.28,0.28,13.39,100.0,0.0073701766,0.18538987
30080,1461495,0.28,0.28,13.5,100.0,0.007369309,0.18538505
30090,1461981,0.27,0.27,13.48,100.0,0.007368434199999999,0.18538019
30100,1462469,0.29,0.29,13.32,100.0,0.0073675558,0.18537531000000002
30110,1462969,0.31,0.31,13.33,100.0,0.0073666558,0.18537031
30120,1463445,0.28,0.28,13.42,100.0,0.007365799,0.18536555000000002
30130,1463910,0.27,0.27,13.07,100.0,0.007364962,0.1853609
30140,1464365,0.26,0.26,13.1,100.0,0.007364143,0.18535635
30150,1464858,0.27,0.27,12.88,100.0,0.0073632556,0.18535142000000002
30160,1465342,0.25,0.25,12.81,100.0,0.0073623844,0.18534658
30170,1465828,0.25,0.25,12.42,100.0,0.0073615096,0.18534172000000002
30180,1466303,0.22,0.22,12.55,100.0,0.0073606546000000005,0.18533697000000002
30190,1466787,0.21,0.21,12.53,100.0,0.0073597834,0.18533213
30200,1467253,0.21,0.21,12.81,100.0,0.0073589446,0.18532747
30210,1467748,0.21,0.21,12.51,100.0,0.007358053599999999,0.18532252
30220,1468236,0.19,0.19,12.51,100.0,0.0073571752,0.18531764
30230,1468732,0.21,0.21,11.9,100.0,0.0073562824,0.18531268
30240,1469220,0.21,0.21,11.91,100.0,0.007355403999999999,0.1853078
30250,1469715,0.19,0.19,11.96,100.0,0.007354513,0.18530285000000002
30260,1470188,0.21,0.21,12.26,100.0,0.0073536616,0.18529812
30270,1470668,0.19,0.19,12.26,100.0,0.0073527976000000005,0.18529332
30280,1471168,0.22,0.22,12.24,100.0,0.007351897600000001,0.18528832
30290,1471643,0.24,0.24,12.35,100.0,0.0073510426,0.18528357
30300,1472143,0.23,0.23,12.32,100.0,0.0073501426,0.18527857
30310,1472641,0.22,0.22,12.36,100.0,0.0073492461999999995,0.18527359000000002
30320,1473125,0.24,0.24,12.35,100.0,0.007348375,0.18526875
30330,1473566,0.22,0.22,12.42,100.0,0.0073475812,0.18526434
30340,1474055,0.23,0.23,12.39,100.0,0.007346701000000001,0.18525945
30350,1474528,0.22,0.22,12.4,100.0,0.0073458496,0.18525472
30360,1475022,0.22,0.22,12.29,100.0,0.0073449603999999995,0.18524978
30370,1475514,0.25,0.25,11.95,100.0,0.007344074799999999,0.18524486
30380,1475991,0.22,0.22,12.06,100.0,0.0073432162,0.18524009
30390,1476475,0.22,0.22,12.05,100.0,0.007342345,0.18523525000000002
30400,1476955,0.26,0.26,11.86,100.0,0.007341481,0.18523045
30410,1477425,0.24,0.24,11.84,100.0,0.007340635,0.18522575
30420,1477925,0.27,0.27,11.95,100.0,0.007339735,0.18522075000000002
30430,1478425,0.28,0.28,11.71,100.0,0.007338835,0.18521575
30440,1478909,0.29,0.29,11.37,100.0,0.0073379638,0.18521091
30450,1479409,0.33,0.33,10.97,100.0,0.0073370638,0.18520591
30460,1479880,0.32,0.32,11.31,100.0,0.007336216,0.1852012
30470,1480354,0.3,0.3,11.19,100.0,0.0073353628,0.18519646
30480,1480849,0.29,0.29,11.19,100.0,0.007334471800000001,0.18519151
30490,1481316,0.26,0.26,11.19,100.0,0.007333631199999999,0.18518684000000002
30500,1481798,0.24,0.24,10.96,100.0,0.0073327636,0.18518202
30510,1482273,0.24,0.24,11.14,100.0,0.007331908599999999,0.18517727
30520,1482744,0.23,0.23,11.15,100.0,0.0073310608,0.18517256
30530,1483241,0.22,0.22,10.97,100.0,0.0073301662,0.18516759
30540,1483741,0.22,0.22,11.15,100.0,0.0073292662,0.18516259000000002
30550,1484228,0.19,0.19,11.43,100.0,0.0073283896000000005,0.18515772
30560,1484690,0.17,0.17,11.43,100.0,0.007327558,0.18515310000000001
30570,1485171,0.19,0.19,11.44,100.0,0.0073266922,0.18514829
30580,1485634,0.21,0.21,11.6,100.0,0.0073258588,0.18514366000000002
30590,1486130,0.25,0.25,11.38,100.0,0.0073249660000000005,0.18513870000000002
30600,1486630,0.23,0.23,11.59,100.0,0.007324066000000001,0.1851337
30610,1487111,0.24,0.24,11.7,100.0,0.007323200199999999,0.18512889
30620,1487558,0.22,0.22,11.44,100.0,0.0073223956,0.18512442
30630,1488056,0.21,0.21,11.44,100.0,0.0073214992,0.18511944
30640,1488529,0.2,0.2,11.35,100.0,0.0073206478,0.18511471000000002
30650,1489016,0.18,0.18,11.35,100.0,0.0073197712,0.18510984
30660,1489493,0.23,0.23,11.93,100.0,0.0073189126,0.18510507
30670,1489985,0.22,0.22,11.85,100.0,0.0073180269999999995,0.18510015000000002
30680,1490449,0.21,0.21,11.6,100.0,0.007317191799999999,0.18509551000000002
30690,1490949,0.21,0.21,11.89,100.0,0.007316291799999999,0.18509051
30700,1491430,0.2,0.2,12.29,100.0,0.007315426,0.18508570000000002
30710,1491901,0.22,0.22,12.49,100.0,0.0073145782,0.18508099
30720,1492379,0.2,0.2,12.49,100.0,0.007313717799999999,0.18507621000000002
30730,1492853,0.21,0.21,12.31,100.0,0.0073128646,0.18507147000000002
30740,1493341,0.21,0.21,12.3,100.0,0.0073119862,0.18506659
30750,1493809,0.23,0.23,12.55,100.0,0.007311143799999999,0.18506191
30760,1494273,0.2,0.2,12.51,100.0,0.007310308599999999,0.18505727
30770,1494737,0.2,0.2,12.6,100.0,0.0073094734000000005,0.18505263
30780,1495211,0.2,0.2,12.91,100.0,0.0073086202,0.18504789
30790,1495690,0.18,0.18,12.92,100.0,0.007307757999999999,0.18504310000000002
30800,1496169,0.17,0.17,12.96,100.0,0.0073068958,0.18503831
30810,1496631,0.13,0.13,12.96,100.0,0.0073060642,0.18503369
30820,1497094,0.16,0.16,13.11,100.0,0.0073052308,0.18502906
30830,1497587,0.18,0.18,12.85,100.0,0.0073043434,0.18502413
30840,1498062,0.19,0.19,13.06,100.0,0.0073034884000000005,0.18501938
30850,1498525,0.17,0.17,13.06,100.0,0.007302655,0.18501475
30860,1499011,0.16,0.16,13.36,100.0,0.0073017802,0.18500989
30870,1499481,0.15,0.15,13.45,100.0,0.0073009341999999994,0.18500519
30880,1499965,0.18,0.18,13.25,100.0,0.007300063,0.18500035
30890,1500447,0.17,0.17,13.59,100.0,0.0072991954,0.18499553000000002
30900,1500945,0.18,0.18,13.68,100.0,0.007298298999999999,0.18499055
30910,1501445,0.2,0.2,14.05,100.0,0.0072973989999999996,0.18498555
30920,1501909,0.19,0.19,14.08,100.0,0.0072965638,0.18498091
30930,1502375,0.18,0.18,14.02,100.0,0.007295724999999999,0.18497625
30940,1502855,0.16,0.16,14.15,100.0,0.007294861,0.18497145
30950,1503342,0.17,0.17,14.47,100.0,0.0072939844,0.18496658
30960,1503822,0.17,0.17,14.48,100.0,0.0072931204,0.18496178000000002
30970,1504306,0.17,0.17,14.28,100.0,0.0072922492,0.18495694000000001
30980,1504801,0.15,0.15,14.34,100.0,0.0072913582,0.18495199
30990,1505297,0.2,0.2,14.61,100.0,0.0072904654,0.18494703
31000,1505779,0.19,0.19,14.86,100.0,0.0072895978,0.18494221
31010,1506255,0.2,0.2,15.18,100.0,0.007288741,0.18493745
31020,1506739,0.21,0.21,15.04,100.0,0.0072878698,0.18493261
31030,1507228,0.24,0.24,14.85,100.0,0.0072869896,0.18492772000000002
31040,1507695,0.24,0.24,14.55,100.0,0.0072861490000000004,0.18492305
31050,1508186,0.24,0.24,14.58,100.0,0.0072852652,0.18491814
31060,1508686,0.25,0.25,14.91,100.0,0.0072843652,0.18491314
31070,1509167,0.26,0.26,15.1,100.0,0.007283499400000001,0.18490833
31080,1509652,0.27,0.27,14.41,100.0,0.0072826264000000005,0.18490348
31090,1510115,0.23,0.23,14.47,100.0,0.007281793,0.18489885
31100,1510594,0.25,0.25,14.47,100.0,0.0072809308,0.18489406
31110,1511022,0.23,0.23,14.37,100.0,0.0072801604,0.18488978
31120,1511492,0.23,0.23,14.22,100.0,0.0072793143999999995,0.18488508
31130,1511992,0.23,0.23,13.97,100.0,0.0072784144,0.18488008
31140,1512480,0.27,0.27,13.99,100.0,0.007277535999999999,0.18487520000000002
31150,1512972,0.27,0.27,14.2,100.0,0.0072766504,0.18487028
31160,1513457,0.27,0.27,14.16,100.0,0.0072757774,0.18486543
31170,1513950,0.29,0.29,14.42,100.0,0.00727489,0.1848605
31180,1514410,0.29,0.29,13.74,100.0,0.0072740619999999995,0.18485590000000002
31190,1514852,0.28,0.28,13.78,100.0,0.007273266400000001,0.18485148
31200,1515299,0.26,0.26,13.77,100.0,0.0072724617999999994,0.18484701
31210,1515791,0.27,0.27,14.19,100.0,0.0072715762,0.18484209000000001
31220,1516275,0.26,0.26,14.1,100.0,0.007270705,0.18483725
31230,1516734,0.23,0.23,13.76,100.0,0.0072698788,0.18483266
31240,1517192,0.21,0.21,13.96,100.0,0.0072690544,0.18482808
31250,1517692,0.22,0.22,14.0,100.0,0.0072681544,0.18482308
31260,1518150,0.24,0.24,14.14,100.0,0.00726733,0.1848185
31270,1518616,0.22,0.22,14.07,100.0,0.007266491199999999,0.18481384
31280,1519102,0.21,0.21,14.11,100.0,0.0072656164,0.18480898
31290,1519596,0.24,0.24,13.99,100.0,0.0072647271999999995,0.18480404
31300,1520052,0.26,0.26,14.61,100.0,0.0072639064,0.18479948000000002
31310,1520548,0.27,0.27,14.61,100.0,0.0072630136,0.18479452000000002
31320,1521034,0.28,0.28,14.85,100.0,0.0072621388,0.18478966
31330,1521518,0.29,0.29,14.44,100.0,0.007261267599999999,0.18478482000000002
31340,1521996,0.32,0.32,14.48,100.0,0.0072604072,0.18478004
31350,1522453,0.33,0.33,14.24,100.0,0.0072595846,0.18477547
31360,1522907,0.31,0.31,14.19,100.0,0.0072587673999999994,0.18477093
31370,1523400,0.3,0.3,14.2,100.0,0.0072578799999999995,0.184766
31380,1523862,0.3,0.3,14.08,100.0,0.0072570484000000005,0.18476138
31390,1524344,0.29,0.29,14.59,100.0,0.0072561807999999995,0.18475656000000001
31400,1524836,0.3,0.3,14.91,100.0,0.007255295199999999,0.18475164
31410,1525330,0.29,0.29,14.68,100.0,0.007254406,0.1847467
31420,1525811,0.3,0.3,14.53,100.0,0.0072535402,0.18474189000000002
31430,1526311,0.29,0.29,14.71,100.0,0.0072526402,0.18473689000000001
31440,1526797,0.24,0.24,14.66,100.0,0.0072517654,0.18473203
31450,1527286,0.23,0.23,14.79,100.0,0.0072508851999999995,0.18472714
31460,1527765,0.23,0.23,14.66,100.0,0.0072500229999999995,0.18472235
31470,1528248,0.23,0.23,14.69,100.0,0.0072491536,0.18471752
31480,1528717,0.21,0.21,14.69,100.0,0.0072483094,0.18471283
31490,1529201,0.21,0.21,14.58,100.0,0.007247438199999999,0.18470799000000002
31500,1529683,0.22,0.22,14.45,100.0,0.0072465706,0.18470317
31510,1530175,0.23,0.23,14.51,100.0,0.007245685,0.18469825
31520,1530665,0.21,0.21,14.59,100.0,0.007244803,0.18469335
31530,1531147,0.2,0.2,14.51,100.0,0.0072439354,0.18468853000000002
31540,1531641,0.2,0.2,14.6,100.0,0.0072430462000000004,0.18468359
31550,1532133,0.19,0.19,14.62,100.0,0.0072421606,0.18467867000000002
31560,1532612,0.21,0.21,14.79,100.0,0.0072412984,0.18467388
31570,1533087,0.22,0.22,14.82,100.0,0.0072404434,0.18466913000000001
31580,1533571,0.27,0.27,14.69,100.0,0.0072395722,0.18466429
31590,1534051,0.27,0.27,14.59,100.0,0.0072387082,0.18465949
31600,1534510,0.26,0.26,14.63,100.0,0.007237881999999999,0.1846549
31610,1534964,0.24,0.24,14.61,100.0,0.0072370648,0.18465036
31620,1535461,0.26,0.26,14.3,100.0,0.0072361702,0.18464539000000002
31630,1535919,0.28,0.28,14.21,100.0,0.007235345799999999,0.18464081000000002
31640,1536383,0.29,0.29,14.11,100.0,0.0072345106,0.18463617000000002
31650,1536831,0.29,0.29,13.79,100.0,0.0072337042,0.18463169000000001
31660,1537301,0.26,0.26,13.99,100.0,0.007232858199999999,0.18462699
31670,1537771,0.28,0.28,14.0,100.0,0.0072320122,0.18462229
31680,1538271,0.26,0.26,13.72,100.0,0.0072311122000000005,0.18461729000000002
31690,1538760,0.24,0.24,14.07,100.0,0.007230232,0.1846124
31700,1539224,0.23,0.23,14.39,100.0,0.0072293968,0.18460776
31710,1539688,0.25,0.25,14.49,100.0,0.0072285616,0.18460312
31720,1540147,0.24,0.24,14.49,100.0,0.007227735399999999,0.18459853
31730,1540626,0.21,0.21,14.49,100.0,0.0072268732,0.18459374
31740,1541077,0.19,0.19,14.49,100.0,0.007226061400000001,0.18458923
31750,1541564,0.24,0.24,14.64,100.0,0.007225184799999999,0.18458436
31760,1542033,0.28,0.28,14.15,100.0,0.0072243406,0.18457967
31770,1542533,0.26,0.26,14.3,100.0,0.0072234406,0.18457467
31780,1543008,0.26,0.26,14.01,100.0,0.0072225855999999995,0.18456992
31790,1543506,0.29,0.29,14.18,100.0,0.0072216892,0.18456494
31800,1543987,0.3,0.3,14.38,100.0,0.0072208234,0.18456013000000002
31810,1544479,0.31,0.31,13.65,100.0,0.0072199377999999995,0.18455521
31820,1544947,0.31,0.31,13.8,100.0,0.0072190954,0.18455053
31830,1545412,0.35,0.35,13.86,100.0,0.0072182584,0.18454588
31840,1545883,0.35,0.35,13.86,100.0,0.0072174106,0.18454117
31850,1546331,0.31,0.31,13.86,100.0,0.0072166042,0.18453669
31860,1546830,0.29,0.29,13.8,100.0,0.0072157060000000006,0.18453170000000002
31870,1547330,0.3,0.3,13.7,100.0,0.007214806,0.18452670000000002
31880,1547830,0.3,0.3,13.73,100.0,0.007213906,0.1845217
31890,1548330,0.28,0.28,13.51,100.0,0.007213006,0.1845167
31900,1548816,0.27,0.27,13.79,100.0,0.007212131199999999,0.18451184
31910,1549314,0.25,0.25,13.83,100.0,0.0072112348,0.18450686
31920,1549792,0.23,0.23,13.81,100.0,0.0072103743999999996,0.18450208
31930,1550274,0.19,0.19,13.81,100.0,0.0072095067999999995,0.18449726
31940,1550739,0.22,0.22,14.12,100.0,0.0072086698,0.18449261
31950,1551218,0.2,0.2,14.12,100.0,0.0072078075999999994,0.18448782
31960,1551704,0.2,0.2,14.32,100.0,0.0072069327999999995,0.18448296
31970,1552204,0.22,0.22,14.33,100.0,0.0072060328,0.18447796
31980,1552691,0.22,0.22,14.17,100.0,0.0072051562,0.18447309
31990,1553187,0.24,0.24,14.38,100.0,0.0072042634,0.18446813
32000,1553665,0.22,0.22,14.33,100.0,0.007203403000000001,0.18446335
32010,1554161,0.24,0.24,14.09,100.0,0.0072025102,0.18445839
32020,1554661,0.24,0.24,14.18,100.0,0.0072016102,0.18445339
32030,1555145,0.26,0.26,14.47,100.0,0.007200738999999999,0.18444855000000002
32040,1555633,0.26,0.26,14.36,100.0,0.0071998606,0.18444367
32050,1556121,0.28,0.28,14.32,100.0,0.0071989822,0.18443879000000002
32060,1556614,0.26,0.26,14.36,100.0,0.0071980948,0.18443386
32070,1557098,0.22,0.22,14.37,100.0,0.0071972236,0.18442902
32080,1557588,0.23,0.23,14.23,100.0,0.0071963415999999995,0.18442412
32090,1558088,0.23,0.23,14.29,100.0,0.0071954416,0.18441912
32100,1558535,0.23,0.23,14.45,100.0,0.007194637,0.18441465
32110,1559035,0.23,0.23,14.47,100.0,0.007193737,0.18440965
32120,1559504,0.24,0.24,13.92,100.0,0.0071928928,0.18440496
32130,1559998,0.24,0.24,13.75,100.0,0.0071920036,0.18440002
32140,1560478,0.24,0.24,13.93,100.0,0.0071911396,0.18439522
32150,1560950,0.24,0.24,13.43,100.0,0.00719029,0.1843905
32160,1561419,0.27,0.27,13.43,100.0,0.0071894457999999994,0.18438581
32170,1561919,0.3,0.3,13.43,100.0,0.0071885458,0.18438081
32180,1562386,0.27,0.27,13.59,100.0,0.0071877052,0.18437614
32190,1562855,0.26,0.26,13.47,100.0,0.007186861,0.18437145
32200,1563326,0.26,0.26,13.29,100.0,0.007186013200000001,0.18436674
32210,1563800,0.24,0.24,13.25,100.0,0.0071851599999999995,0.184362
32220,1564264,0.24,0.24,13.34,100.0,0.0071843248,0.18435736
32230,1564752,0.26,0.26,13.09,100.0,0.0071834464,0.18435248
32240,1565218,0.25,0.25,13.41,100.0,0.0071826076,0.18434782
32250,1565702,0.29,0.29,13.13,100.0,0.0071817363999999995,0.18434298000000002
32260,1566181,0.28,0.28,13.07,100.0,0.0071808741999999995,0.18433819
32270,1566651,0.27,0.27,12.94,100.0,0.0071800282,0.18433349000000002
32280,1567143,0.27,0.27,12.97,100.0,0.0071791426,0.18432857
32290,1567618,0.25,0.25,12.63,100.0,0.0071782875999999995,0.18432382
32300,1568106,0.25,0.25,12.58,100.0,0.0071774092,0.18431894000000001
32310,1568591,0.24,0.24,12.6,100.0,0.0071765362,0.18431409
32320,1569065,0.23,0.23,12.55,100.0,0.007175683,0.18430935
32330,1569526,0.22,0.22,12.86,100.0,0.007174853199999999,0.18430474
32340,1570019,0.22,0.22,12.96,100.0,0.0071739657999999994,0.18429981
32350,1570483,0.17,0.17,13.01,100.0,0.0071731306,0.18429517
32360,1570955,0.16,0.16,12.97,100.0,0.007172281,0.18429045
32370,1571441,0.13,0.13,12.97,100.0,0.007171406199999999,0.18428559
32380,1571928,0.14,0.14,12.83,100.0,0.0071705295999999995,0.18428072
32390,1572410,0.15,0.15,12.91,100.0,0.007169662,0.1842759
32400,1572897,0.15,0.15,12.61,100.0,0.0071687854,0.18427103
32410,1573389,0.14,0.14,12.61,100.0,0.0071678998,0.18426611
32420,1573839,0.14,0.14,12.8,100.0,0.0071670898,0.18426161000000002
32430,1574317,0.13,0.13,13.24,100.0,0.0071662294,0.18425683
32440,1574786,0.12,0.12,13.32,100.0,0.0071653852,0.18425214
32450,1575249,0.13,0.13,13.53,100.0,0.0071645518,0.18424751
32460,1575741,0.14,0.14,13.27,100.0,0.0071636662,0.18424259
32470,1576195,0.17,0.17,13.36,100.0,0.007162849,0.18423805000000001
32480,1576683,0.16,0.16,13.54,100.0,0.0071619705999999995,0.18423317
32490,1577180,0.18,0.18,13.4,100.0,0.007161076,0.1842282
32500,1577671,0.17,0.17,13.4,100.0,0.0071601922,0.18422329
32510,1578132,0.19,0.19,13.2,100.0,0.0071593624,0.18421868
32520,1578612,0.19,0.19,13.37,100.0,0.007158498399999999,0.18421388
32530,1579086,0.19,0.19,13.38,100.0,0.0071576452,0.18420914
32540,1579536,0.2,0.2,13.6,100.0,0.0071568351999999995,0.18420464
32550,1580031,0.19,0.19,13.46,100.0,0.0071559442,0.18419969
32560,1580494,0.17,0.17,13.41,100.0,0.0071551107999999995,0.18419506
32570,1580941,0.15,0.15,13.39,100.0,0.0071543062,0.18419059000000002
32580,1581392,0.16,0.16,13.18,100.0,0.0071534944,0.18418608
32590,1581892,0.15,0.15,13.48,100.0,0.0071525944,0.18418108
32600,1582388,0.17,0.17,13.33,100.0,0.007151701599999999,0.18417612
32610,1582871,0.18,0.18,13.17,100.0,0.0071508322,0.18417129000000002
32620,1583371,0.18,0.18,13.05,100.0,0.0071499321999999995,0.18416629
32630,1583864,0.18,0.18,12.88,100.0,0.0071490448,0.18416136
32640,1584335,0.18,0.18,12.76,100.0,0.007148197,0.18415665
32650,1584819,0.22,0.22,13.18,100.0,0.0071473258,0.18415181
32660,1585304,0.22,0.22,13.2,100.0,0.0071464528,0.18414696
32670,1585781,0.26,0.26,13.0,100.0,0.0071455942,0.18414219
32680,1586251,0.26,0.26,12.83,100.0,0.0071447482,0.18413749000000001
32690,1586745,0.27,0.27,12.62,100.0,0.007143859,0.18413255
32700,1587219,0.27,0.27,12.51,100.0,0.007143005799999999,0.18412781
32710,1587713,0.25,0.25,12.5,100.0,0.0071421166,0.18412287
32720,1588147,0.26,0.26,12.57,100.0,0.0071413354,0.18411853
32730,1588627,0.27,0.27,12.79,100.0,0.0071404714,0.18411373
32740,1589112,0.26,0.26,12.92,100.0,0.0071395984,0.18410888
32750,1589594,0.24,0.24,12.83,100.0,0.0071387308,0.18410406
32760,1590045,0.24,0.24,12.79,100.0,0.0071379189999999995,0.18409955
32770,1590529,0.19,0.19,12.79,100.0,0.0071370478,0.18409471
32780,1591013,0.19,0.19,12.62,100.0,0.0071361766,0.18408987000000002
32790,1591498,0.18,0.18,12.76,100.0,0.0071353036,0.18408502000000002
32800,1591994,0.16,0.16,12.76,100.0,0.0071344108,0.18408006000000002
32810,1592486,0.19,0.19,12.44,100.0,0.0071335252,0.18407514
32820,1592985,0.22,0.22,12.68,100.0,0.007132627,0.18407015000000002
32830,1593457,0.22,0.22,12.82,100.0,0.0071317774,0.18406543
32840,1593941,0.23,0.23,13.21,100.0,0.0071309062,0.18406059
32850,1594427,0.21,0.21,13.16,100.0,0.0071300314,0.18405573
32860,1594870,0.22,0.22,13.0,100.0,0.007129234,0.1840513
32870,1595362,0.26,0.26,13.16,100.0,0.0071283484,0.18404638
32880,1595832,0.25,0.25,13.1,100.0,0.007127502399999999,0.18404168
32890,1596331,0.25,0.25,13.21,100.0,0.0071266042,0.18403669
32900,1596814,0.27,0.27,13.1,100.0,0.0071257348,0.18403186
32910,1597274,0.24,0.24,13.08,100.0,0.007124906800000001,0.18402726
32920,1597752,0.21,0.21,12.58,100.0,0.0071240464,0.18402248000000002
32930,1598252,0.18,0.18,12.58,100.0,0.0071231464000000005,0.18401748
32940,1598719,0.18,0.18,12.18,100.0,0.007122305799999999,0.18401281
32950,1599182,0.19,0.19,12.07,100.0,0.0071214723999999995,0.18400818
32960,1599679,0.18,0.18,12.08,100.0,0.0071205778,0.18400321
32970,1600161,0.17,0.17,11.95,100.0,0.0071197102000000005,0.18399839
32980,1600659,0.19,0.19,12.03,100.0,0.0071188138,0.18399341
32990,1601159,0.19,0.19,11.7,100.0,0.0071179138,0.18398841
33000,1601607,0.21,0.21,11.67,100.0,0.0071171074,0.18398393000000002
33010,1602056,0.23,0.23,11.6,100.0,0.0071162992,0.18397944
33020,1602540,0.25,0.25,11.44,100.0,0.007115428,0.18397460000000002
33030,1602989,0.26,0.26,11.66,100.0,0.007114619799999999,0.18397011000000002
33040,1603463,0.25,0.25,11.78,100.0,0.0071137666,0.18396537000000002
33050,1603952,0.29,0.29,12.27,100.0,0.007112886400000001,0.18396048
33060,1604399,0.28,0.28,12.27,100.0,0.0071120817999999995,0.18395601
33070,1604864,0.3,0.3,12.44,100.0,0.0071112447999999995,0.18395136
33080,1605341,0.28,0.28,12.81,100.0,0.007110386199999999,0.18394659
33090,1605833,0.27,0.27,12.76,100.0,0.0071095006,0.18394167
33100,1606296,0.23,0.23,12.76,100.0,0.0071086672,0.18393704
33110,1606796,0.22,0.22,12.76,100.0,0.0071077672,0.18393204000000002
33120,1607264,0.21,0.21,12.78,100.0,0.0071069248,0.18392736
33130,1607747,0.22,0.22,12.41,100.0,0.0071060554,0.18392253
33140,1608202,0.22,0.22,12.57,100.0,0.007105236399999999,0.18391798
33150,1608683,0.18,0.18,12.67,100.0,0.0071043706,0.18391317000000001
33160,1609141,0.19,0.19,12.88,100.0,0.0071035462,0.18390859
33170,1609618,0.14,0.14,12.88,100.0,0.0071026876,0.18390382
33180,1610114,0.14,0.14,12.87,100.0,0.0071017948,0.18389886
33190,1610604,0.12,0.12,12.87,100.0,0.007100912799999999,0.18389396
33200,1611061,0.16,0.15,13.11,100.0,0.0071000902,0.18388939
33210,1611537,0.19,0.18,13.21,100.0,0.0070992334,0.18388463
33220,1612010,0.18,0.17,13.21,100.0,0.007098382,0.1838799
33230,1612493,0.18,0.17,13.6,100.0,0.0070975126,0.18387507
33240,1612975,0.2,0.19,13.75,100.0,0.0070966449999999995,0.18387025
33250,1613475,0.2,0.19,13.56,100.0,0.007095745,0.18386525
33260,1613950,0.23,0.22,13.79,100.0,0.0070948899999999995,0.1838605
33270,1614406,0.24,0.23,13.89,100.0,0.007094069200000001,0.18385594
33280,1614865,0.26,0.25,14.26,100.0,0.007093243,0.18385135
33290,1615365,0.28,0.27,14.37,100.0,0.007092343,0.18384635
33300,1615834,0.25,0.25,14.39,100.0,0.0070914988,0.18384166000000002
33310,1616328,0.21,0.21,14.38,100.0,0.0070906096000000005,0.18383672
33320,1616819,0.22,0.22,14.45,100.0,0.0070897258,0.18383181
33330,1617303,0.23,0.23,14.68,100.0,0.0070888546,0.18382697
33340,1617798,0.22,0.22,14.48,100.0,0.0070879636,0.18382202
33350,1618275,0.22,0.22,14.05,100.0,0.007087105,0.18381725000000002
33360,1618765,0.19,0.19,13.95,100.0,0.007086222999999999,0.18381235
33370,1619213,0.21,0.21,13.52,100.0,0.0070854166,0.18380787
33380,1619683,0.22,0.22,13.78,100.0,0.0070845705999999994,0.18380317000000002
33390,1620182,0.21,0.21,13.73,100.0,0.007083672399999999,0.18379818
33400,1620672,0.23,0.23,14.01,100.0,0.0070827904,0.18379328
33410,1621149,0.25,0.25,14.22,100.0,0.0070819318,0.18378851000000002
33420,1621632,0.25,0.25,14.29,100.0,0.007081062399999999,0.18378368
33430,1622086,0.24,0.24,14.08,100.0,0.0070802452,0.18377914
33440,1622581,0.23,0.23,14.06,100.0,0.0070793542000000004,0.18377419
33450,1623032,0.23,0.23,13.99,100.0,0.0070785424,0.18376968
33460,1623532,0.24,0.24,14.0,100.0,0.0070776424000000004,0.18376468
33470,1624026,0.23,0.23,14.26,100.0,0.0070767532,0.18375974
33480,1624505,0.2,0.2,14.29,100.0,0.007075891,0.18375495
33490,1624986,0.2,0.2,14.3,100.0,0.0070750252,0.18375014
33500,1625445,0.19,0.19,14.59,100.0,0.007074199,0.18374555
33510,1625945,0.21,0.21,15.58,100.0,0.007073299,0.18374055
33520,1626424,0.19,0.19,15.52,100.0,0.0070724368,0.18373576
33530,1626890,0.18,0.18,15.68,100.0,0.007071598,0.1837311
33540,1627367,0.18,0.18,15.7,100.0,0.0070707394,0.18372633
33550,1627843,0.18,0.18,15.75,100.0,0.007069882600000001,0.18372157
33560,1628316,0.17,0.17,15.49,100.0,0.0070690312,0.18371684
33570,1628790,0.15,0.15,15.49,100.0,0.007068178,0.18371210000000002
33580,1629250,0.14,0.14,15.49,100.0,0.00706735,0.1837075
33590,1629740,0.14,0.14,15.14,100.0,0.007066467999999999,0.1837026
33600,1630203,0.13,0.13,15.05,100.0,0.0070656346,0.18369797000000002
33610,1630703,0.08,0.08,15.05,100.0,0.0070647346,0.18369297
33620,1631198,0.07,0.07,15.05,100.0,0.0070638435999999995,0.18368802
33630,1631686,0.07,0.07,15.09,100.0,0.0070629652,0.18368314
33640,1632163,0.09,0.09,15.01,100.0,0.0070621066,0.18367837
33650,1632621,0.08,0.08,14.81,100.0,0.0070612821999999995,0.18367379
33660,1633077,0.1,0.1,14.82,100.0,0.0070604614,0.18366923000000002
33670,1633546,0.14,0.14,15.05,100.0,0.0070596172,0.18366454000000002
33680,1633987,0.17,0.17,14.92,100.0,0.0070588234,0.18366013
33690,1634463,0.18,0.18,15.02,100.0,0.0070579666,0.18365537
33700,1634918,0.18,0.18,15.05,100.0,0.0070571476,0.18365082
33710,1635383,0.18,0.18,15.05,100.0,0.0070563106,0.18364617
33720,1635852,0.19,0.19,15.08,100.0,0.0070554664,0.18364148
33730,1636292,0.18,0.18,15.08,100.0,0.0070546744,0.18363708
33740,1636764,0.17,0.17,14.99,100.0,0.0070538248000000005,0.18363236
33750,1637241,0.17,0.17,14.83,100.0,0.0070529662,0.18362759
33760,1637698,0.14,0.14,14.83,100.0,0.0070521436,0.18362302
33770,1638147,0.11,0.11,14.78,100.0,0.0070513354,0.18361853
33780,1638615,0.08,0.08,14.78,100.0,0.007050493,0.18361385
33790,1639082,0.08,0.08,14.47,100.0,0.0070496524,0.18360918
33800,1639547,0.07,0.07,14.47,100.0,0.0070488154,0.18360453000000002
33810,1640033,0.09,0.09,14.56,100.0,0.0070479406,0.18359967
33820,1640533,0.09,0.09,14.55,100.0,0.007047040599999999,0.18359467000000002
33830,1641033,0.11,0.11,14.59,100.0,0.0070461405999999996,0.18358967
33840,1641510,0.11,0.11,14.52,100.0,0.007045282,0.1835849
33850,1641970,0.11,0.11,14.3,100.0,0.0070444539999999995,0.1835803
33860,1642457,0.13,0.13,14.58,100.0,0.0070435774,0.18357543
33870,1642957,0.13,0.13,14.78,100.0,0.0070426774,0.18357043
33880,1643430,0.14,0.14,14.4,100.0,0.007041826,0.1835657
33890,1643926,0.15,0.15,14.75,100.0,0.0070409332,0.18356074
33900,1644410,0.17,0.17,14.73,100.0,0.007040062,0.1835559
33910,1644896,0.18,0.18,14.05,100.0,0.0070391872,0.18355104
33920,1645357,0.19,0.19,13.88,100.0,0.0070383573999999996,0.18354643
33930,1645839,0.19,0.19,13.86,100.0,0.0070374897999999995,0.18354161
33940,1646308,0.2,0.2,13.85,100.0,0.0070366456,0.18353692
33950,1646793,0.19,0.19,13.85,100.0,0.0070357726,0.18353207
33960,1647248,0.17,0.17,13.85,100.0,0.007034953599999999,0.18352752
33970,1647732,0.2,0.2,13.72,100.0,0.0070340824,0.18352268
33980,1648207,0.23,0.23,14.04,100.0,0.0070332274,0.18351793
33990,1648664,0.24,0.24,13.98,100.0,0.007032404799999999,0.18351336000000001
34000,1649145,0.23,0.23,13.98,100.0,0.007031539,0.18350855
34010,1649621,0.24,0.24,13.89,100.0,0.0070306822,0.18350379
34020,1650104,0.26,0.26,13.43,100.0,0.0070298128,0.18349896000000002
34030,1650541,0.27,0.27,13.22,100.0,0.0070290262,0.18349459
34040,1651022,0.24,0.24,13.22,100.0,0.0070281604,0.18348978
34050,1651499,0.27,0.27,13.27,100.0,0.0070273018,0.18348501
34060,1651999,0.28,0.28,13.48,100.0,0.0070264018,0.18348001
34070,1652445,0.27,0.27,13.46,100.0,0.007025599,0.18347555000000002
34080,1652945,0.26,0.26,13.47,100.0,0.007024699,0.18347055
34090,1653413,0.23,0.23,13.35,100.0,0.0070238565999999995,0.18346587
34100,1653883,0.25,0.25,13.25,100.0,0.0070230106,0.18346117
34110,1654343,0.23,0.23,13.35,100.0,0.007022182599999999,0.18345657
34120,1654804,0.23,0.23,13.23,100.0,0.0070213528,0.18345196
34130,1655297,0.25,0.25,12.89,100.0,0.0070204654,0.18344703
34140,1655785,0.27,0.27,12.59,100.0,0.007019587,0.18344215
34150,1656258,0.26,0.26,12.57,100.0,0.0070187356,0.18343742000000002
34160,1656758,0.3,0.3,13.0,100.0,0.007017835599999999,0.18343242
34170,1657258,0.33,0.33,13.01,100.0,0.0070169355999999995,0.18342742
34180,1657732,0.34,0.34,12.97,100.0,0.0070160824,0.18342268
34190,1658215,0.36,0.36,12.86,100.0,0.007015212999999999,0.18341785
34200,1658696,0.35,0.35,12.95,100.0,0.0070143472,0.18341304
34210,1659170,0.36,0.36,12.77,100.0,0.007013494,0.1834083
34220,1659651,0.34,0.34,12.73,100.0,0.0070126282,0.18340349
34230,1660151,0.3,0.3,12.81,100.0,0.007011728199999999,0.18339849
34240,1660646,0.29,0.29,13.06,100.0,0.0070108372,0.18339354
34250,1661146,0.28,0.28,13.2,100.0,0.0070099372,0.18338854000000002
34260,1661602,0.25,0.25,13.09,100.0,0.007009116399999999,0.18338398
34270,1662101,0.22,0.22,12.89,100.0,0.007008218199999999,0.18337899000000002
34280,1662597,0.22,0.22,12.43,100.0,0.0070073254,0.18337403
34290,1663097,0.24,0.24,12.35,100.0,0.0070064254,0.18336903000000002
34300,1663597,0.22,0.22,12.35,100.0,0.0070055254,0.18336403
34310,1664062,0.2,0.2,11.96,100.0,0.0070046884,0.18335938000000002
34320,1664549,0.23,0.23,11.97,100.0,0.007003811800000001,0.18335451
34330,1665028,0.22,0.22,11.97,100.0,0.0070029496,0.18334972
34340,1665513,0.23,0.23,12.03,100.0,0.0070020766,0.18334487
34350,1665982,0.24,0.24,12.52,100.0,0.0070012324,0.18334018000000002
34360,1666457,0.22,0.22,12.52,100.0,0.0070003774,0.18333543
34370,1666954,0.22,0.22,12.56,100.0,0.0069994828,0.18333046
34380,1667429,0.2,0.2,12.33,100.0,0.0069986278,0.18332571
34390,1667908,0.18,0.18,12.1,100.0,0.006997765600000001,0.18332092
34400,1668359,0.21,0.21,12.31,100.0,0.0069969538,0.18331641
34410,1668855,0.2,0.2,12.31,100.0,0.006996061,0.18331145000000001
34420,1669350,0.17,0.17,12.26,100.0,0.00699517,0.1833065
34430,1669778,0.18,0.18,12.28,100.0,0.0069943995999999994,0.18330222000000002
34440,1670260,0.19,0.19,12.57,100.0,0.006993532,0.1832974
34450,1670727,0.19,0.19,12.63,100.0,0.006992691400000001,0.18329273000000001
34460,1671227,0.23,0.23,12.48,100.0,0.006991791399999999,0.18328773
34470,1671668,0.22,0.22,12.44,100.0,0.0069909976,0.18328332
34480,1672141,0.21,0.21,12.56,100.0,0.0069901462,0.18327859000000002
34490,1672625,0.23,0.23,12.57,100.0,0.006989275,0.18327375
34500,1673080,0.21,0.21,12.58,100.0,0.006988456,0.1832692
34510,1673541,0.22,0.22,12.29,100.0,0.0069876261999999995,0.18326459
34520,1674028,0.23,0.23,12.57,100.0,0.0069867496,0.18325972000000001
34530,1674517,0.23,0.23,12.56,100.0,0.0069858694,0.18325483
34540,1674958,0.21,0.21,12.54,100.0,0.0069850756,0.18325042
34550,1675424,0.23,0.23,12.52,100.0,0.0069842368,0.18324576
34560,1675903,0.21,0.21,12.34,100.0,0.0069833746,0.18324097
34570,1676385,0.24,0.24,12.22,100.0,0.006982507,0.18323615000000001
34580,1676873,0.24,0.24,12.3,100.0,0.0069816285999999995,0.18323127
34590,1677357,0.2,0.2,12.21,100.0,0.0069807574,0.18322643
34600,1677840,0.2,0.2,12.07,100.0,0.006979888,0.1832216
34610,1678334,0.22,0.22,12.32,100.0,0.0069789988,0.18321666
34620,1678816,0.25,0.25,12.13,100.0,0.0069781311999999995,0.18321184000000001
34630,1679316,0.29,0.29,11.83,100.0,0.0069772312,0.18320684
34640,1679795,0.32,0.32,11.79,100.0,0.006976369,0.18320205
34650,1680263,0.31,0.31,11.84,100.0,0.0069755266,0.18319737
34660,1680739,0.3,0.3,11.87,100.0,0.0069746698,0.18319261
34670,1681228,0.3,0.3,12.17,100.0,0.0069737896,0.18318772
34680,1681692,0.29,0.29,12.17,100.0,0.0069729544,0.18318308
34690,1682180,0.32,0.32,12.14,100.0,0.006972076,0.1831782
34700,1682680,0.34,0.34,11.84,100.0,0.006971176,0.1831732
34710,1683138,0.36,0.36,12.15,100.0,0.006970351599999999,0.18316862
34720,1683622,0.31,0.31,12.24,100.0,0.0069694804,0.18316378
34730,1684096,0.27,0.27,12.26,100.0,0.0069686272,0.18315904
34740,1684562,0.25,0.25,12.3,100.0,0.006967788399999999,0.18315438
34750,1685037,0.27,0.27,12.24,100.0,0.0069669334,0.18314963
34760,1685513,0.27,0.27,12.49,100.0,0.0069660766,0.18314487000000002
34770,1685972,0.24,0.24,12.42,100.0,0.006965250399999999,0.18314028000000002
34780,1686437,0.26,0.26,12.42,100.0,0.006964413399999999,0.18313563
34790,1686924,0.26,0.26,12.25,100.0,0.0069635368,0.18313076
34800,1687402,0.28,0.28,12.53,100.0,0.006962676399999999,0.18312598
34810,1687897,0.27,0.27,12.49,100.0,0.0069617854,0.18312103000000002
34820,1688347,0.3,0.3,12.3,100.0,0.0069609754,0.18311653
34830,1688830,0.31,0.31,12.28,100.0,0.006960106,0.18311170000000002
34840,1689303,0.31,0.31,12.25,100.0,0.006959254599999999,0.18310697
34850,1689775,0.26,0.26,12.25,100.0,0.006958405,0.18310225
34860,1690222,0.26,0.26,12.43,100.0,0.0069576004,0.18309778000000002
34870,1690715,0.26,0.26,12.65,100.0,0.006956713,0.18309285
34880,1691200,0.25,0.25,12.6,100.0,0.00695584,0.183088
34890,1691700,0.25,0.25,12.63,100.0,0.00695494,0.183083
34900,1692200,0.2,0.2,12.63,100.0,0.00695404,0.18307800000000002
34910,1692700,0.2,0.2,12.55,100.0,0.00695314,0.183073
34920,1693200,0.17,0.17,12.55,100.0,0.00695224,0.183068
34930,1693666,0.17,0.17,12.51,100.0,0.0069514012,0.18306334000000002
34940,1694133,0.17,0.17,12.75,100.0,0.0069505606,0.18305867
34950,1694580,0.19,0.19,12.69,100.0,0.006949756,0.1830542
34960,1695064,0.18,0.18,12.69,100.0,0.006948884799999999,0.18304936
34970,1695499,0.17,0.17,12.68,100.0,0.0069481018,0.18304501
34980,1695958,0.18,0.18,12.87,100.0,0.0069472756,0.18304042
34990,1696430,0.15,0.15,12.94,100.0,0.006946426,0.1830357
35000,1696905,0.18,0.18,13.09,100.0,0.006945570999999999,0.18303095
35010,1697372,0.17,0.16,13.12,100.0,0.0069447304,0.18302628
35020,1697852,0.17,0.16,13.11,100.0,0.0069438664,0.18302148000000001
35030,1698311,0.16,0.15,12.79,100.0,0.0069430402,0.18301689000000002
35040,1698770,0.16,0.15,12.82,100.0,0.006942214,0.18301230000000002
35050,1699270,0.16,0.15,12.79,100.0,0.0069413140000000005,0.1830073
35060,1699770,0.17,0.16,12.83,100.0,0.006940414000000001,0.1830023
35070,1700250,0.18,0.17,12.46,100.0,0.006939549999999999,0.1829975
35080,1700735,0.23,0.22,12.34,100.0,0.006938677,0.18299265
35090,1701217,0.24,0.23,12.39,100.0,0.0069378094,0.18298783000000002
35100,1701664,0.23,0.22,12.46,100.0,0.0069370048,0.18298336
35110,1702160,0.22,0.22,12.43,100.0,0.0069361119999999995,0.1829784
35120,1702630,0.22,0.22,12.73,100.0,0.006935266,0.18297370000000002
35130,1703109,0.23,0.23,13.07,100.0,0.006934403800000001,0.18296891
35140,1703600,0.23,0.23,13.04,100.0,0.0069335199999999994,0.18296400000000002
35150,1704053,0.24,0.24,12.83,100.0,0.0069327046,0.18295947
35160,1704528,0.25,0.25,12.8,100.0,0.0069318496,0.18295472000000002
35170,1705024,0.26,0.26,12.8,100.0,0.0069309568,0.18294976000000002
35180,1705515,0.22,0.22,12.79,100.0,0.006930073,0.18294485
35190,1706006,0.23,0.23,12.57,100.0,0.0069291892,0.18293994
35200,1706496,0.25,0.25,12.47,100.0,0.006928307199999999,0.18293504
35210,1706985,0.23,0.23,12.47,100.0,0.006927427,0.18293015
35220,1707460,0.26,0.26,12.61,100.0,0.006926572,0.18292540000000002
35230,1707959,0.26,0.26,12.72,100.0,0.0069256738,0.18292041
35240,1708400,0.27,0.27,12.86,100.0,0.00692488,0.182916
35250,1708895,0.27,0.27,13.0,100.0,0.006923989,0.18291105000000002
35260,1709353,0.28,0.28,12.68,100.0,0.0069231646,0.18290647000000002
35270,1709797,0.27,0.27,12.6,100.0,0.0069223654,0.18290203
35280,1710291,0.27,0.27,12.49,100.0,0.0069214762,0.18289709
35290,1710787,0.26,0.26,12.71,100.0,0.006920583399999999,0.18289213
35300,1711269,0.23,0.23,12.58,100.0,0.0069197158,0.18288731
35310,1711713,0.27,0.27,12.42,100.0,0.0069189166,0.18288287
35320,1712198,0.26,0.26,12.6,100.0,0.0069180436,0.18287802
35330,1712676,0.25,0.25,12.55,100.0,0.0069171831999999996,0.18287324
35340,1713132,0.22,0.22,12.55,100.0,0.0069163624,0.18286868
35350,1713608,0.2,0.2,12.53,100.0,0.0069155056,0.18286392
35360,1714046,0.18,0.18,12.41,100.0,0.0069147172,0.18285954000000001
35370,1714513,0.18,0.18,12.3,100.0,0.0069138766,0.18285487
35380,1714939,0.16,0.16,12.02,100.0,0.006913109799999999,0.18285061
35390,1715414,0.18,0.18,12.01,100.0,0.0069122548,0.18284586
35400,1715895,0.2,0.2,12.2,100.0,0.0069113889999999996,0.18284105
35410,1716361,0.19,0.19,12.28,100.0,0.0069105502,0.18283639000000002
35420,1716844,0.16,0.16,12.28,100.0,0.0069096808,0.18283156
35430,1717322,0.18,0.18,12.31,100.0,0.0069088204,0.18282678
35440,1717822,0.19,0.19,12.42,100.0,0.0069079204,0.18282178000000002
35450,1718300,0.21,0.21,12.17,100.0,0.00690706,0.182817
35460,1718772,0.22,0.22,12.13,100.0,0.0069062104,0.18281228
35470,1719242,0.21,0.21,12.1,100.0,0.0069053644,0.18280758
35480,1719715,0.21,0.21,11.98,100.0,0.006904512999999999,0.18280285000000002
35490,1720166,0.19,0.19,11.94,100.0,0.0069037012,0.18279834
35500,1720637,0.18,0.18,12.38,100.0,0.0069028534,0.18279363
35510,1721136,0.19,0.19,12.86,100.0,0.0069019552,0.18278864
35520,1721636,0.21,0.21,12.63,100.0,0.0069010552,0.18278364
35530,1722118,0.18,0.18,12.63,100.0,0.0069001876,0.18277882
35540,1722560,0.17,0.17,12.63,100.0,0.006899392,0.1827744
35550,1723052,0.19,0.19,12.74,100.0,0.0068985064000000006,0.18276948
35560,1723530,0.2,0.2,13.04,100.0,0.006897646,0.1827647
35570,1724004,0.24,0.24,12.88,100.0,0.006896792799999999,0.18275996
35580,1724504,0.24,0.24,13.01,100.0,0.006895892799999999,0.18275496
35590,1724995,0.25,0.25,12.89,100.0,0.006895009,0.18275005
35600,1725483,0.23,0.23,12.89,100.0,0.0068941306,0.18274517
35610,1725966,0.2,0.2,12.75,100.0,0.0068932612,0.18274034
35620,1726438,0.19,0.19,12.38,100.0,0.0068924116,0.18273562000000002
35630,1726931,0.23,0.23,12.03,100.0,0.0068915242000000005,0.18273069
35640,1727428,0.24,0.24,11.92,100.0,0.0068906296,0.18272572
35650,1727907,0.2,0.2,11.93,100.0,0.0068897674,0.18272093
35660,1728379,0.19,0.19,12.17,100.0,0.0068889178,0.18271621000000002
35670,1728857,0.16,0.16,12.16,100.0,0.0068880574,0.18271143
35680,1729353,0.16,0.16,12.16,100.0,0.0068871646000000005,0.18270647
35690,1729829,0.16,0.16,12.04,100.0,0.0068863078,0.18270171000000002
35700,1730303,0.19,0.19,12.33,100.0,0.0068854546,0.18269697000000001
35710,1730770,0.2,0.2,12.44,100.0,0.006884614,0.1826923
35720,1731233,0.2,0.2,12.43,100.0,0.0068837806,0.18268767
35730,1731710,0.17,0.17,12.47,100.0,0.006882922,0.1826829
35740,1732200,0.17,0.17,12.51,100.0,0.006882039999999999,0.182678
35750,1732659,0.18,0.18,12.39,100.0,0.0068812138,0.18267341
35760,1733154,0.22,0.22,11.52,100.0,0.0068803228,0.18266846
35770,1733618,0.22,0.22,11.48,100.0,0.0068794875999999994,0.18266382
35780,1734084,0.22,0.22,11.58,100.0,0.0068786488,0.18265916000000001
35790,1734557,0.2,0.2,11.57,100.0,0.0068777974,0.18265443
35800,1735032,0.18,0.18,11.69,100.0,0.0068769424,0.18264968
35810,1735511,0.17,0.17,11.92,100.0,0.0068760802,0.18264489
35820,1736001,0.18,0.18,11.96,100.0,0.0068751982,0.18263999
35830,1736472,0.18,0.18,11.65,100.0,0.0068743504,0.18263528
35840,1736940,0.21,0.21,11.63,100.0,0.006873508,0.1826306
35850,1737389,0.19,0.19,11.63,100.0,0.0068726998,0.18262611
35860,1737871,0.15,0.15,11.94,100.0,0.0068718322,0.18262129
35870,1738345,0.15,0.15,12.2,100.0,0.006870978999999999,0.18261655000000002
35880,1738818,0.17,0.17,12.4,100.0,0.0068701275999999995,0.18261182
35890,1739309,0.19,0.19,12.24,100.0,0.0068692438,0.18260691
35900,1739804,0.19,0.19,12.3,100.0,0.0068683528,0.18260196
35910,1740259,0.2,0.2,12.4,100.0,0.0068675338,0.18259741000000002
35920,1740751,0.21,0.21,12.41,100.0,0.0068666482,0.18259249
35930,1741228,0.23,0.23,12.45,100.0,0.0068657896,0.18258772
35940,1741673,0.2,0.2,12.48,100.0,0.0068649886,0.18258327000000002
35950,1742152,0.21,0.21,12.49,100.0,0.0068641264,0.18257848000000002
35960,1742649,0.2,0.2,12.46,100.0,0.006863231799999999,0.18257351
35970,1743127,0.2,0.2,12.57,100.0,0.0068623714,0.18256873
35980,1743604,0.19,0.19,12.56,100.0,0.0068615128000000004,0.18256396
35990,1744088,0.2,0.2,12.62,100.0,0.0068606416,0.18255912000000002
36000,1744559,0.22,0.22,12.93,100.0,0.0068597938,0.18255441
36010,1745041,0.22,0.22,12.91,100.0,0.0068589262000000005,0.18254959
36020,1745520,0.2,0.2,12.87,100.0,0.006858064,0.1825448
36030,1745971,0.19,0.19,12.49,100.0,0.0068572522,0.18254029
36040,1746455,0.19,0.19,12.44,100.0,0.006856381,0.18253545000000002
36050,1746918,0.21,0.21,12.42,100.0,0.006855547599999999,0.18253082
36060,1747406,0.24,0.24,12.47,100.0,0.0068546692,0.18252594
36070,1747850,0.24,0.24,12.78,100.0,0.00685387,0.1825215
36080,1748331,0.27,0.27,12.67,100.0,0.0068530042,0.18251669
36090,1748820,0.26,0.26,12.75,100.0,0.006852123999999999,0.1825118
36100,1749278,0.24,0.24,12.71,100.0,0.0068512996,0.18250722
36110,1749740,0.26,0.26,12.74,100.0,0.006850468,0.18250260000000001
36120,1750210,0.27,0.27,12.86,100.0,0.006849622,0.1824979
36130,1750698,0.26,0.26,12.9,100.0,0.0068487436,0.18249302
36140,1751192,0.27,0.27,12.76,100.0,0.0068478544,0.18248808
36150,1751647,0.26,0.26,12.7,100.0,0.0068470354,0.18248353
36160,1752101,0.23,0.23,12.67,100.0,0.0068462182,0.18247899
36170,1752583,0.24,0.24,12.58,100.0,0.006845350599999999,0.18247417
36180,1753022,0.22,0.22,13.06,100.0,0.0068445604,0.18246978
36190,1753502,0.2,0.2,13.05,100.0,0.0068436964,0.18246498
36200,1753993,0.19,0.19,13.05,100.0,0.0068428125999999995,0.18246007
36210,1754476,0.15,0.15,13.05,100.0,0.0068419432,0.18245524000000002
36220,1754951,0.16,0.16,12.92,100.0,0.0068410882,0.18245049000000002
36230,1755439,0.18,0.18,13.27,100.0,0.0068402098,0.18244561
36240,1755894,0.16,0.16,13.27,100.0,0.006839390799999999,0.18244106000000002
36250,1756351,0.14,0.14,13.27,100.0,0.006838568200000001,0.18243649
36260,1756837,0.18,0.18,13.16,100.0,0.0068376934,0.18243163
36270,1757330,0.17,0.17,13.32,100.0,0.006836806,0.1824267
36280,1757812,0.18,0.18,13.2,100.0,0.0068359384,0.18242188
36290,1758277,0.17,0.17,13.2,100.0,0.0068351014,0.18241723
36300,1758777,0.18,0.18,13.25,100.0,0.0068342014,0.18241223
36310,1759235,0.18,0.18,13.25,100.0,0.006833377,0.18240765
36320,1759703,0.19,0.19,13.07,100.0,0.0068325346000000006,0.18240297
36330,1760193,0.18,0.18,13.17,100.0,0.0068316526,0.18239807
36340,1760693,0.18,0.18,13.17,100.0,0.0068307526,0.18239307
36350,1761173,0.19,0.19,13.13,100.0,0.0068298886,0.18238827000000002
36360,1761667,0.16,0.16,13.6,100.0,0.0068289994,0.18238333
36370,1762157,0.17,0.17,13.56,100.0,0.0068281174,0.18237843
36380,1762653,0.16,0.16,12.9,100.0,0.006827224599999999,0.18237347
36390,1763110,0.17,0.17,12.88,100.0,0.0068264020000000005,0.1823689
36400,1763582,0.19,0.19,12.8,100.0,0.0068255524000000005,0.18236418000000001
36410,1764067,0.2,0.2,13.08,100.0,0.0068246794,0.18235933000000001
36420,1764540,0.2,0.2,12.82,100.0,0.006823828,0.1823546
36430,1765005,0.2,0.2,12.71,100.0,0.006822991,0.18234995
36440,1765477,0.21,0.21,12.67,100.0,0.0068221414000000005,0.18234523
36450,1765977,0.23,0.23,12.62,100.0,0.0068212414,0.18234023
36460,1766450,0.24,0.24,12.61,100.0,0.00682039,0.1823355
36470,1766945,0.21,0.21,12.61,100.0,0.006819499,0.18233055
36480,1767429,0.2,0.2,12.41,100.0,0.006818627799999999,0.18232571
36490,1767911,0.24,0.24,12.47,100.0,0.0068177602,0.18232089
36500,1768404,0.24,0.24,12.5,100.0,0.0068168728,0.18231596
36510,1768898,0.25,0.25,12.39,100.0,0.0068159836,0.18231102
36520,1769398,0.23,0.23,11.95,100.0,0.0068150836,0.18230602
36530,1769866,0.23,0.23,12.01,100.0,0.0068142412,0.18230134
36540,1770302,0.22,0.22,12.01,100.0,0.0068134564,0.18229698
36550,1770774,0.22,0.22,12.02,100.0,0.0068126068,0.18229226
36560,1771266,0.2,0.2,12.19,100.0,0.0068117212,0.18228734000000002
36570,1771744,0.24,0.24,12.22,100.0,0.0068108608,0.18228256
36580,1772225,0.23,0.23,12.23,100.0,0.006809994999999999,0.18227775000000002
36590,1772707,0.23,0.23,12.07,100.0,0.0068091274,0.18227293
36600,1773186,0.21,0.21,12.08,100.0,0.0068082652,0.18226814
36610,1773668,0.21,0.21,12.11,100.0,0.0068073976,0.18226332
36620,1774148,0.21,0.21,12.02,100.0,0.006806533599999999,0.18225852
36630,1774641,0.19,0.19,12.02,100.0,0.0068056461999999995,0.18225359
36640,1775096,0.2,0.2,12.08,100.0,0.0068048272,0.18224904
36650,1775580,0.19,0.19,12.4,100.0,0.006803956,0.1822442
36660,1776067,0.21,0.21,12.78,100.0,0.0068030794,0.18223933
36670,1776554,0.23,0.23,12.85,100.0,0.0068022028000000005,0.18223446000000001
36680,1777032,0.23,0.23,12.85,100.0,0.0068013424,0.18222968
36690,1777515,0.21,0.21,12.89,100.0,0.006800473,0.18222485
36700,1777973,0.21,0.21,12.88,100.0,0.0067996485999999995,0.18222027000000002
36710,1778455,0.2,0.2,12.59,100.0,0.006798781,0.18221545
36720,1778926,0.21,0.21,12.21,100.0,0.0067979332,0.18221074
36730,1779375,0.22,0.22,12.18,100.0,0.006797124999999999,0.18220625000000001
36740,1779875,0.22,0.22,12.22,100.0,0.0067962249999999995,0.18220125
36750,1780346,0.21,0.21,12.24,100.0,0.0067953772,0.18219654000000002
36760,1780812,0.23,0.23,11.68,100.0,0.006794538399999999,0.18219188
36770,1781244,0.17,0.17,11.68,100.0,0.0067937608,0.18218756
36780,1781709,0.19,0.19,11.8,100.0,0.0067929238,0.18218291
36790,1782204,0.17,0.17,11.68,100.0,0.0067920328,0.18217796
36800,1782687,0.16,0.16,11.68,100.0,0.0067911633999999995,0.18217313000000002
36810,1783174,0.18,0.18,12.05,100.0,0.0067902868,0.18216826
36820,1783633,0.17,0.17,11.99,100.0,0.0067894606,0.18216367
36830,1784122,0.18,0.18,11.88,100.0,0.0067885804,0.18215878000000002
36840,1784612,0.19,0.19,11.95,100.0,0.0067876984,0.18215388000000002
36850,1785079,0.2,0.2,11.91,100.0,0.0067868578,0.18214921
36860,1785560,0.18,0.18,11.43,100.0,0.006785991999999999,0.1821444
36870,1786049,0.21,0.21,11.66,100.0,0.0067851118,0.18213951
36880,1786498,0.18,0.18,11.66,100.0,0.0067843035999999995,0.18213502
36890,1786988,0.18,0.18,11.8,100.0,0.006783421600000001,0.18213012
36900,1787480,0.22,0.22,11.96,100.0,0.0067825360000000005,0.18212520000000001
36910,1787948,0.21,0.21,11.65,100.0,0.006781693599999999,0.18212052
36920,1788442,0.22,0.22,12.14,100.0,0.0067808044,0.18211558
36930,1788928,0.22,0.22,12.23,100.0,0.0067799296,0.18211072
36940,1789428,0.22,0.22,12.27,100.0,0.0067790296,0.18210572
36950,1789915,0.24,0.24,12.31,100.0,0.006778153,0.18210085
36960,1790392,0.24,0.24,12.01,100.0,0.0067772944,0.18209608
36970,1790884,0.25,0.25,12.05,100.0,0.0067764088,0.18209116
36980,1791346,0.26,0.26,12.06,100.0,0.0067755772,0.18208654000000002
36990,1791846,0.28,0.28,12.25,100.0,0.0067746772,0.18208154000000001
37000,1792328,0.26,0.26,11.97,100.0,0.0067738096,0.18207672
37010,1792799,0.24,0.24,11.97,100.0,0.0067729617999999995,0.18207201
37020,1793260,0.21,0.21,11.97,100.0,0.006772132,0.1820674
37030,1793717,0.2,0.2,11.74,100.0,0.0067713094,0.18206283
37040,1794217,0.23,0.23,12.0,100.0,0.0067704094,0.18205783
37050,1794702,0.21,0.21,12.01,100.0,0.0067695364,0.18205298
37060,1795201,0.22,0.22,11.43,100.0,0.0067686382,0.18204799
37070,1795682,0.21,0.21,11.64,100.0,0.0067677724,0.18204318
37080,1796130,0.22,0.22,11.59,100.0,0.006766966,0.1820387
37090,1796629,0.24,0.24,11.35,100.0,0.0067660678,0.18203371000000002
37100,1797108,0.27,0.27,11.71,100.0,0.006765205599999999,0.18202892
37110,1797587,0.28,0.28,11.64,100.0,0.0067643434,0.18202413
37120,1798076,0.32,0.32,11.18,100.0,0.0067634632,0.18201924
37130,1798571,0.33,0.33,10.84,100.0,0.006762572200000001,0.18201429
37140,1799054,0.32,0.32,10.82,100.0,0.0067617028,0.18200946
37150,1799539,0.33,0.33,10.96,100.0,0.0067608298,0.18200461
37160,1800039,0.33,0.33,11.67,100.0,0.0067599298,0.18199961
37170,1800500,0.32,0.32,11.8,100.0,0.0067591000000000005,0.18199500000000002
37180,1800976,0.31,0.31,11.87,100.0,0.0067582432,0.18199024
37190,1801463,0.29,0.29,11.85,100.0,0.0067573666,0.18198537
37200,1801923,0.27,0.27,12.25,100.0,0.0067565386,0.18198077000000001
37210,1802367,0.26,0.26,12.25,100.0,0.0067557394,0.18197633000000002
37220,1802863,0.25,0.25,12.17,100.0,0.0067548465999999995,0.18197137
37230,1803334,0.26,0.26,12.51,100.0,0.006753998799999999,0.18196666
37240,1803813,0.25,0.25,12.44,100.0,0.0067531366,0.18196187
37250,1804286,0.24,0.24,12.78,100.0,0.006752285199999999,0.18195714000000002
37260,1804773,0.2,0.2,12.78,100.0,0.0067514086,0.18195227
37270,1805264,0.22,0.22,12.85,100.0,0.006750524799999999,0.18194736
37280,1805754,0.24,0.24,12.8,100.0,0.0067496428,0.18194246
37290,1806200,0.22,0.22,12.81,100.0,0.00674884,0.18193800000000002
37300,1806698,0.2,0.2,12.78,100.0,0.0067479436,0.18193302
37310,1807169,0.23,0.23,12.42,100.0,0.0067470958,0.18192831
37320,1807664,0.23,0.23,12.6,100.0,0.0067462048,0.18192336
37330,1808123,0.22,0.22,12.72,100.0,0.006745378599999999,0.18191877
37340,1808608,0.21,0.21,12.94,100.0,0.006744505600000001,0.18191392
37350,1809105,0.2,0.2,12.92,100.0,0.006743611,0.18190895
37360,1809599,0.25,0.25,13.42,100.0,0.0067427217999999995,0.18190401
37370,1810083,0.23,0.23,13.5,100.0,0.0067418506,0.18189917
37380,1810566,0.26,0.26,13.77,100.0,0.006740981199999999,0.18189434000000002
37390,1811003,0.25,0.25,13.77,100.0,0.0067401946,0.18188997
37400,1811462,0.24,0.24,13.77,100.0,0.006739368399999999,0.18188538
37410,1811945,0.25,0.25,14.0,100.0,0.006738499,0.18188055
37420,1812425,0.22,0.22,14.0,100.0,0.006737635,0.18187575
37430,1812924,0.21,0.21,13.83,100.0,0.0067367368,0.18187076000000002
37440,1813383,0.21,0.21,13.76,100.0,0.0067359106,0.18186617
37450,1813883,0.23,0.23,13.9,100.0,0.0067350106,0.18186117000000002
37460,1814383,0.22,0.22,14.19,100.0,0.0067341106,0.18185617
37470,1814854,0.22,0.22,14.32,100.0,0.0067332628000000005,0.18185146000000002
37480,1815323,0.19,0.19,14.36,100.0,0.0067324186,0.18184677
37490,1815781,0.21,0.21,14.42,100.0,0.0067315942,0.18184219000000001
37500,1816277,0.22,0.22,14.34,100.0,0.0067307014,0.18183723000000002
37510,1816738,0.19,0.19,14.46,100.0,0.0067298715999999995,0.18183262
37520,1817205,0.23,0.23,14.53,100.0,0.006729031,0.18182795000000002
37530,1817699,0.24,0.24,14.39,100.0,0.0067281418,0.18182301
37540,1818199,0.24,0.24,14.28,100.0,0.0067272417999999995,0.18181801
37550,1818670,0.23,0.23,14.05,100.0,0.006726394,0.1818133
37560,1819165,0.21,0.21,14.37,100.0,0.006725503,0.18180835
37570,1819638,0.25,0.25,14.7,100.0,0.006724651599999999,0.18180362
37580,1820104,0.23,0.23,14.64,100.0,0.006723812799999999,0.18179896
37590,1820586,0.21,0.21,14.64,100.0,0.0067229452,0.18179414
37600,1821060,0.2,0.2,14.64,100.0,0.006722092,0.18178940000000002
37610,1821545,0.19,0.19,14.64,100.0,0.0067212190000000005,0.18178455000000002
37620,1822045,0.17,0.17,14.64,100.0,0.006720319,0.18177955
37630,1822538,0.16,0.16,14.53,100.0,0.0067194316,0.18177462
37640,1823036,0.19,0.19,14.5,100.0,0.0067185351999999995,0.18176964
37650,1823502,0.18,0.18,14.16,100.0,0.006717696400000001,0.18176498000000002
37660,1824002,0.17,0.17,13.91,100.0,0.006716796399999999,0.18175998000000002
37670,1824485,0.16,0.16,13.87,100.0,0.006715927,0.18175515
37680,1824968,0.17,0.17,13.97,100.0,0.0067150576,0.18175032000000002
37690,1825468,0.2,0.2,13.49,100.0,0.0067141575999999994,0.18174532000000002
37700,1825968,0.24,0.24,13.55,100.0,0.0067132576,0.18174032
37710,1826445,0.27,0.27,13.32,100.0,0.006712399,0.18173555
37720,1826922,0.27,0.27,13.4,100.0,0.0067115404,0.18173078
37730,1827412,0.28,0.28,13.48,100.0,0.0067106584,0.18172588
37740,1827899,0.25,0.25,13.73,100.0,0.0067097818,0.18172101000000002
37750,1828383,0.28,0.28,13.52,100.0,0.0067089105999999996,0.18171617
37760,1828874,0.29,0.29,13.41,100.0,0.006708026799999999,0.18171126
37770,1829364,0.25,0.25,13.44,100.0,0.0067071448,0.18170636
37780,1829851,0.28,0.28,13.45,100.0,0.0067062682,0.18170149
37790,1830351,0.27,0.27,13.08,100.0,0.0067053682,0.18169649000000002
37800,1830851,0.25,0.25,13.31,100.0,0.0067044682,0.18169149
37810,1831333,0.27,0.27,12.8,100.0,0.0067036006,0.18168667
37820,1831827,0.26,0.26,12.65,100.0,0.0067027114,0.18168173
37830,1832327,0.27,0.27,12.41,100.0,0.0067018114,0.18167673
37840,1832824,0.26,0.26,12.24,100.0,0.0067009168,0.18167176000000002
37850,1833289,0.23,0.23,12.56,100.0,0.0067000798,0.18166711000000002
37860,1833776,0.23,0.23,12.91,100.0,0.0066992032,0.18166224
37870,1834266,0.24,0.24,12.89,100.0,0.006698321199999999,0.18165734
37880,1834731,0.19,0.19,12.89,100.0,0.006697484199999999,0.18165269
37890,1835212,0.2,0.2,12.78,100.0,0.0066966184,0.18164788
37900,1835688,0.21,0.21,12.47,100.0,0.0066957616,0.18164312
37910,1836183,0.21,0.21,12.34,100.0,0.0066948706,0.18163817000000002
37920,1836674,0.23,0.23,12.03,100.0,0.006693986799999999,0.18163326000000002
37930,1837159,0.21,0.21,11.78,100.0,0.0066931138,0.18162841000000002
37940,1837657,0.23,0.23,11.83,100.0,0.0066922174,0.18162343
37950,1838147,0.26,0.26,11.52,100.0,0.0066913354,0.18161853
37960,1838636,0.26,0.26,11.71,100.0,0.006690455200000001,0.18161364000000002
37970,1839116,0.27,0.27,11.84,100.0,0.006689591199999999,0.18160884
37980,1839614,0.29,0.29,12.13,100.0,0.0066886948000000005,0.18160386
37990,1840108,0.28,0.28,12.11,100.0,0.0066878056,0.18159892
38000,1840575,0.26,0.26,12.15,100.0,0.006686965,0.18159425
38010,1841013,0.22,0.22,12.41,100.0,0.0066861766,0.18158987000000001
38020,1841499,0.21,0.21,12.55,100.0,0.0066853018,0.18158501
38030,1841965,0.22,0.22,12.65,100.0,0.006684463,0.18158035
38040,1842431,0.21,0.21,12.55,100.0,0.0066836242,0.18157569
38050,1842920,0.17,0.17,12.55,100.0,0.006682743999999999,0.1815708
38060,1843413,0.17,0.17,12.39,100.0,0.006681856599999999,0.18156587000000002
38070,1843898,0.15,0.15,12.45,100.0,0.0066809836,0.18156102000000002
38080,1844367,0.13,0.13,12.45,100.0,0.0066801394,0.18155633000000002
38090,1844846,0.12,0.12,12.77,100.0,0.0066792772,0.18155154
38100,1845343,0.11,0.11,12.77,100.0,0.006678382599999999,0.18154657000000002
38110,1845843,0.11,0.11,12.81,100.0,0.0066774825999999995,0.18154157
38120,1846330,0.11,0.11,12.82,100.0,0.006676606,0.1815367
38130,1846821,0.09,0.09,12.82,100.0,0.0066757221999999995,0.18153179
38140,1847321,0.1,0.1,12.83,100.0,0.0066748222,0.18152679
38150,1847796,0.11,0.11,12.92,100.0,0.0066739672,0.18152204
38160,1848266,0.09,0.09,12.92,100.0,0.0066731212,0.18151734
38170,1848751,0.11,0.11,12.73,100.0,0.0066722482,0.18151249
38180,1849239,0.13,0.13,12.47,100.0,0.0066713698,0.18150761
38190,1849687,0.14,0.14,12.95,100.0,0.006670563399999999,0.18150313
38200,1850160,0.15,0.15,12.83,100.0,0.0066697119999999995,0.1814984
38210,1850616,0.15,0.15,12.87,100.0,0.0066688912,0.18149384000000002
38220,1851076,0.14,0.14,12.91,100.0,0.006668063199999999,0.18148924
38230,1851562,0.15,0.15,13.13,100.0,0.006667188399999999,0.18148438
38240,1852046,0.14,0.14,13.11,100.0,0.0066663172,0.18147954
38250,1852529,0.13,0.13,13.11,100.0,0.0066654478,0.18147471
38260,1853004,0.15,0.15,12.91,100.0,0.0066645928,0.18146996
38270,1853470,0.13,0.13,12.81,100.0,0.006663753999999999,0.1814653
38280,1853956,0.12,0.12,12.82,100.0,0.0066628792,0.18146044
38290,1854441,0.13,0.13,12.87,100.0,0.0066620062,0.18145559
38300,1854941,0.13,0.13,12.68,100.0,0.0066611062,0.18145059
38310,1855407,0.13,0.13,12.57,100.0,0.006660267399999999,0.18144593
38320,1855870,0.14,0.14,11.91,100.0,0.006659434,0.1814413
38330,1856349,0.19,0.19,12.04,100.0,0.0066585718000000006,0.18143651
38340,1856848,0.19,0.19,12.09,100.0,0.0066576736,0.18143152
38350,1857326,0.22,0.22,12.57,100.0,0.0066568132,0.18142674
38360,1857799,0.22,0.22,12.78,100.0,0.0066559618000000004,0.18142201
38370,1858294,0.25,0.24,12.42,100.0,0.006655070799999999,0.18141706000000002
38380,1858765,0.24,0.23,12.42,100.0,0.006654223,0.18141235
38390,1859263,0.24,0.23,12.34,100.0,0.0066533266,0.18140737
38400,1859743,0.26,0.24,12.31,100.0,0.0066524626,0.18140257
38410,1860225,0.31,0.29,12.12,100.0,0.006651595,0.18139775
38420,1860718,0.3,0.28,12.13,100.0,0.0066507076,0.18139282
38430,1861180,0.25,0.23,11.82,100.0,0.006649876,0.1813882
38440,1861662,0.26,0.24,12.17,100.0,0.0066490084,0.18138338
38450,1862126,0.26,0.24,12.33,100.0,0.0066481731999999995,0.18137874
38460,1862610,0.27,0.25,12.31,100.0,0.006647301999999999,0.1813739
38470,1863081,0.23,0.22,12.31,100.0,0.0066464542,0.18136919
38480,1863581,0.26,0.25,12.29,100.0,0.0066455542,0.18136419
38490,1864080,0.27,0.26,12.31,100.0,0.0066446560000000005,0.1813592
38500,1864579,0.26,0.26,12.3,100.0,0.0066437577999999995,0.18135421000000002
38510,1865050,0.21,0.21,12.49,100.0,0.00664291,0.1813495
38520,1865539,0.23,0.23,12.74,100.0,0.0066420298,0.18134461000000002
38530,1866039,0.22,0.22,12.74,100.0,0.006641129799999999,0.18133961
38540,1866536,0.21,0.21,12.94,100.0,0.0066402352,0.18133464
38550,1866994,0.2,0.2,12.43,100.0,0.0066394108,0.18133006000000002
38560,1867478,0.18,0.18,12.23,100.0,0.0066385396,0.18132522
38570,1867961,0.18,0.18,12.23,100.0,0.0066376702,0.18132039
38580,1868403,0.16,0.16,12.22,100.0,0.0066368746,0.18131597
38590,1868891,0.14,0.14,11.9,100.0,0.0066359962,0.18131109
38600,1869374,0.14,0.14,11.92,100.0,0.0066351268,0.18130626
38610,1869864,0.15,0.15,11.92,100.0,0.0066342447999999995,0.18130136
38620,1870364,0.18,0.18,11.45,100.0,0.0066333448,0.18129636000000002
38630,1870846,0.2,0.2,11.4,100.0,0.0066324772,0.18129154
38640,1871308,0.2,0.2,11.83,100.0,0.0066316456,0.18128692000000002
38650,1871775,0.2,0.2,11.42,100.0,0.006630805,0.18128225
38660,1872264,0.22,0.22,11.5,100.0,0.0066299248,0.18127736
38670,1872730,0.23,0.23,11.66,100.0,0.006629085999999999,0.1812727
38680,1873223,0.25,0.25,11.62,100.0,0.006628198599999999,0.18126777
38690,1873674,0.25,0.25,12.13,100.0,0.0066273868,0.18126326
38700,1874145,0.25,0.25,12.64,100.0,0.006626538999999999,0.18125855000000002
38710,1874640,0.25,0.25,12.5,100.0,0.006625648,0.18125360000000001
38720,1875129,0.2,0.2,12.4,100.0,0.0066247677999999996,0.18124871
38730,1875608,0.2,0.2,12.82,100.0,0.0066239056000000004,0.18124392
38740,1876085,0.2,0.2,12.75,100.0,0.006623047,0.18123915000000002
38750,1876556,0.22,0.22,12.81,100.0,0.0066221992,0.18123444
38760,1877052,0.2,0.2,13.17,100.0,0.0066213064000000005,0.18122948
38770,1877552,0.25,0.25,13.52,100.0,0.0066204064,0.18122448
38780,1878046,0.27,0.27,13.76,100.0,0.0066195172,0.18121954
38790,1878495,0.26,0.26,13.76,100.0,0.006618709,0.18121505000000002
38800,1878966,0.26,0.26,13.71,100.0,0.0066178612,0.18121034
38810,1879461,0.25,0.25,13.72,100.0,0.0066169702,0.18120539
38820,1879930,0.29,0.29,13.23,100.0,0.006616126,0.1812007
38830,1880420,0.29,0.29,13.09,100.0,0.006615244,0.18119580000000002
38840,1880920,0.32,0.32,13.41,100.0,0.006614343999999999,0.1811908
38850,1881391,0.34,0.34,13.52,100.0,0.006613496199999999,0.18118609
38860,1881878,0.34,0.34,13.51,100.0,0.0066126195999999995,0.18118122
38870,1882352,0.3,0.3,14.23,100.0,0.0066117664,0.18117648
38880,1882834,0.27,0.27,13.88,100.0,0.0066108988,0.18117166
38890,1883306,0.28,0.28,13.79,100.0,0.0066100492,0.18116694
38900,1883780,0.29,0.29,14.19,100.0,0.0066091959999999995,0.1811622
38910,1884270,0.31,0.31,14.4,100.0,0.006608314,0.1811573
38920,1884752,0.29,0.29,14.32,100.0,0.0066074464,0.18115248
38930,1885240,0.33,0.33,14.88,100.0,0.006606568,0.18114760000000002
38940,1885725,0.32,0.32,15.07,100.0,0.006605695,0.18114275000000002
38950,1886155,0.29,0.29,15.06,100.0,0.006604921,0.18113845
38960,1886650,0.3,0.3,15.38,100.0,0.00660403,0.1811335
38970,1887143,0.29,0.29,15.48,100.0,0.0066031426,0.18112857000000002
38980,1887614,0.28,0.28,15.46,100.0,0.0066022948,0.18112386
38990,1888107,0.28,0.28,16.12,100.0,0.0066014074,0.18111893
39000,1888527,0.26,0.26,16.14,100.0,0.006600651399999999,0.18111473
39010,1889027,0.25,0.25,16.14,100.0,0.006599751399999999,0.18110973
39020,1889500,0.26,0.26,16.09,100.0,0.0065988999999999996,0.18110500000000002
39030,1889959,0.22,0.22,15.83,100.0,0.0065980738,0.18110041000000002
39040,1890421,0.21,0.21,15.89,100.0,0.006597242200000001,0.18109579
39050,1890893,0.19,0.19,15.81,100.0,0.006596392600000001,0.18109107000000002
39060,1891358,0.2,0.2,15.58,100.0,0.0065955556000000005,0.18108642
39070,1891844,0.23,0.23,15.36,100.0,0.0065946808,0.18108156
39080,1892335,0.27,0.27,15.17,100.0,0.006593797,0.18107665
39090,1892835,0.31,0.31,14.51,100.0,0.006592897,0.18107165
39100,1893335,0.33,0.33,14.62,100.0,0.0065919970000000005,0.18106665
39110,1893807,0.32,0.32,14.53,100.0,0.0065911474,0.18106193
39120,1894293,0.29,0.29,14.41,100.0,0.0065902726000000005,0.18105707000000001
39130,1894785,0.3,0.3,14.48,100.0,0.006589387,0.18105215
39140,1895256,0.29,0.29,14.47,100.0,0.0065885392,0.18104744
39150,1895733,0.3,0.3,14.55,100.0,0.0065876806,0.18104267000000002
39160,1896177,0.31,0.31,14.28,100.0,0.006586881399999999,0.18103823
39170,1896651,0.3,0.3,14.22,100.0,0.0065860282,0.18103349000000002
39180,1897146,0.28,0.28,13.98,100.0,0.0065851372,0.18102854000000002
39190,1897597,0.23,0.23,14.05,100.0,0.0065843254,0.18102403
39200,1898076,0.22,0.22,14.1,100.0,0.0065834632,0.18101924
39210,1898541,0.23,0.23,14.13,100.0,0.0065826262,0.18101459
39220,1899022,0.24,0.24,14.21,100.0,0.0065817604,0.18100978
39230,1899514,0.24,0.24,14.24,100.0,0.0065808748,0.18100486000000002
39240,1900014,0.25,0.25,13.97,100.0,0.0065799748,0.18099986
39250,1900486,0.24,0.24,13.95,100.0,0.006579125199999999,0.18099514
39260,1900946,0.22,0.22,14.12,100.0,0.0065782971999999995,0.18099054
39270,1901445,0.21,0.21,14.27,100.0,0.006577398999999999,0.18098555
39280,1901942,0.21,0.21,14.53,100.0,0.0065765044,0.18098058
39290,1902404,0.2,0.2,14.53,100.0,0.0065756728,0.18097596
39300,1902866,0.23,0.23,13.78,100.0,0.0065748412,0.18097134
39310,1903318,0.21,0.21,13.78,100.0,0.0065740276,0.18096682
39320,1903803,0.22,0.22,14.11,100.0,0.0065731546,0.18096197
39330,1904298,0.22,0.22,13.96,100.0,0.006572263599999999,0.18095702
39340,1904767,0.2,0.2,13.99,100.0,0.0065714194,0.18095233
39350,1905238,0.21,0.21,13.92,100.0,0.0065705716,0.18094762
39360,1905726,0.21,0.21,13.69,100.0,0.0065696932,0.18094274
39370,1906217,0.22,0.22,13.63,100.0,0.0065688094,0.18093783
39380,1906688,0.2,0.2,13.7,100.0,0.0065679616,0.18093312
39390,1907141,0.21,0.21,13.67,100.0,0.0065671462,0.18092859
39400,1907615,0.19,0.19,13.65,100.0,0.006566293,0.18092385
39410,1908100,0.21,0.21,14.07,100.0,0.00656542,0.180919
39420,1908600,0.2,0.2,13.91,100.0,0.00656452,0.18091400000000002
39430,1909087,0.23,0.23,12.86,100.0,0.0065636434,0.18090913
39440,1909569,0.22,0.22,12.86,100.0,0.0065627758,0.18090431
39450,1910069,0.23,0.23,13.11,100.0,0.0065618758,0.18089931
39460,1910569,0.24,0.24,13.25,100.0,0.0065609758,0.18089431
39470,1911069,0.24,0.24,13.43,100.0,0.0065600758,0.18088931
39480,1911538,0.26,0.26,13.58,100.0,0.0065592316,0.18088462
39490,1911990,0.25,0.25,13.58,100.0,0.006558418,0.18088010000000002
39500,1912486,0.24,0.24,13.84,100.0,0.0065575252,0.18087514000000002
39510,1912977,0.26,0.26,14.16,100.0,0.0065566414,0.18087023000000002
39520,1913441,0.26,0.26,14.2,100.0,0.0065558062,0.18086559000000002
39530,1913902,0.22,0.22,13.83,100.0,0.0065549764,0.18086098
39540,1914383,0.23,0.23,13.78,100.0,0.0065541105999999995,0.18085617
39550,1914871,0.21,0.21,13.79,100.0,0.0065532322,0.18085129
39560,1915346,0.22,0.22,13.86,100.0,0.0065523772,0.18084654
39570,1915844,0.19,0.19,13.86,100.0,0.0065514808,0.18084156
39580,1916337,0.19,0.19,13.67,100.0,0.0065505934000000005,0.18083663
39590,1916821,0.23,0.23,13.98,100.0,0.0065497222,0.18083179
39600,1917301,0.23,0.23,14.29,100.0,0.0065488582,0.18082699000000002
39610,1917770,0.21,0.21,14.71,100.0,0.006548014,0.1808223
39620,1918227,0.19,0.19,14.71,100.0,0.006547191399999999,0.18081773
39630,1918697,0.19,0.19,14.64,100.0,0.0065463453999999996,0.18081303
39640,1919188,0.21,0.21,14.19,100.0,0.0065454616,0.18080812000000002
39650,1919684,0.24,0.24,14.43,100.0,0.006544568799999999,0.18080316000000002
39660,1920145,0.23,0.23,14.75,100.0,0.006543739,0.18079855
39670,1920607,0.25,0.25,14.81,100.0,0.0065429074,0.18079393
39680,1921069,0.24,0.24,14.82,100.0,0.0065420758,0.18078931
39690,1921552,0.23,0.23,14.63,100.0,0.006541206399999999,0.18078448
39700,1922037,0.25,0.25,14.84,100.0,0.0065403334,0.18077963
39710,1922530,0.25,0.25,14.74,100.0,0.006539445999999999,0.1807747
39720,1922938,0.25,0.25,14.74,100.0,0.0065387116,0.18077062
39730,1923429,0.23,0.23,14.74,100.0,0.0065378278,0.18076571
39740,1923899,0.23,0.23,14.74,100.0,0.006536981799999999,0.18076101
39750,1924370,0.24,0.24,14.53,100.0,0.006536134,0.1807563
39760,1924867,0.22,0.22,14.25,100.0,0.0065352394,0.18075133000000002
39770,1925355,0.24,0.24,14.19,100.0,0.006534361,0.18074645
39780,1925825,0.25,0.25,14.71,100.0,0.006533515,0.18074175
39790,1926288,0.23,0.23,14.71,100.0,0.0065326816,0.18073712
39800,1926773,0.2,0.2,14.61,100.0,0.006531808599999999,0.18073227
39810,1927260,0.2,0.2,14.25,100.0,0.006530932,0.1807274
39820,1927760,0.21,0.21,13.94,100.0,0.006530032,0.1807224
39830,1928228,0.23,0.23,14.0,100.0,0.0065291896000000006,0.18071772
39840,1928726,0.23,0.23,13.74,100.0,0.0065282932,0.18071274
39850,1929203,0.18,0.18,13.74,100.0,0.0065274346,0.18070797
39860,1929670,0.18,0.18,13.76,100.0,0.006526594,0.1807033
39870,1930160,0.14,0.14,13.76,100.0,0.0065257119999999995,0.1806984
39880,1930652,0.13,0.13,13.65,100.0,0.006524826399999999,0.18069348000000002
39890,1931128,0.15,0.15,13.34,100.0,0.0065239696,0.18068872
39900,1931601,0.17,0.17,13.06,100.0,0.0065231182,0.18068399000000002
39910,1932071,0.19,0.19,12.92,100.0,0.0065222722,0.18067929
39920,1932543,0.2,0.2,12.97,100.0,0.0065214226,0.18067457
39930,1933003,0.19,0.19,13.31,100.0,0.0065205945999999996,0.18066997
39940,1933483,0.19,0.19,13.5,100.0,0.0065197306,0.18066517
39950,1933983,0.21,0.21,13.55,100.0,0.0065188306,0.18066017
39960,1934471,0.21,0.21,13.56,100.0,0.0065179522,0.18065529
39970,1934971,0.22,0.22,13.9,100.0,0.0065170522,0.18065029
39980,1935464,0.25,0.25,13.66,100.0,0.0065161648,0.18064536
39990,1935940,0.23,0.23,13.74,100.0,0.006515308,0.1806406
40000,1936427,0.22,0.22,13.72,100.0,0.0065144313999999995,0.18063573
40010,1936915,0.21,0.21,13.08,100.0,0.006513553,0.18063085
40020,1937404,0.21,0.21,13.06,100.0,0.006512672799999999,0.18062596
40030,1937886,0.22,0.22,13.09,100.0,0.0065118052,0.18062114
40040,1938384,0.23,0.23,13.39,100.0,0.0065109087999999996,0.18061616
40050,1938856,0.23,0.23,13.4,100.0,0.0065100591999999995,0.18061144
40060,1939316,0.26,0.26,13.73,100.0,0.0065092312,0.18060684
40070,1939794,0.29,0.29,13.68,100.0,0.0065083708,0.18060206
40080,1940260,0.26,0.26,13.92,100.0,0.006507532,0.18059740000000002
40090,1940749,0.3,0.3,13.35,100.0,0.0065066518,0.18059251
40100,1941226,0.29,0.29,13.4,100.0,0.0065057932,0.18058774
40110,1941681,0.3,0.3,13.34,100.0,0.006504974199999999,0.18058319
40120,1942171,0.3,0.3,13.36,100.0,0.0065040922,0.18057829
40130,1942660,0.31,0.31,13.15,100.0,0.0065032119999999995,0.1805734
40140,1943130,0.27,0.27,13.15,100.0,0.006502365999999999,0.1805687
40150,1943596,0.29,0.29,13.25,100.0,0.0065015272,0.18056404
40160,1944096,0.28,0.28,13.52,100.0,0.0065006272,0.18055904
40170,1944551,0.27,0.27,13.59,100.0,0.0064998082,0.18055449
40180,1945036,0.29,0.29,14.0,100.0,0.0064989352,0.18054964
40190,1945536,0.25,0.25,14.11,100.0,0.0064980352,0.18054464
40200,1946031,0.27,0.27,13.79,100.0,0.0064971442,0.18053969
40210,1946518,0.25,0.25,13.87,100.0,0.006496267599999999,0.18053482
40220,1947004,0.25,0.25,13.83,100.0,0.006495392799999999,0.18052996000000002
40230,1947487,0.22,0.22,13.83,100.0,0.0064945234000000004,0.18052513
40240,1947978,0.26,0.26,13.81,100.0,0.0064936396,0.18052022
40250,1948438,0.24,0.24,13.61,100.0,0.0064928116,0.18051562000000002
40260,1948923,0.22,0.22,13.63,100.0,0.0064919386,0.18051077000000001
40270,1949392,0.22,0.22,13.4,100.0,0.0064910943999999995,0.18050608
40280,1949844,0.22,0.22,13.57,100.0,0.0064902808,0.18050156
40290,1950344,0.22,0.22,13.54,100.0,0.0064893808,0.18049656
40300,1950806,0.22,0.22,13.96,100.0,0.0064885492,0.18049194000000002
40310,1951268,0.22,0.22,14.29,100.0,0.0064877176,0.18048732
40320,1951760,0.23,0.23,14.34,100.0,0.006486832,0.18048240000000002
40330,1952260,0.25,0.25,14.16,100.0,0.006485932,0.1804774
40340,1952725,0.22,0.22,14.19,100.0,0.006485095,0.18047275000000002
40350,1953191,0.26,0.26,13.59,100.0,0.0064842562,0.18046809
40360,1953677,0.25,0.25,13.59,100.0,0.0064833814,0.18046323
40370,1954152,0.24,0.24,13.32,100.0,0.006482526399999999,0.18045848
40380,1954615,0.22,0.22,13.37,100.0,0.006481693,0.18045385
40390,1955095,0.22,0.22,13.4,100.0,0.006480829,0.18044905
40400,1955581,0.21,0.21,12.96,100.0,0.0064799542,0.18044419
40410,1956036,0.19,0.19,12.96,100.0,0.0064791352,0.18043964
40420,1956513,0.17,0.17,13.0,100.0,0.006478276599999999,0.18043487
40430,1956985,0.16,0.16,12.97,100.0,0.006477427,0.18043015
40440,1957463,0.19,0.19,12.74,100.0,0.0064765666,0.18042537
40450,1957939,0.14,0.14,12.74,100.0,0.0064757098,0.18042061
40460,1958431,0.16,0.16,13.27,100.0,0.0064748242,0.18041569000000002
40470,1958867,0.16,0.16,13.33,100.0,0.006474039399999999,0.18041133
40480,1959353,0.15,0.15,13.4,100.0,0.006473164599999999,0.18040647
40490,1959827,0.2,0.2,13.44,100.0,0.0064723114,0.18040173
40500,1960322,0.2,0.2,13.65,100.0,0.0064714204,0.18039678
40510,1960790,0.22,0.22,13.75,100.0,0.006470577999999999,0.1803921
40520,1961253,0.26,0.26,12.94,100.0,0.0064697446,0.18038747
40530,1961734,0.26,0.26,12.89,100.0,0.006468878799999999,0.18038266
40540,1962212,0.22,0.22,12.89,100.0,0.006468018399999999,0.18037788
40550,1962684,0.22,0.22,12.9,100.0,0.006467168799999999,0.18037316
40560,1963173,0.22,0.22,12.95,100.0,0.0064662886,0.18036827
40570,1963629,0.24,0.24,12.64,100.0,0.006465467799999999,0.18036371
40580,1964107,0.26,0.26,12.55,100.0,0.0064646074,0.18035893
40590,1964572,0.23,0.23,12.82,100.0,0.0064637704,0.18035428
40600,1965054,0.23,0.23,13.17,100.0,0.0064629028,0.18034946000000002
40610,1965510,0.26,0.26,13.28,100.0,0.006462081999999999,0.1803449
40620,1965967,0.24,0.24,13.18,100.0,0.0064612594,0.18034033
40630,1966411,0.25,0.25,13.27,100.0,0.0064604601999999995,0.18033589
40640,1966897,0.26,0.26,13.35,100.0,0.0064595854000000005,0.18033103
40650,1967383,0.31,0.31,12.65,100.0,0.0064587106,0.18032617
40660,1967857,0.31,0.31,12.8,100.0,0.006457857399999999,0.18032143
40670,1968357,0.3,0.3,13.13,100.0,0.006456957399999999,0.18031643
40680,1968827,0.29,0.29,13.59,100.0,0.0064561114,0.18031173
40690,1969305,0.29,0.29,13.8,100.0,0.0064552509999999995,0.18030695
40700,1969792,0.27,0.27,13.8,100.0,0.0064543744,0.18030208
40710,1970263,0.24,0.24,13.86,100.0,0.0064535266,0.18029737
40720,1970763,0.28,0.28,14.28,100.0,0.0064526266,0.18029237
40730,1971227,0.29,0.29,14.55,100.0,0.006451791399999999,0.18028773
40740,1971727,0.28,0.28,14.55,100.0,0.0064508913999999995,0.18028273
40750,1972196,0.23,0.23,14.58,100.0,0.0064500472,0.18027804
40760,1972677,0.24,0.24,14.45,100.0,0.0064491814,0.18027323
40770,1973147,0.24,0.24,14.6,100.0,0.0064483354,0.18026853
40780,1973630,0.23,0.23,14.62,100.0,0.006447466,0.1802637
40790,1974106,0.22,0.22,14.59,100.0,0.0064466092,0.18025894
40800,1974595,0.25,0.25,14.95,100.0,0.006445728999999999,0.18025405
40810,1975084,0.26,0.26,14.73,100.0,0.0064448488,0.18024916000000002
40820,1975561,0.21,0.21,14.64,100.0,0.006443990199999999,0.18024439
40830,1976049,0.2,0.2,14.56,100.0,0.0064431118,0.18023951
40840,1976538,0.21,0.21,14.46,100.0,0.0064422316,0.18023462
40850,1977019,0.22,0.22,14.38,100.0,0.0064413657999999995,0.18022981
40860,1977513,0.2,0.2,14.41,100.0,0.0064404766,0.18022487
40870,1978006,0.19,0.19,14.86,100.0,0.0064395892,0.18021994
40880,1978489,0.19,0.19,14.84,100.0,0.006438719799999999,0.18021511
40890,1978971,0.19,0.19,15.1,100.0,0.0064378522,0.18021029
40900,1979462,0.19,0.19,15.16,100.0,0.0064369684,0.18020538
40910,1979936,0.16,0.16,15.16,100.0,0.0064361152,0.18020064
40920,1980411,0.17,0.17,14.88,100.0,0.0064352602,0.18019589
40930,1980868,0.19,0.19,15.0,100.0,0.0064344376,0.18019132
40940,1981353,0.21,0.21,14.92,100.0,0.0064335646,0.18018647000000002
40950,1981834,0.22,0.22,15.07,100.0,0.006432698799999999,0.18018166
40960,1982291,0.23,0.23,15.33,100.0,0.0064318762000000005,0.18017709
40970,1982768,0.24,0.24,15.44,100.0,0.0064310176,0.18017232
40980,1983212,0.24,0.24,15.73,100.0,0.0064302184,0.18016788
40990,1983651,0.23,0.23,15.94,100.0,0.0064294282,0.18016349
41000,1984150,0.22,0.22,16.07,100.0,0.00642853,0.1801585
41010,1984620,0.22,0.22,16.07,100.0,0.0064276839999999995,0.1801538
41020,1985077,0.21,0.21,16.46,100.0,0.006426861399999999,0.18014923
41030,1985556,0.19,0.19,16.48,100.0,0.0064259992,0.18014444000000002
41040,1986011,0.18,0.18,16.12,100.0,0.0064251802,0.18013989
41050,1986504,0.17,0.17,16.61,100.0,0.0064242928,0.18013496
41060,1986991,0.18,0.18,16.16,100.0,0.0064234162000000004,0.18013009000000002
41070,1987448,0.19,0.19,16.16,100.0,0.0064225936,0.18012552
41080,1987918,0.19,0.19,16.08,100.0,0.0064217475999999996,0.18012082000000001
41090,1988392,0.2,0.2,16.01,100.0,0.0064208944,0.18011608
41100,1988874,0.18,0.18,16.01,100.0,0.0064200268,0.18011126
41110,1989361,0.24,0.24,15.84,100.0,0.006419150199999999,0.18010639
41120,1989860,0.24,0.24,16.44,100.0,0.006418251999999999,0.1801014
41130,1990327,0.24,0.24,16.82,100.0,0.0064174114,0.18009673
41140,1990827,0.23,0.23,16.88,100.0,0.0064165114,0.18009173
41150,1991327,0.23,0.23,16.68,100.0,0.0064156114,0.18008673
41160,1991821,0.23,0.23,15.96,100.0,0.0064147222,0.18008179000000002
41170,1992318,0.22,0.22,15.99,100.0,0.0064138276,0.18007682
41180,1992792,0.23,0.23,15.47,100.0,0.0064129744,0.18007208
41190,1993243,0.24,0.24,15.34,100.0,0.0064121626,0.18006757
41200,1993733,0.26,0.26,15.38,100.0,0.0064112805999999994,0.18006267
41210,1994214,0.24,0.24,15.05,100.0,0.0064104148,0.18005786000000001
41220,1994701,0.23,0.23,15.19,100.0,0.006409538199999999,0.18005299
41230,1995187,0.24,0.24,14.87,100.0,0.0064086634,0.18004813
41240,1995662,0.25,0.25,14.7,100.0,0.006407808399999999,0.18004338
41250,1996146,0.25,0.25,14.89,100.0,0.0064069372,0.18003854
41260,1996596,0.24,0.24,14.31,100.0,0.0064061272,0.18003404
41270,1997068,0.25,0.25,14.51,100.0,0.0064052776,0.18002932
41280,1997522,0.25,0.25,14.33,100.0,0.0064044604,0.18002478
41290,1998007,0.25,0.25,14.24,100.0,0.0064035874,0.18001993
41300,1998483,0.24,0.24,14.21,100.0,0.0064027306,0.18001517
41310,1998949,0.2,0.2,14.21,100.0,0.0064018918,0.18001051
41320,1999444,0.21,0.21,14.34,100.0,0.0064010008,0.18000556
41330,1999909,0.19,0.19,14.32,100.0,0.0064001638,0.18000091000000001
41340,2000367,0.18,0.18,14.75,100.0,0.0063993394,0.17999633
41350,2000860,0.2,0.2,15.54,100.0,0.006398451999999999,0.1799914
41360,2001359,0.19,0.19,15.51,100.0,0.0063975538,0.17998641
41370,2001829,0.18,0.18,15.26,100.0,0.0063967078,0.17998171000000002
41380,2002329,0.21,0.21,14.72,100.0,0.0063958078,0.17997671
41390,2002824,0.19,0.19,14.61,100.0,0.0063949168,0.17997176
41400,2003280,0.2,0.2,14.16,100.0,0.006394096,0.1799672
41410,2003778,0.21,0.21,13.97,100.0,0.0063931996,0.17996222
41420,2004221,0.2,0.2,14.39,100.0,0.006392402199999999,0.17995779
41430,2004683,0.23,0.23,13.93,100.0,0.0063915706,0.17995317
41440,2005167,0.23,0.23,13.92,100.0,0.0063906994,0.17994833
41450,2005664,0.21,0.21,13.8,100.0,0.006389804799999999,0.17994336
41460,2006154,0.2,0.2,13.8,100.0,0.0063889228,0.17993846
41470,2006596,0.17,0.17,13.8,100.0,0.0063881272,0.17993404000000002
41480,2007037,0.12,0.12,13.8,100.0,0.0063873333999999995,0.17992963
41490,2007500,0.16,0.16,13.95,100.0,0.0063865,0.179925
41500,2007988,0.15,0.15,13.82,100.0,0.0063856216,0.17992012000000002
41510,2008485,0.15,0.15,13.77,100.0,0.006384727,0.17991515
41520,2008975,0.17,0.17,12.79,100.0,0.006383844999999999,0.17991025
41530,2009458,0.13,0.13,12.79,100.0,0.0063829756,0.17990542
41540,2009925,0.15,0.15,12.34,100.0,0.006382135000000001,0.17990075
41550,2010418,0.13,0.13,12.34,100.0,0.0063812476,0.17989582
41560,2010899,0.16,0.16,12.36,100.0,0.0063803817999999995,0.17989101000000002
41570,2011399,0.17,0.17,12.26,100.0,0.0063794818,0.17988601
41580,2011877,0.19,0.19,12.28,100.0,0.006378621399999999,0.17988123
41590,2012355,0.15,0.15,12.01,100.0,0.006377760999999999,0.17987645
41600,2012813,0.18,0.18,12.11,100.0,0.0063769366,0.17987187
41610,2013298,0.17,0.17,12.11,100.0,0.0063760636,0.17986702
41620,2013798,0.14,0.14,12.11,100.0,0.0063751636,0.17986202
41630,2014289,0.16,0.16,12.54,100.0,0.0063742798,0.17985711000000001
41640,2014789,0.14,0.14,12.64,100.0,0.0063733798000000005,0.17985211
41650,2015263,0.15,0.15,12.64,100.0,0.0063725266,0.17984737
41660,2015763,0.15,0.15,12.44,100.0,0.006371626599999999,0.17984237
41670,2016255,0.17,0.17,12.28,100.0,0.006370740999999999,0.17983745
41680,2016743,0.19,0.19,11.78,100.0,0.0063698626,0.17983257
41690,2017205,0.19,0.19,11.63,100.0,0.006369031,0.17982795000000001
41700,2017694,0.17,0.17,11.72,100.0,0.0063681508,0.17982306
41710,2018157,0.19,0.19,12.19,100.0,0.0063673174,0.17981843
41720,2018619,0.22,0.22,12.04,100.0,0.0063664858,0.17981381000000002
41730,2019095,0.23,0.23,12.16,100.0,0.006365628999999999,0.17980905
41740,2019571,0.24,0.24,12.23,100.0,0.0063647722,0.17980429
41750,2020023,0.24,0.24,12.02,100.0,0.0063639586000000005,0.17979977
41760,2020510,0.25,0.25,12.29,100.0,0.006363081999999999,0.1797949
41770,2020977,0.27,0.27,12.25,100.0,0.0063622413999999995,0.17979023
41780,2021449,0.24,0.24,12.12,100.0,0.0063613917999999995,0.17978551
41790,2021935,0.28,0.28,12.41,100.0,0.0063605169999999996,0.17978065000000001
41800,2022379,0.29,0.29,12.31,100.0,0.006359717799999999,0.17977621
41810,2022791,0.29,0.29,12.22,100.0,0.0063589762,0.17977209
41820,2023255,0.27,0.27,12.33,100.0,0.0063581409999999994,0.17976745
41830,2023673,0.24,0.24,12.33,100.0,0.0063573886,0.17976327
41840,2024173,0.22,0.22,12.33,100.0,0.0063564886,0.17975827
41850,2024647,0.23,0.23,12.63,100.0,0.0063556354,0.17975353
41860,2025128,0.22,0.22,12.61,100.0,0.0063547696,0.17974872
41870,2025622,0.19,0.19,12.2,100.0,0.006353880399999999,0.17974378000000002
41880,2026104,0.21,0.21,11.81,100.0,0.0063530128,0.17973896
41890,2026585,0.18,0.18,12.04,100.0,0.006352147,0.17973415
41900,2027085,0.17,0.17,12.31,100.0,0.006351246999999999,0.17972915
41910,2027559,0.16,0.16,12.31,100.0,0.0063503938,0.17972441
41920,2028041,0.18,0.18,12.23,100.0,0.0063495262,0.17971959
41930,2028505,0.21,0.21,12.56,100.0,0.006348691,0.17971495
41940,2028995,0.23,0.23,12.59,100.0,0.006347808999999999,0.17971005
41950,2029495,0.23,0.23,12.89,100.0,0.0063469089999999995,0.17970505
41960,2029970,0.23,0.23,12.37,100.0,0.006346053999999999,0.1797003
41970,2030470,0.24,0.24,12.48,100.0,0.0063451539999999996,0.1796953
41980,2030970,0.23,0.23,12.35,100.0,0.006344254,0.1796903
41990,2031437,0.24,0.24,12.22,100.0,0.006343413399999999,0.17968563
42000,2031923,0.26,0.26,12.18,100.0,0.006342538599999999,0.17968077
42010,2032419,0.28,0.28,12.2,100.0,0.0063416458,0.17967581
42020,2032902,0.25,0.25,12.2,100.0,0.0063407763999999995,0.17967098
42030,2033402,0.24,0.24,12.25,100.0,0.0063398764,0.17966598
42040,2033899,0.25,0.25,12.1,100.0,0.006338981799999999,0.17966101
42050,2034371,0.28,0.28,12.05,100.0,0.006338132199999999,0.17965629
42060,2034868,0.26,0.26,12.19,100.0,0.0063372376,0.17965132
42070,2035353,0.26,0.26,11.98,100.0,0.0063363646,0.17964647
42080,2035831,0.26,0.26,11.64,100.0,0.0063355042,0.17964169000000002
42090,2036307,0.24,0.24,11.52,100.0,0.0063346474,0.17963693
42100,2036807,0.23,0.23,12.12,100.0,0.0063337474,0.17963193
42110,2037295,0.22,0.22,12.24,100.0,0.006332869,0.17962705
42120,2037782,0.24,0.24,12.17,100.0,0.0063319924,0.17962218000000002
42130,2038281,0.24,0.24,12.3,100.0,0.0063310942,0.17961719
42140,2038748,0.23,0.23,12.22,100.0,0.0063302536,0.17961252
42150,2039242,0.18,0.18,12.22,100.0,0.0063293644,0.17960758
42160,2039718,0.18,0.18,12.29,100.0,0.0063285076,0.17960282
42170,2040169,0.18,0.18,11.88,100.0,0.0063276958,0.17959831
42180,2040652,0.18,0.18,12.03,100.0,0.0063268264,0.17959348
42190,2041152,0.2,0.2,11.88,100.0,0.006325926399999999,0.17958848
42200,2041640,0.19,0.19,12.01,100.0,0.006325048,0.1795836
42210,2042107,0.17,0.17,12.01,100.0,0.0063242074,0.17957893
42220,2042570,0.17,0.17,11.97,100.0,0.006323374,0.17957430000000002
42230,2043066,0.15,0.15,11.97,100.0,0.0063224812,0.17956934
42240,2043561,0.15,0.15,11.95,100.0,0.006321590199999999,0.17956439000000002
42250,2044035,0.17,0.17,12.02,100.0,0.006320737,0.17955965000000002
42260,2044535,0.16,0.16,12.02,100.0,0.006319837,0.17955465
42270,2045015,0.15,0.15,11.99,100.0,0.006318973,0.17954985
42280,2045482,0.13,0.13,11.99,100.0,0.006318132399999999,0.17954518
42290,2045962,0.14,0.14,12.42,100.0,0.006317268399999999,0.17954038
42300,2046431,0.14,0.14,12.66,100.0,0.0063164242,0.17953569
42310,2046892,0.15,0.15,12.57,100.0,0.0063155944,0.17953108
42320,2047373,0.16,0.16,12.73,100.0,0.0063147286,0.17952627
42330,2047839,0.18,0.18,12.98,100.0,0.0063138898,0.17952161
42340,2048298,0.17,0.17,12.89,100.0,0.0063130636,0.17951702
42350,2048798,0.17,0.17,12.45,100.0,0.0063121636,0.17951202
42360,2049274,0.17,0.17,12.45,100.0,0.0063113067999999994,0.17950726
42370,2049759,0.19,0.19,12.67,100.0,0.0063104338,0.17950241
42380,2050243,0.21,0.21,12.67,100.0,0.0063095626000000005,0.17949757
42390,2050743,0.22,0.22,12.25,100.0,0.0063086626,0.17949257000000002
42400,2051236,0.2,0.2,12.25,100.0,0.0063077752,0.17948764
42410,2051713,0.21,0.21,11.99,100.0,0.0063069166,0.17948287000000002
42420,2052190,0.2,0.2,12.31,100.0,0.006306058,0.1794781
42430,2052659,0.19,0.19,12.32,100.0,0.0063052138,0.17947341
42440,2053139,0.22,0.22,11.91,100.0,0.006304349799999999,0.17946861
42450,2053596,0.21,0.21,12.31,100.0,0.0063035272,0.17946404
42460,2054086,0.22,0.22,12.58,100.0,0.0063026452,0.17945914000000002
42470,2054577,0.19,0.19,12.61,100.0,0.0063017614,0.17945423
42480,2055046,0.19,0.19,12.25,100.0,0.0063009172,0.17944954000000002
42490,2055541,0.16,0.16,12.69,100.0,0.0063000261999999994,0.17944459000000001
42500,2056041,0.2,0.2,13.5,100.0,0.0062991262,0.17943959
42510,2056520,0.19,0.19,13.45,100.0,0.006298264,0.1794348
42520,2057010,0.19,0.19,13.65,100.0,0.006297382,0.1794299
42530,2057510,0.22,0.22,13.51,100.0,0.006296482,0.1794249
42540,2058010,0.18,0.18,13.51,100.0,0.006295581999999999,0.1794199
42550,2058492,0.18,0.18,13.73,100.0,0.0062947144,0.17941508
42560,2058992,0.18,0.18,13.66,100.0,0.0062938144,0.17941008
42570,2059460,0.18,0.18,13.71,100.0,0.006292972,0.1794054
42580,2059939,0.17,0.17,14.01,100.0,0.006292109799999999,0.17940061000000002
42590,2060431,0.17,0.17,14.13,100.0,0.0062912242,0.17939569
42600,2060927,0.16,0.16,14.53,100.0,0.0062903314,0.17939073
42610,2061424,0.18,0.18,14.54,100.0,0.006289436799999999,0.17938576
42620,2061907,0.18,0.18,14.58,100.0,0.0062885674,0.17938093
42630,2062403,0.17,0.17,14.84,100.0,0.006287674599999999,0.17937597
42640,2062902,0.19,0.19,14.98,100.0,0.006286776399999999,0.17937098
42650,2063387,0.2,0.2,14.95,100.0,0.006285903399999999,0.17936613
42660,2063887,0.19,0.19,14.95,100.0,0.006285003399999999,0.17936113
42670,2064380,0.21,0.21,14.5,100.0,0.006284115999999999,0.1793562
42680,2064878,0.24,0.24,14.54,100.0,0.0062832196,0.17935122
42690,2065376,0.25,0.25,14.75,100.0,0.0062823232,0.17934624
42700,2065851,0.24,0.24,14.65,100.0,0.006281468199999999,0.17934149
42710,2066351,0.22,0.22,14.65,100.0,0.0062805681999999995,0.17933649000000002
42720,2066834,0.23,0.23,15.07,100.0,0.0062796988000000005,0.17933166
42730,2067334,0.21,0.21,14.73,100.0,0.0062787988,0.17932666
42740,2067807,0.2,0.2,14.7,100.0,0.006277947399999999,0.17932193000000002
42750,2068301,0.2,0.2,14.67,100.0,0.0062770581999999995,0.17931699
42760,2068777,0.22,0.22,14.71,100.0,0.0062762014,0.17931223000000002
42770,2069269,0.21,0.21,14.77,100.0,0.0062753158,0.17930731
42780,2069693,0.17,0.17,14.77,100.0,0.0062745526,0.17930307
42790,2070174,0.14,0.14,14.77,100.0,0.0062736868,0.17929826000000001
42800,2070663,0.16,0.16,14.55,100.0,0.0062728066,0.17929337
42810,2071153,0.19,0.19,14.71,100.0,0.006271924599999999,0.17928847
42820,2071638,0.21,0.21,13.85,100.0,0.006271051599999999,0.17928362
42830,2072104,0.22,0.22,13.99,100.0,0.0062702128,0.17927896000000001
42840,2072588,0.21,0.21,13.99,100.0,0.0062693416000000005,0.17927412
42850,2073076,0.21,0.21,13.85,100.0,0.006268463199999999,0.17926924
42860,2073551,0.19,0.19,13.85,100.0,0.0062676082,0.17926449
42870,2074051,0.19,0.19,13.51,100.0,0.0062667082,0.17925949
42880,2074543,0.21,0.21,13.53,100.0,0.0062658226,0.17925457
42890,2075028,0.24,0.24,13.48,100.0,0.0062649496,0.17924972
42900,2075497,0.22,0.22,13.45,100.0,0.006264105399999999,0.17924503
42910,2075987,0.2,0.2,13.54,100.0,0.0062632234,0.17924013
42920,2076486,0.17,0.17,13.85,100.0,0.0062623252,0.17923514000000002
42930,2076942,0.17,0.17,13.71,100.0,0.0062615043999999995,0.17923058
42940,2077429,0.19,0.19,13.87,100.0,0.0062606278,0.17922571
42950,2077884,0.17,0.17,13.87,100.0,0.006259808799999999,0.17922116
42960,2078384,0.19,0.19,13.74,100.0,0.006258908799999999,0.17921616
42970,2078839,0.23,0.23,13.72,100.0,0.0062580898,0.17921161
42980,2079316,0.25,0.25,13.54,100.0,0.0062572311999999995,0.17920684
42990,2079808,0.24,0.24,13.12,100.0,0.006256345599999999,0.17920192000000001
43000,2080294,0.26,0.26,12.88,100.0,0.006255470799999999,0.17919706000000002
43010,2080779,0.24,0.24,12.88,100.0,0.006254597799999999,0.17919221000000002
43020,2081254,0.24,0.24,12.61,100.0,0.0062537428,0.17918746000000002
43030,2081724,0.23,0.23,12.19,100.0,0.006252896799999999,0.17918276
43040,2082224,0.23,0.23,12.08,100.0,0.0062519967999999995,0.17917776000000002
43050,2082708,0.26,0.26,11.99,100.0,0.006251125599999999,0.17917292
43060,2083183,0.25,0.25,12.1,100.0,0.0062502706,0.17916817000000002
43070,2083678,0.19,0.19,12.1,100.0,0.0062493796,0.17916322
43080,2084100,0.17,0.17,12.15,100.0,0.00624862,0.179159
43090,2084589,0.19,0.19,12.15,100.0,0.0062477398,0.17915411
43100,2085078,0.17,0.17,12.12,100.0,0.0062468596,0.17914922
43110,2085578,0.2,0.2,11.86,100.0,0.0062459596,0.17914422000000002
43120,2086061,0.22,0.22,11.72,100.0,0.0062450902,0.17913939
43130,2086545,0.23,0.23,11.51,100.0,0.0062442190000000005,0.17913455
43140,2087045,0.23,0.23,11.34,100.0,0.006243319000000001,0.17912955
43150,2087534,0.21,0.21,11.3,100.0,0.0062424388,0.17912466
43160,2087989,0.21,0.21,11.4,100.0,0.0062416198,0.17912011
43170,2088486,0.24,0.24,11.41,100.0,0.0062407252,0.17911514
43180,2088965,0.24,0.24,11.58,100.0,0.006239863,0.17911035
43190,2089436,0.22,0.22,11.55,100.0,0.0062390152,0.17910564
43200,2089922,0.21,0.21,11.8,100.0,0.0062381404,0.17910078000000001
43210,2090422,0.21,0.21,11.54,100.0,0.0062372404,0.17909578
43220,2090909,0.18,0.18,11.52,100.0,0.0062363638,0.17909091
43230,2091389,0.19,0.19,11.19,100.0,0.0062354998000000005,0.17908611000000002
43240,2091881,0.19,0.19,11.2,100.0,0.0062346142,0.17908119
43250,2092375,0.19,0.19,11.14,100.0,0.006233725,0.17907625
43260,2092850,0.19,0.19,11.12,100.0,0.00623287,0.1790715
43270,2093350,0.17,0.17,11.26,100.0,0.00623197,0.17906650000000002
43280,2093850,0.17,0.17,11.31,100.0,0.00623107,0.1790615
43290,2094350,0.2,0.2,11.13,100.0,0.00623017,0.1790565
43300,2094850,0.2,0.2,11.49,100.0,0.00622927,0.1790515
43310,2095348,0.2,0.2,12.12,100.0,0.0062283736,0.17904652000000001
43320,2095848,0.24,0.24,12.22,100.0,0.0062274736,0.17904152
43330,2096321,0.23,0.23,12.32,100.0,0.0062266222,0.17903679
43340,2096807,0.23,0.23,12.52,100.0,0.0062257474,0.17903193
43350,2097301,0.23,0.23,12.54,100.0,0.0062248582,0.17902699
43360,2097790,0.23,0.23,12.57,100.0,0.006223978,0.17902210000000002
43370,2098272,0.25,0.25,12.83,100.0,0.0062231104,0.17901728
43380,2098770,0.27,0.27,13.06,100.0,0.006222214,0.1790123
43390,2099245,0.22,0.22,13.06,100.0,0.006221358999999999,0.17900755000000002
43400,2099719,0.22,0.22,12.95,100.0,0.0062205058,0.17900281
43410,2100191,0.21,0.21,12.88,100.0,0.0062196562,0.17899809
43420,2100687,0.18,0.18,12.96,100.0,0.0062187634,0.17899313
43430,2101177,0.19,0.19,13.22,100.0,0.0062178814,0.17898823
43440,2101665,0.2,0.2,13.17,100.0,0.006217003,0.17898335
43450,2102148,0.23,0.23,13.08,100.0,0.0062161336,0.17897852
43460,2102604,0.24,0.24,13.16,100.0,0.0062153128,0.17897396000000002
43470,2103068,0.22,0.22,12.97,100.0,0.006214477600000001,0.17896932000000002
43480,2103554,0.21,0.21,13.14,100.0,0.0062136028,0.17896446
43490,2104041,0.21,0.21,13.14,100.0,0.006212726199999999,0.17895959
43500,2104515,0.21,0.21,13.17,100.0,0.006211873,0.17895485
43510,2105014,0.22,0.22,13.33,100.0,0.0062109748,0.17894986000000002
43520,2105506,0.2,0.2,13.33,100.0,0.0062100891999999994,0.17894494
43530,2105994,0.21,0.21,13.72,100.0,0.0062092108,0.17894006
43540,2106483,0.19,0.19,13.74,100.0,0.006208330599999999,0.17893517
43550,2106974,0.17,0.17,13.8,100.0,0.0062074467999999995,0.17893026
43560,2107459,0.15,0.15,13.8,100.0,0.006206573799999999,0.17892541
43570,2107956,0.15,0.15,13.81,100.0,0.0062056792,0.17892044000000001
43580,2108442,0.16,0.16,13.67,100.0,0.0062048044,0.17891558000000002
43590,2108899,0.22,0.22,13.36,100.0,0.006203981799999999,0.17891101
43600,2109399,0.24,0.24,13.83,100.0,0.0062030817999999995,0.17890601
43610,2109894,0.22,0.22,13.81,100.0,0.0062021908,0.17890106
43620,2110363,0.25,0.25,13.91,100.0,0.006201346599999999,0.17889637
43630,2110819,0.22,0.22,14.16,100.0,0.0062005258,0.17889181
43640,2111319,0.22,0.22,14.17,100.0,0.0061996258,0.17888681
43650,2111809,0.25,0.25,13.83,100.0,0.0061987438,0.17888191
43660,2112309,0.26,0.26,13.95,100.0,0.0061978438,0.17887691
43670,2112808,0.28,0.28,13.6,100.0,0.0061969456,0.17887192000000002
43680,2113292,0.26,0.26,13.41,100.0,0.0061960743999999995,0.17886708
43690,2113773,0.2,0.2,13.41,100.0,0.0061952086,0.17886227
43700,2114273,0.19,0.19,13.67,100.0,0.0061943086,0.17885727
43710,2114773,0.21,0.21,14.28,100.0,0.0061934086,0.17885227
43720,2115258,0.2,0.2,14.56,100.0,0.0061925356,0.17884742
43730,2115754,0.21,0.21,14.93,100.0,0.006191642799999999,0.17884246
43740,2116225,0.22,0.22,14.95,100.0,0.006190795,0.17883775000000002
43750,2116708,0.18,0.18,14.84,100.0,0.0061899256,0.17883292
43760,2117187,0.2,0.2,14.77,100.0,0.0061890634,0.17882813
43770,2117674,0.22,0.22,15.58,100.0,0.0061881868,0.17882326
43780,2118157,0.24,0.24,14.78,100.0,0.0061873174,0.17881843
43790,2118657,0.27,0.27,14.94,100.0,0.0061864174,0.17881343
43800,2119151,0.26,0.26,15.11,100.0,0.0061855282,0.17880849000000001
43810,2119635,0.23,0.23,15.11,100.0,0.006184657,0.17880365
43820,2120125,0.25,0.25,14.56,100.0,0.006183775,0.17879875
43830,2120625,0.23,0.23,14.56,100.0,0.006182875,0.17879375
43840,2121113,0.25,0.25,14.15,100.0,0.0061819966,0.17878887
43850,2121613,0.26,0.26,14.18,100.0,0.0061810966,0.17878387
43860,2122102,0.26,0.26,14.5,100.0,0.0061802164,0.17877898
43870,2122580,0.23,0.23,14.72,100.0,0.0061793559999999996,0.1787742
43880,2123070,0.2,0.2,14.72,100.0,0.006178474,0.17876930000000002
43890,2123541,0.18,0.18,14.77,100.0,0.0061776261999999995,0.17876459
43900,2124034,0.18,0.18,14.38,100.0,0.0061767388,0.17875966000000001
43910,2124508,0.2,0.2,14.39,100.0,0.0061758856,0.17875492
43920,2124983,0.17,0.17,14.18,100.0,0.006175030599999999,0.17875017
43930,2125478,0.19,0.19,14.0,100.0,0.0061741396,0.17874522
43940,2125969,0.15,0.15,14.0,100.0,0.006173255799999999,0.17874031
43950,2126469,0.14,0.14,13.96,100.0,0.0061723557999999994,0.17873531
43960,2126962,0.15,0.15,14.15,100.0,0.0061714683999999995,0.17873038
43970,2127462,0.17,0.17,14.01,100.0,0.0061705684,0.17872538
43980,2127946,0.18,0.18,14.02,100.0,0.006169697199999999,0.17872054
43990,2128437,0.17,0.17,14.02,100.0,0.0061688134,0.17871563000000001
44000,2128921,0.22,0.22,14.15,100.0,0.0061679422,0.17871079
44010,2129421,0.21,0.21,13.79,100.0,0.0061670422,0.17870579
44020,2129913,0.23,0.23,13.91,100.0,0.0061661566,0.17870087
44030,2130372,0.22,0.22,13.98,100.0,0.006165330399999999,0.17869628
44040,2130872,0.24,0.24,13.99,100.0,0.0061644303999999995,0.17869128
44050,2131354,0.26,0.26,14.39,100.0,0.0061635627999999994,0.17868646
44060,2131835,0.24,0.24,14.69,100.0,0.006162697,0.17868165
44070,2132317,0.22,0.22,14.49,100.0,0.0061618294,0.17867683
44080,2132793,0.2,0.2,14.49,100.0,0.0061609726,0.17867207000000002
44090,2133293,0.21,0.21,14.52,100.0,0.0061600726,0.17866707
44100,2133777,0.16,0.16,14.36,100.0,0.0061592014,0.17866223
44110,2134249,0.16,0.16,14.39,100.0,0.0061583518,0.17865751000000002
44120,2134739,0.13,0.13,14.39,100.0,0.0061574698,0.17865261
44130,2135221,0.13,0.13,14.44,100.0,0.0061566022,0.17864779
44140,2135721,0.13,0.13,14.26,100.0,0.0061557022,0.17864279
44150,2136218,0.13,0.13,14.05,100.0,0.006154807599999999,0.17863782
44160,2136706,0.13,0.13,14.07,100.0,0.0061539292,0.17863294000000002
44170,2137205,0.13,0.13,13.6,100.0,0.006153031,0.17862795
44180,2137688,0.18,0.18,13.59,100.0,0.006152161599999999,0.17862312
44190,2138184,0.19,0.19,13.69,100.0,0.0061512688,0.17861816
44200,2138681,0.2,0.2,13.6,100.0,0.006150374199999999,0.17861319
44210,2139181,0.2,0.2,13.87,100.0,0.0061494741999999995,0.17860819
44220,2139672,0.22,0.22,13.87,100.0,0.0061485904,0.17860328
44230,2140161,0.24,0.24,13.11,100.0,0.0061477102,0.17859839
44240,2140661,0.23,0.23,13.12,100.0,0.0061468102,0.17859339000000002
44250,2141154,0.21,0.21,12.8,100.0,0.0061459228,0.17858846
44260,2141611,0.21,0.21,12.42,100.0,0.0061451002,0.17858389
44270,2142107,0.2,0.2,12.46,100.0,0.0061442074,0.17857893
44280,2142607,0.17,0.17,12.43,100.0,0.0061433074,0.17857393
44290,2143082,0.15,0.15,12.43,100.0,0.0061424524,0.17856918
44300,2143565,0.14,0.14,12.42,100.0,0.006141582999999999,0.17856435
44310,2144063,0.15,0.15,12.51,100.0,0.0061406866000000004,0.17855937
44320,2144557,0.16,0.16,12.87,100.0,0.0061397974,0.17855443000000001
44330,2145057,0.17,0.17,12.8,100.0,0.0061388974,0.17854943
44340,2145531,0.17,0.17,12.9,100.0,0.0061380442,0.17854469
44350,2146003,0.19,0.19,12.69,100.0,0.0061371946,0.17853997
44360,2146501,0.19,0.19,12.4,100.0,0.006136298199999999,0.17853499
44370,2147001,0.2,0.2,12.27,100.0,0.0061353981999999994,0.17852999
44380,2147498,0.19,0.19,12.39,100.0,0.0061345036000000006,0.17852502
44390,2147998,0.2,0.2,12.4,100.0,0.006133603599999999,0.17852002
44400,2148489,0.19,0.19,12.4,100.0,0.006132719799999999,0.17851511
44410,2148989,0.21,0.21,12.7,100.0,0.0061318197999999996,0.17851011
44420,2149489,0.18,0.18,12.7,100.0,0.0061309198,0.17850511
44430,2149987,0.18,0.18,11.88,100.0,0.0061300234,0.17850013
44440,2150479,0.21,0.21,11.46,100.0,0.0061291378,0.17849521000000002
44450,2150947,0.21,0.21,11.83,100.0,0.0061282954,0.17849053
44460,2151439,0.26,0.26,12.01,100.0,0.0061274098,0.17848561000000002
44470,2151931,0.27,0.27,11.81,100.0,0.0061265242,0.17848069
44480,2152411,0.27,0.27,11.84,100.0,0.0061256602,0.17847589
44490,2152877,0.28,0.28,11.78,100.0,0.006124821399999999,0.17847123
44500,2153368,0.29,0.29,12.06,100.0,0.0061239376,0.17846632
44510,2153865,0.26,0.26,12.27,100.0,0.006123043,0.17846135000000002
44520,2154355,0.3,0.3,12.32,100.0,0.006122160999999999,0.17845645
44530,2154855,0.29,0.29,12.46,100.0,0.006121260999999999,0.17845145
44540,2155339,0.25,0.25,12.46,100.0,0.0061203898,0.17844661
44550,2155807,0.23,0.23,12.46,100.0,0.0061195474,0.17844193
44560,2156290,0.18,0.18,12.14,100.0,0.006118678,0.17843710000000002
44570,2156738,0.15,0.15,12.14,100.0,0.0061178716,0.17843262000000001
44580,2157238,0.14,0.14,12.14,100.0,0.0061169716,0.17842762
44590,2157729,0.15,0.15,12.12,100.0,0.0061160877999999995,0.17842271
44600,2158224,0.17,0.17,11.95,100.0,0.0061151968,0.17841776
44610,2158709,0.18,0.18,11.72,100.0,0.0061143238,0.17841291
44620,2159201,0.16,0.16,11.82,100.0,0.0061134382,0.17840799000000002
44630,2159672,0.15,0.15,12.05,100.0,0.0061125903999999995,0.17840328
44640,2160160,0.16,0.16,12.14,100.0,0.006111712,0.1783984
44650,2160655,0.18,0.18,12.22,100.0,0.006110821,0.17839345
44660,2161155,0.18,0.18,12.59,100.0,0.006109921,0.17838845
44670,2161655,0.19,0.19,12.59,100.0,0.006109020999999999,0.17838345
44680,2162153,0.2,0.2,12.57,100.0,0.0061081246,0.17837847
44690,2162641,0.19,0.19,12.64,100.0,0.006107246199999999,0.17837359
44700,2163126,0.2,0.2,12.89,100.0,0.0061063732,0.17836874
44710,2163607,0.24,0.24,13.09,100.0,0.0061055074,0.17836393
44720,2164105,0.24,0.24,13.14,100.0,0.006104610999999999,0.17835895000000002
44730,2164590,0.23,0.23,12.94,100.0,0.006103737999999999,0.17835410000000002
44740,2165082,0.23,0.23,12.87,100.0,0.006102852399999999,0.17834918
44750,2165582,0.22,0.22,12.76,100.0,0.006101952399999999,0.17834418000000002
44760,2166082,0.21,0.21,12.79,100.0,0.006101052399999999,0.17833918
44770,2166562,0.22,0.22,12.67,100.0,0.0061001884,0.17833438000000001
44780,2167062,0.22,0.22,12.69,100.0,0.0060992884,0.17832938
44790,2167544,0.25,0.25,12.78,100.0,0.0060984208,0.17832456
44800,2168028,0.26,0.26,13.1,100.0,0.0060975496,0.17831972000000001
44810,2168516,0.2,0.2,13.1,100.0,0.0060966712,0.17831484
44820,2169010,0.21,0.21,12.17,100.0,0.006095781999999999,0.1783099
44830,2169493,0.23,0.23,12.17,100.0,0.006094912599999999,0.17830507
44840,2169982,0.24,0.24,12.47,100.0,0.006094032399999999,0.17830018
44850,2170457,0.25,0.25,12.55,100.0,0.006093177399999999,0.17829543
44860,2170942,0.3,0.3,12.56,100.0,0.0060923044,0.17829058
44870,2171429,0.29,0.29,12.56,100.0,0.006091427799999999,0.17828571000000001
44880,2171912,0.32,0.32,12.39,100.0,0.0060905583999999995,0.17828088
44890,2172397,0.3,0.3,12.58,100.0,0.006089685399999999,0.17827603
44900,2172880,0.28,0.28,13.0,100.0,0.0060888159999999995,0.17827120000000002
44910,2173348,0.29,0.29,13.05,100.0,0.0060879736,0.17826652
44920,2173835,0.27,0.27,13.13,100.0,0.006087097,0.17826165
44930,2174329,0.25,0.25,12.72,100.0,0.006086207799999999,0.17825671
44940,2174829,0.26,0.26,12.44,100.0,0.006085307799999999,0.17825171
44950,2175304,0.25,0.25,12.42,100.0,0.006084452799999999,0.17824696
44960,2175790,0.23,0.23,13.2,100.0,0.006083578,0.17824210000000001
44970,2176282,0.25,0.25,13.36,100.0,0.0060826924,0.17823718
44980,2176768,0.21,0.21,13.36,100.0,0.0060818176,0.17823232
44990,2177231,0.25,0.25,12.4,100.0,0.006080984199999999,0.17822769
45000,2177718,0.23,0.23,12.38,100.0,0.0060801076,0.17822282
45010,2178206,0.24,0.24,12.2,100.0,0.006079229199999999,0.17821794000000002
45020,2178706,0.26,0.26,12.16,100.0,0.0060783292,0.17821294000000001
45030,2179188,0.29,0.29,11.91,100.0,0.0060774615999999995,0.17820812
45040,2179672,0.27,0.27,12.3,100.0,0.0060765904,0.17820328000000002
45050,2180172,0.25,0.25,12.3,100.0,0.0060756904,0.17819828000000001
45060,2180672,0.23,0.23,12.19,100.0,0.0060747904,0.17819328
45070,2181172,0.21,0.21,12.08,100.0,0.0060738903999999995,0.17818828
45080,2181658,0.25,0.25,11.93,100.0,0.0060730155999999995,0.17818342
45090,2182144,0.21,0.21,11.93,100.0,0.0060721408,0.17817856
45100,2182624,0.21,0.21,11.82,100.0,0.0060712768,0.17817376000000001
45110,2183075,0.19,0.19,11.82,100.0,0.006070465,0.17816925
45120,2183565,0.18,0.18,11.99,100.0,0.006069583,0.17816435
45130,2184043,0.15,0.15,11.57,100.0,0.0060687226,0.17815957
45140,2184502,0.15,0.15,11.66,100.0,0.0060678964,0.17815498000000002
45150,2184976,0.16,0.16,11.67,100.0,0.0060670432,0.17815024000000002
45160,2185448,0.16,0.16,11.56,100.0,0.0060661935999999994,0.17814552
45170,2185935,0.15,0.15,11.56,100.0,0.006065317,0.17814065
45180,2186430,0.13,0.13,11.46,100.0,0.0060644259999999995,0.1781357
45190,2186920,0.12,0.12,11.47,100.0,0.006063544,0.1781308
45200,2187409,0.12,0.12,11.48,100.0,0.0060626638,0.17812591
45210,2187880,0.15,0.15,11.58,100.0,0.006061815999999999,0.1781212
45220,2188378,0.15,0.15,11.54,100.0,0.0060609196,0.17811622
45230,2188858,0.17,0.17,11.42,100.0,0.0060600556,0.17811142
45240,2189357,0.18,0.18,11.74,100.0,0.006059157399999999,0.17810643
45250,2189829,0.19,0.19,11.78,100.0,0.0060583078,0.17810171
45260,2190323,0.2,0.2,11.88,100.0,0.0060574185999999995,0.17809677000000002
45270,2190818,0.2,0.2,11.88,100.0,0.0060565276,0.17809182
45280,2191305,0.19,0.19,12.03,100.0,0.006055651,0.17808695
45290,2191794,0.23,0.23,12.17,100.0,0.0060547707999999995,0.17808206000000001
45300,2192281,0.24,0.24,11.97,100.0,0.0060538942,0.17807719
45310,2192747,0.22,0.22,11.97,100.0,0.0060530554,0.17807253
45320,2193231,0.21,0.21,11.99,100.0,0.0060521842,0.17806769
45330,2193705,0.2,0.2,12.07,100.0,0.006051331,0.17806295
45340,2194194,0.22,0.22,11.72,100.0,0.0060504508,0.17805806000000002
45350,2194694,0.23,0.23,11.77,100.0,0.006049550799999999,0.17805306
45360,2195173,0.22,0.22,11.73,100.0,0.0060486886,0.17804827
45370,2195636,0.24,0.24,11.69,100.0,0.0060478552,0.17804364
45380,2196126,0.26,0.26,12.11,100.0,0.0060469732,0.17803874
45390,2196588,0.22,0.22,12.12,100.0,0.0060461416,0.17803412000000002
45400,2197085,0.22,0.22,12.07,100.0,0.006045247,0.17802915
45410,2197555,0.22,0.22,11.92,100.0,0.006044401,0.17802445
45420,2198050,0.22,0.22,11.78,100.0,0.006043509999999999,0.1780195
45430,2198517,0.2,0.2,11.78,100.0,0.0060426694,0.17801483
45440,2198985,0.2,0.2,11.93,100.0,0.006041827,0.17801015
45450,2199456,0.2,0.2,12.64,100.0,0.0060409792,0.17800544000000001
45460,2199940,0.2,0.2,12.72,100.0,0.006040108,0.1780006
45470,2200423,0.21,0.21,12.13,100.0,0.0060392386,0.17799577
45480,2200892,0.19,0.19,12.09,100.0,0.006038394399999999,0.17799108
45490,2201392,0.2,0.2,12.1,100.0,0.006037494399999999,0.17798608
45500,2201840,0.2,0.2,12.34,100.0,0.006036688,0.17798160000000002
45510,2202325,0.22,0.22,12.88,100.0,0.006035815,0.17797675000000002
45520,2202807,0.24,0.24,13.1,100.0,0.0060349474,0.17797193
45530,2203246,0.27,0.27,13.61,100.0,0.006034157199999999,0.17796754
45540,2203740,0.24,0.24,13.57,100.0,0.006033268,0.1779626
45550,2204234,0.22,0.22,13.62,100.0,0.0060323788,0.17795766000000002
45560,2204690,0.22,0.22,13.58,100.0,0.006031557999999999,0.1779531
45570,2205143,0.21,0.21,13.72,100.0,0.0060307426,0.17794857
45580,2205625,0.23,0.23,13.73,100.0,0.006029875,0.17794375
45590,2206100,0.22,0.22,13.75,100.0,0.0060290199999999995,0.177939
45600,2206598,0.27,0.27,13.9,100.0,0.0060281236,0.17793402
45610,2207076,0.24,0.24,13.9,100.0,0.0060272632,0.17792924
45620,2207576,0.25,0.25,14.06,100.0,0.0060263632,0.17792424
45630,2208076,0.24,0.24,14.11,100.0,0.0060254632,0.17791924
45640,2208553,0.26,0.26,13.87,100.0,0.0060246046,0.17791447
45650,2209013,0.26,0.26,13.94,100.0,0.0060237766,0.17790987
45660,2209508,0.26,0.26,14.23,100.0,0.0060228856,0.17790492
45670,2209989,0.27,0.27,14.07,100.0,0.006022019799999999,0.17790011
45680,2210450,0.25,0.25,14.43,100.0,0.00602119,0.1778955
45690,2210935,0.24,0.24,14.24,100.0,0.006020317,0.17789065
45700,2211435,0.24,0.24,14.14,100.0,0.006019417,0.17788565
45710,2211922,0.27,0.27,14.46,100.0,0.0060185403999999994,0.17788078000000002
45720,2212412,0.27,0.27,13.95,100.0,0.0060176584,0.17787588000000001
45730,2212888,0.28,0.28,13.72,100.0,0.0060168016,0.17787112
45740,2213376,0.28,0.28,13.93,100.0,0.0060159231999999995,0.17786624
45750,2213861,0.27,0.27,13.93,100.0,0.006015050199999999,0.17786139
45760,2214327,0.26,0.26,13.92,100.0,0.0060142113999999995,0.17785673
45770,2214817,0.27,0.27,14.22,100.0,0.0060133294,0.17785183
45780,2215289,0.29,0.29,14.43,100.0,0.0060124798,0.17784711
45790,2215763,0.32,0.32,14.65,100.0,0.006011626599999999,0.17784237
45800,2216230,0.26,0.26,14.76,100.0,0.006010786,0.17783770000000002
45810,2216699,0.24,0.24,15.12,100.0,0.0060099418,0.17783301
45820,2217188,0.21,0.21,15.05,100.0,0.0060090616,0.17782812
45830,2217684,0.21,0.21,14.54,100.0,0.0060081688,0.17782316
45840,2218180,0.2,0.2,14.95,100.0,0.006007276,0.1778182
45850,2218657,0.21,0.21,14.97,100.0,0.0060064174,0.17781343
45860,2219142,0.21,0.21,15.02,100.0,0.0060055444,0.17780858
45870,2219628,0.19,0.19,14.76,100.0,0.0060046696,0.17780372
45880,2220088,0.18,0.18,14.83,100.0,0.0060038415999999995,0.17779912
45890,2220567,0.15,0.15,14.83,100.0,0.0060029794,0.17779433
45900,2221046,0.18,0.18,14.0,100.0,0.0060021172,0.17778954
45910,2221509,0.17,0.17,14.0,100.0,0.0060012838,0.17778491
45920,2221998,0.18,0.18,13.96,100.0,0.0060004036,0.17778002
45930,2222498,0.21,0.21,14.11,100.0,0.0059995036,0.17777502
45940,2222973,0.22,0.22,14.21,100.0,0.0059986486,0.17777027
45950,2223445,0.22,0.22,14.65,100.0,0.005997799,0.17776555
45960,2223924,0.22,0.22,14.45,100.0,0.0059969368,0.17776076000000002
45970,2224417,0.23,0.23,14.32,100.0,0.0059960494,0.17775583
45980,2224916,0.23,0.23,14.35,100.0,0.0059951512,0.17775084
45990,2225390,0.22,0.22,14.35,100.0,0.005994298,0.17774610000000002
46000,2225875,0.19,0.19,14.27,100.0,0.005993425,0.17774125000000002
46010,2226356,0.19,0.19,14.27,100.0,0.0059925592,0.17773644
46020,2226846,0.18,0.18,14.16,100.0,0.005991677199999999,0.17773154
46030,2227342,0.14,0.14,13.74,100.0,0.0059907844,0.17772658
46040,2227794,0.11,0.11,13.74,100.0,0.0059899708,0.17772206000000002
46050,2228278,0.1,0.1,13.74,100.0,0.0059890996,0.17771722
46060,2228753,0.09,0.09,13.74,100.0,0.0059882445999999995,0.17771247
46070,2229253,0.08,0.08,13.79,100.0,0.0059873446,0.17770747
46080,2229686,0.08,0.08,14.27,100.0,0.0059865652,0.17770314
46090,2230182,0.11,0.11,13.79,100.0,0.005985672399999999,0.17769818
46100,2230675,0.13,0.13,14.45,100.0,0.005984784999999999,0.17769325
46110,2231157,0.14,0.14,14.56,100.0,0.005983917399999999,0.17768843
46120,2231606,0.13,0.13,14.56,100.0,0.0059831091999999995,0.17768394
46130,2232097,0.13,0.13,14.21,100.0,0.005982225399999999,0.17767903000000002
46140,2232565,0.16,0.16,14.7,100.0,0.005981383,0.17767435
46150,2233034,0.16,0.16,14.7,100.0,0.0059805388,0.17766966
46160,2233534,0.18,0.18,14.38,100.0,0.005979638799999999,0.17766466
46170,2234019,0.19,0.19,14.35,100.0,0.0059787658,0.17765981
46180,2234503,0.2,0.2,14.13,100.0,0.0059778946,0.17765497
46190,2234993,0.19,0.19,14.19,100.0,0.0059770126,0.17765007
46200,2235481,0.19,0.19,14.31,100.0,0.005976134199999999,0.17764519
46210,2235971,0.19,0.19,13.91,100.0,0.0059752521999999995,0.17764029
46220,2236465,0.2,0.2,13.91,100.0,0.005974363,0.17763535
46230,2236961,0.19,0.19,13.88,100.0,0.0059734702,0.17763039
46240,2237461,0.18,0.18,13.57,100.0,0.0059725702,0.17762539
46250,2237935,0.21,0.21,13.54,100.0,0.005971717,0.17762065
46260,2238433,0.21,0.21,13.65,100.0,0.0059708206,0.17761567
46270,2238933,0.2,0.2,13.4,100.0,0.0059699206,0.17761067
46280,2239417,0.19,0.19,14.03,100.0,0.0059690494,0.17760583
46290,2239906,0.22,0.22,14.13,100.0,0.0059681692,0.17760094
46300,2240398,0.22,0.22,13.94,100.0,0.0059672836,0.17759602
46310,2240875,0.24,0.24,14.06,100.0,0.005966425,0.17759125
46320,2241375,0.24,0.24,14.0,100.0,0.005965525,0.17758625
46330,2241860,0.23,0.23,14.0,100.0,0.005964652,0.1775814
46340,2242336,0.22,0.22,13.83,100.0,0.005963795199999999,0.17757664
46350,2242808,0.25,0.25,13.03,100.0,0.0059629456,0.17757192
46360,2243308,0.24,0.24,13.02,100.0,0.0059620456,0.17756692000000002
46370,2243800,0.22,0.22,13.02,100.0,0.00596116,0.177562
46380,2244252,0.24,0.24,12.74,100.0,0.0059603464,0.17755748
46390,2244728,0.22,0.22,12.85,100.0,0.0059594895999999994,0.17755272
46400,2245217,0.2,0.2,12.52,100.0,0.0059586094,0.17754783000000002
46410,2245700,0.21,0.21,12.88,100.0,0.0059577399999999996,0.177543
46420,2246183,0.23,0.23,13.34,100.0,0.0059568706,0.17753817
46430,2246673,0.24,0.24,13.44,100.0,0.0059559886,0.17753327
46440,2247148,0.25,0.25,13.77,100.0,0.0059551336,0.17752852
46450,2247635,0.22,0.22,13.83,100.0,0.005954256999999999,0.17752365
46460,2248119,0.23,0.23,14.61,100.0,0.0059533858,0.17751881
46470,2248605,0.24,0.24,14.54,100.0,0.005952511,0.17751395
46480,2249105,0.23,0.23,14.68,100.0,0.005951611,0.17750895
46490,2249586,0.21,0.21,14.82,100.0,0.0059507451999999995,0.17750414
46500,2250078,0.24,0.24,14.59,100.0,0.005949859599999999,0.17749922
46510,2250572,0.21,0.21,14.54,100.0,0.0059489704,0.17749428
46520,2251057,0.18,0.18,14.54,100.0,0.0059480973999999995,0.17748943
46530,2251527,0.19,0.19,14.6,100.0,0.0059472514,0.17748473
46540,2252025,0.18,0.18,14.38,100.0,0.0059463549999999995,0.17747975
46550,2252497,0.16,0.16,14.21,100.0,0.0059455053999999995,0.17747503
46560,2252992,0.17,0.17,14.27,100.0,0.005944614399999999,0.17747008
46570,2253440,0.18,0.18,14.07,100.0,0.005943808,0.1774656
46580,2253930,0.2,0.2,13.61,100.0,0.005942925999999999,0.1774607
46590,2254395,0.21,0.21,13.89,100.0,0.005942089,0.17745605
46600,2254888,0.19,0.19,13.87,100.0,0.0059412016,0.17745112000000002
46610,2255381,0.2,0.2,13.76,100.0,0.0059403141999999996,0.17744619
46620,2255873,0.2,0.2,13.76,100.0,0.0059394286,0.17744127
46630,2256360,0.22,0.22,13.29,100.0,0.005938552,0.1774364
46640,2256811,0.25,0.25,13.33,100.0,0.0059377402,0.17743189
46650,2257300,0.25,0.25,13.32,100.0,0.00593686,0.177427
46660,2257798,0.24,0.24,13.76,100.0,0.0059359636,0.17742202
46670,2258298,0.23,0.23,13.8,100.0,0.0059350636,0.17741702
46680,2258778,0.22,0.22,13.91,100.0,0.0059341996,0.17741222
46690,2259261,0.22,0.22,13.92,100.0,0.0059333302,0.17740739
46700,2259743,0.22,0.22,14.17,100.0,0.0059324626,0.17740257
46710,2260219,0.23,0.23,14.59,100.0,0.0059316058,0.17739781
46720,2260702,0.26,0.26,15.4,100.0,0.0059307364,0.17739298
46730,2261171,0.24,0.24,15.24,100.0,0.0059298922,0.17738829
46740,2261640,0.24,0.24,14.84,100.0,0.005929047999999999,0.1773836
46750,2262116,0.26,0.26,15.21,100.0,0.005928191199999999,0.17737884
46760,2262582,0.24,0.24,15.21,100.0,0.0059273524,0.17737418
46770,2263082,0.24,0.24,15.24,100.0,0.0059264524,0.17736918000000002
46780,2263543,0.22,0.22,15.4,100.0,0.0059256225999999995,0.17736457
46790,2264012,0.22,0.22,15.69,100.0,0.0059247784,0.17735988
46800,2264496,0.2,0.2,15.69,100.0,0.0059239072,0.17735504
46810,2264963,0.22,0.22,15.33,100.0,0.0059230666,0.17735037
46820,2265447,0.22,0.22,15.37,100.0,0.0059221954,0.17734553
46830,2265942,0.2,0.2,15.37,100.0,0.0059213044,0.17734058
46840,2266436,0.17,0.17,15.34,100.0,0.0059204152,0.17733564000000002
46850,2266918,0.14,0.14,15.34,100.0,0.0059195476,0.17733082
46860,2267394,0.15,0.15,15.34,100.0,0.005918690799999999,0.17732606
46870,2267862,0.16,0.16,15.45,100.0,0.0059178484,0.17732138
46880,2268322,0.17,0.17,16.11,100.0,0.0059170203999999995,0.17731678
46890,2268822,0.15,0.15,16.11,100.0,0.0059161204,0.17731178
46900,2269322,0.17,0.17,16.29,100.0,0.0059152204,0.17730678
46910,2269809,0.14,0.14,16.24,100.0,0.005914343799999999,0.17730191
46920,2270304,0.13,0.13,16.7,100.0,0.0059134528,0.17729696
46930,2270798,0.14,0.14,16.62,100.0,0.005912563599999999,0.17729202
46940,2271298,0.14,0.14,16.59,100.0,0.0059116635999999995,0.17728702000000002
46950,2271787,0.16,0.16,16.83,100.0,0.0059107833999999995,0.17728213
46960,2272275,0.17,0.17,16.33,100.0,0.005909905,0.17727725
46970,2272767,0.15,0.15,16.33,100.0,0.0059090194,0.17727233
46980,2273267,0.13,0.13,16.27,100.0,0.0059081194,0.17726733
46990,2273746,0.14,0.14,16.41,100.0,0.005907257199999999,0.17726254
47000,2274241,0.14,0.14,16.42,100.0,0.0059063662,0.17725759
47010,2274738,0.14,0.14,16.03,100.0,0.0059054716,0.17725262
47020,2275234,0.16,0.16,16.19,100.0,0.0059045788,0.17724766
47030,2275727,0.18,0.18,15.49,100.0,0.0059036914,0.17724273000000001
47040,2276182,0.19,0.19,15.21,100.0,0.0059028724,0.17723818
47050,2276637,0.18,0.18,15.08,100.0,0.0059020534,0.17723363
47060,2277101,0.16,0.16,15.08,100.0,0.0059012182,0.17722899
47070,2277592,0.18,0.18,14.63,100.0,0.005900334399999999,0.17722408
47080,2278078,0.18,0.18,14.67,100.0,0.0058994595999999995,0.17721922
47090,2278578,0.18,0.18,14.67,100.0,0.0058985596,0.17721422
47100,2279053,0.18,0.18,14.72,100.0,0.0058977045999999995,0.17720947
47110,2279535,0.18,0.18,14.78,100.0,0.005896836999999999,0.17720465
47120,2280015,0.15,0.15,14.8,100.0,0.005895973,0.17719985
47130,2280497,0.15,0.15,14.77,100.0,0.0058951054,0.17719503
47140,2280997,0.16,0.16,14.9,100.0,0.0058942054,0.17719003
47150,2281481,0.16,0.16,14.84,100.0,0.0058933342,0.17718519
47160,2281967,0.19,0.19,14.4,100.0,0.005892459399999999,0.17718033
47170,2282451,0.17,0.17,14.4,100.0,0.0058915882,0.17717549
47180,2282933,0.17,0.17,14.19,100.0,0.0058907206,0.17717067
47190,2283383,0.19,0.19,13.91,100.0,0.0058899106,0.17716617
47200,2283875,0.18,0.18,13.9,100.0,0.005889025,0.17716125
47210,2284319,0.19,0.19,13.86,100.0,0.0058882258,0.17715681
47220,2284793,0.2,0.2,13.82,100.0,0.005887372599999999,0.17715207
47230,2285287,0.18,0.18,13.84,100.0,0.0058864834,0.17714713
47240,2285768,0.16,0.16,13.88,100.0,0.0058856175999999994,0.17714232
47250,2286256,0.16,0.16,13.9,100.0,0.005884739199999999,0.17713744
47260,2286725,0.17,0.17,14.17,100.0,0.005883895,0.17713275
47270,2287194,0.19,0.19,14.53,100.0,0.0058830508,0.17712806
47280,2287694,0.22,0.22,14.66,100.0,0.0058821507999999995,0.17712306
47290,2288132,0.2,0.2,14.42,100.0,0.0058813623999999995,0.17711868
47300,2288627,0.22,0.22,14.34,100.0,0.0058804714,0.17711373
47310,2289114,0.22,0.22,13.37,100.0,0.0058795947999999995,0.17710886
47320,2289606,0.21,0.21,13.2,100.0,0.0058787092,0.17710394000000002
47330,2290082,0.21,0.21,13.25,100.0,0.0058778523999999995,0.17709918
47340,2290581,0.22,0.22,13.24,100.0,0.0058769542,0.17709419
47350,2291081,0.24,0.24,13.45,100.0,0.0058760541999999995,0.17708919
47360,2291581,0.24,0.24,13.0,100.0,0.0058751542,0.17708419
47370,2292076,0.22,0.22,13.0,100.0,0.005874263199999999,0.17707924
47380,2292558,0.19,0.19,12.77,100.0,0.005873395599999999,0.17707442
47390,2293028,0.19,0.19,12.68,100.0,0.0058725496,0.17706972
47400,2293510,0.18,0.18,12.87,100.0,0.005871682,0.1770649
47410,2293984,0.15,0.15,12.87,100.0,0.0058708288,0.17706016
47420,2294468,0.15,0.15,12.92,100.0,0.0058699576,0.17705532000000002
47430,2294950,0.15,0.15,12.93,100.0,0.0058690899999999996,0.1770505
47440,2295435,0.15,0.15,12.86,100.0,0.005868216999999999,0.17704565
47450,2295915,0.13,0.13,12.97,100.0,0.005867353,0.17704085
47460,2296415,0.12,0.12,13.03,100.0,0.005866453,0.17703585
47470,2296915,0.15,0.15,12.65,100.0,0.005865553,0.17703085000000002
47480,2297412,0.16,0.16,12.47,100.0,0.005864658399999999,0.17702588
47490,2297899,0.17,0.17,12.05,100.0,0.0058637818,0.17702101
47500,2298399,0.18,0.18,12.05,100.0,0.0058628818,0.17701601
47510,2298885,0.19,0.19,11.86,100.0,0.005862007,0.17701115
47520,2299367,0.22,0.22,11.82,100.0,0.0058611394,0.17700633
47530,2299824,0.21,0.21,11.82,100.0,0.005860316799999999,0.17700176
47540,2300324,0.21,0.21,11.43,100.0,0.0058594167999999995,0.17699676
47550,2300798,0.21,0.21,11.37,100.0,0.0058585636,0.17699202
47560,2301286,0.2,0.2,11.52,100.0,0.0058576852,0.17698714000000002
47570,2301786,0.2,0.2,11.28,100.0,0.0058567852,0.17698214
47580,2302263,0.21,0.21,11.69,100.0,0.0058559266,0.17697737
47590,2302753,0.2,0.2,11.65,100.0,0.0058550445999999996,0.17697247
47600,2303236,0.2,0.2,11.9,100.0,0.0058541752,0.17696764
47610,2303659,0.19,0.19,11.9,100.0,0.005853413799999999,0.17696341
47620,2304159,0.17,0.17,12.09,100.0,0.0058525137999999996,0.17695841
47630,2304659,0.2,0.2,12.4,100.0,0.0058516138,0.17695341
47640,2305146,0.19,0.19,12.36,100.0,0.0058507372,0.17694854000000002
47650,2305634,0.19,0.19,12.34,100.0,0.0058498588,0.17694366
47660,2306115,0.2,0.2,12.76,100.0,0.005848992999999999,0.17693885
47670,2306574,0.18,0.18,12.73,100.0,0.0058481667999999995,0.17693426
47680,2307057,0.17,0.17,12.87,100.0,0.0058472974,0.17692943
47690,2307557,0.19,0.19,12.97,100.0,0.0058463974,0.17692443
47700,2308057,0.2,0.2,13.02,100.0,0.0058454974,0.17691943
47710,2308552,0.21,0.21,13.0,100.0,0.0058446064,0.17691448
47720,2309025,0.21,0.21,12.92,100.0,0.005843755,0.17690975
47730,2309497,0.2,0.2,12.95,100.0,0.0058429054,0.17690503
47740,2309981,0.24,0.24,13.04,100.0,0.0058420341999999995,0.17690019
47750,2310481,0.25,0.25,12.95,100.0,0.0058411342,0.17689519
47760,2310981,0.22,0.22,12.95,100.0,0.0058402342,0.17689019
47770,2311470,0.24,0.24,12.74,100.0,0.005839354,0.1768853
47780,2311953,0.24,0.24,12.44,100.0,0.0058384846,0.17688047
47790,2312453,0.23,0.23,12.48,100.0,0.0058375846,0.17687547
47800,2312935,0.19,0.19,12.48,100.0,0.005836716999999999,0.17687065
47810,2313410,0.22,0.22,11.97,100.0,0.005835862,0.1768659
47820,2313901,0.23,0.23,12.56,100.0,0.0058349782,0.17686099
47830,2314355,0.23,0.23,12.56,100.0,0.005834161,0.17685645
47840,2314796,0.19,0.19,12.56,100.0,0.0058333672,0.17685204
47850,2315295,0.19,0.19,12.95,100.0,0.005832469,0.17684705
47860,2315794,0.24,0.24,12.84,100.0,0.0058315708,0.17684206
47870,2316286,0.23,0.23,13.14,100.0,0.0058306852,0.17683714
47880,2316763,0.24,0.24,12.78,100.0,0.0058298266,0.17683237000000002
47890,2317245,0.22,0.22,12.78,100.0,0.005828959,0.17682755
47900,2317745,0.24,0.24,13.14,100.0,0.005828059,0.17682255
47910,2318225,0.22,0.22,12.99,100.0,0.005827195,0.17681775
47920,2318725,0.21,0.21,12.86,100.0,0.0058262949999999996,0.17681275
47930,2319205,0.22,0.22,13.05,100.0,0.005825431,0.17680795
47940,2319705,0.23,0.23,13.31,100.0,0.005824531,0.17680295000000001
47950,2320205,0.22,0.22,13.55,100.0,0.005823631,0.17679795
47960,2320705,0.2,0.2,13.95,100.0,0.005822730999999999,0.17679295
47970,2321190,0.2,0.2,13.96,100.0,0.005821858,0.1767881
47980,2321665,0.2,0.2,14.2,100.0,0.005821003,0.17678335
47990,2322152,0.21,0.21,14.16,100.0,0.005820126399999999,0.17677848000000002
48000,2322652,0.19,0.19,14.16,100.0,0.0058192263999999995,0.17677348
48010,2323149,0.17,0.17,14.16,100.0,0.0058183318,0.17676851
48020,2323649,0.17,0.17,14.11,100.0,0.005817431799999999,0.17676351
48030,2324134,0.17,0.17,14.21,100.0,0.0058165588,0.17675866
48040,2324625,0.15,0.15,14.21,100.0,0.005815675,0.17675375000000002
48050,2325122,0.16,0.16,14.65,100.0,0.0058147803999999996,0.17674878
48060,2325622,0.14,0.14,14.84,100.0,0.0058138804,0.17674378000000002
48070,2326106,0.12,0.12,14.84,100.0,0.0058130092,0.17673894
48080,2326603,0.12,0.12,14.82,100.0,0.0058121146,0.17673397000000002
48090,2327091,0.14,0.14,14.79,100.0,0.0058112362,0.17672909
48100,2327572,0.15,0.15,14.77,100.0,0.0058103704,0.17672428
48110,2328072,0.15,0.15,14.77,100.0,0.0058094704,0.17671928
48120,2328562,0.14,0.14,14.87,100.0,0.005808588399999999,0.17671438
48130,2329053,0.14,0.14,15.41,100.0,0.0058077046,0.17670947
48140,2329553,0.17,0.17,14.92,100.0,0.0058068046,0.17670447
48150,2330053,0.18,0.18,14.64,100.0,0.0058059046,0.17669947
48160,2330520,0.2,0.2,14.18,100.0,0.0058050639999999995,0.1766948
48170,2331011,0.2,0.2,14.18,100.0,0.0058041802,0.17668989000000002
48180,2331504,0.18,0.18,14.62,100.0,0.005803292799999999,0.17668496
48190,2331958,0.15,0.15,14.62,100.0,0.0058024756,0.17668042
48200,2332438,0.15,0.15,14.61,100.0,0.0058016116,0.17667562
48210,2332938,0.16,0.16,14.74,100.0,0.005800711599999999,0.17667062
48220,2333438,0.16,0.16,14.78,100.0,0.0057998115999999995,0.17666562
48230,2333925,0.15,0.15,14.66,100.0,0.005798935,0.17666075
48240,2334425,0.14,0.14,14.78,100.0,0.005798035,0.17665575
48250,2334908,0.13,0.13,14.65,100.0,0.0057971656,0.17665092
48260,2335379,0.1,0.1,14.65,100.0,0.0057963178,0.17664621
48270,2335879,0.12,0.12,14.61,100.0,0.0057954178,0.17664121
48280,2336371,0.11,0.11,14.61,100.0,0.0057945322,0.17663629
48290,2336855,0.12,0.12,14.84,100.0,0.005793661,0.17663145
48300,2337317,0.12,0.12,14.79,100.0,0.0057928294,0.17662683
48310,2337805,0.14,0.14,14.79,100.0,0.005791951,0.17662195
48320,2338283,0.15,0.15,15.33,100.0,0.0057910906,0.17661717
48330,2338761,0.14,0.14,15.21,100.0,0.0057902302,0.17661239
48340,2339261,0.15,0.15,15.66,100.0,0.0057893302,0.17660739
48350,2339743,0.14,0.14,15.45,100.0,0.0057884626,0.17660257000000001
48360,2340221,0.16,0.16,15.54,100.0,0.005787602199999999,0.17659779
48370,2340704,0.16,0.16,15.35,100.0,0.0057867327999999996,0.17659296
48380,2341184,0.18,0.18,15.43,100.0,0.0057858688,0.17658816
48390,2341682,0.17,0.17,15.43,100.0,0.0057849723999999995,0.17658318
48400,2342151,0.16,0.16,15.43,100.0,0.0057841281999999996,0.17657849
48410,2342640,0.14,0.14,15.47,100.0,0.0057832479999999995,0.1765736
48420,2343121,0.14,0.14,15.49,100.0,0.0057823822,0.17656879
48430,2343603,0.13,0.13,15.49,100.0,0.0057815146,0.17656397000000001
48440,2344089,0.11,0.11,15.5,100.0,0.0057806398,0.17655911
48450,2344584,0.13,0.13,15.31,100.0,0.0057797488,0.17655416000000002
48460,2345062,0.13,0.13,14.94,100.0,0.0057788883999999995,0.17654938
48470,2345544,0.13,0.13,14.98,100.0,0.0057780207999999994,0.17654456000000002
48480,2346007,0.13,0.13,14.93,100.0,0.0057771874,0.17653993
48490,2346507,0.14,0.14,14.67,100.0,0.0057762874,0.17653493
48500,2347007,0.16,0.16,14.63,100.0,0.005775387399999999,0.17652993
48510,2347488,0.18,0.18,14.99,100.0,0.0057745216,0.17652512
48520,2347978,0.16,0.16,14.99,100.0,0.0057736396,0.17652022
48530,2348478,0.19,0.19,14.62,100.0,0.0057727396,0.17651522
48540,2348959,0.2,0.2,14.61,100.0,0.0057718738,0.17651041
48550,2349437,0.22,0.22,14.44,100.0,0.0057710133999999995,0.17650563
48560,2349932,0.23,0.23,14.66,100.0,0.005770122399999999,0.17650068
48570,2350432,0.22,0.22,14.57,100.0,0.005769222399999999,0.17649568
48580,2350896,0.24,0.24,13.92,100.0,0.0057683872,0.17649104
48590,2351396,0.25,0.25,13.73,100.0,0.0057674872,0.17648604
48600,2351884,0.24,0.24,14.13,100.0,0.0057666088,0.17648116
48610,2352384,0.22,0.22,14.26,100.0,0.0057657088,0.17647616
48620,2352863,0.23,0.23,14.1,100.0,0.0057648466,0.17647137000000002
48630,2353355,0.2,0.2,14.1,100.0,0.005763961,0.17646645
48640,2353855,0.22,0.22,14.16,100.0,0.005763061,0.17646145
48650,2354354,0.19,0.19,14.1,100.0,0.0057621628,0.17645646
48660,2354854,0.17,0.17,14.24,100.0,0.0057612628,0.17645146
48670,2355337,0.19,0.19,13.78,100.0,0.005760393399999999,0.17644663
48680,2355806,0.15,0.15,13.78,100.0,0.005759549199999999,0.17644194
48690,2356302,0.15,0.15,13.54,100.0,0.005758656399999999,0.17643698
48700,2356772,0.16,0.16,13.61,100.0,0.0057578104,0.17643228
48710,2357265,0.18,0.18,13.62,100.0,0.005756923,0.17642735
48720,2357744,0.19,0.19,13.78,100.0,0.0057560608,0.17642256
48730,2358230,0.22,0.22,13.65,100.0,0.005755186,0.1764177
48740,2358708,0.2,0.2,13.7,100.0,0.0057543256,0.17641292
48750,2359200,0.2,0.2,13.92,100.0,0.00575344,0.176408
48760,2359674,0.19,0.19,13.92,100.0,0.0057525868,0.17640326
48770,2360174,0.17,0.17,13.91,100.0,0.0057516868,0.17639826
48780,2360646,0.21,0.21,14.29,100.0,0.005750837199999999,0.17639354000000002
48790,2361102,0.21,0.21,14.29,100.0,0.005750016399999999,0.17638898
48800,2361579,0.21,0.21,14.08,100.0,0.0057491578,0.17638421
48810,2362069,0.19,0.19,13.85,100.0,0.0057482758,0.17637931
48820,2362543,0.18,0.18,13.93,100.0,0.0057474226,0.17637457
48830,2363020,0.15,0.15,13.93,100.0,0.005746563999999999,0.1763698
48840,2363520,0.13,0.13,13.93,100.0,0.005745663999999999,0.1763648
48850,2364001,0.12,0.12,14.06,100.0,0.0057447982,0.17635999
48860,2364487,0.13,0.13,14.08,100.0,0.0057439234,0.17635513
48870,2364952,0.12,0.12,14.08,100.0,0.0057430864,0.17635048
48880,2365436,0.08,0.08,14.08,100.0,0.0057422152,0.17634564
48890,2365910,0.11,0.11,13.7,100.0,0.005741362,0.1763409
48900,2366410,0.13,0.13,13.64,100.0,0.005740462,0.1763359
48910,2366868,0.15,0.15,13.96,100.0,0.0057396376,0.17633132
48920,2367366,0.15,0.15,14.04,100.0,0.0057387411999999995,0.17632634
48930,2367855,0.17,0.17,13.7,100.0,0.0057378609999999995,0.17632145
48940,2368340,0.22,0.22,13.35,100.0,0.005736988,0.1763166
48950,2368840,0.24,0.24,13.33,100.0,0.005736087999999999,0.1763116
48960,2369340,0.24,0.24,13.42,100.0,0.005735188,0.1763066
48970,2369822,0.24,0.24,13.42,100.0,0.0057343203999999995,0.17630178
48980,2370287,0.27,0.27,13.45,100.0,0.005733483399999999,0.17629713
48990,2370761,0.22,0.22,13.45,100.0,0.0057326302,0.17629239
49000,2371253,0.19,0.19,13.29,100.0,0.0057317446,0.17628747
49010,2371745,0.2,0.2,13.5,100.0,0.005730859,0.17628255
49020,2372223,0.21,0.21,13.4,100.0,0.005729998599999999,0.17627777
49030,2372717,0.22,0.22,13.77,100.0,0.0057291094,0.17627283
49040,2373198,0.2,0.2,13.81,100.0,0.005728243599999999,0.17626802
49050,2373687,0.21,0.21,13.85,100.0,0.0057273634,0.17626313
49060,2374181,0.22,0.22,13.9,100.0,0.0057264742,0.17625819
49070,2374648,0.24,0.24,13.89,100.0,0.005725633599999999,0.17625352
49080,2375108,0.23,0.23,14.08,100.0,0.0057248056,0.17624892
49090,2375605,0.24,0.24,14.16,100.0,0.005723911,0.17624395
49100,2376082,0.25,0.25,14.31,100.0,0.0057230523999999994,0.17623918
49110,2376574,0.23,0.23,13.99,100.0,0.0057221668,0.17623426
49120,2377062,0.21,0.21,13.99,100.0,0.0057212884,0.17622938
49130,2377562,0.18,0.18,13.99,100.0,0.0057203884,0.17622438
49140,2378021,0.17,0.17,13.71,100.0,0.0057195622,0.17621979000000002
49150,2378521,0.15,0.15,13.51,100.0,0.005718662199999999,0.17621479
49160,2379021,0.16,0.16,13.73,100.0,0.0057177621999999996,0.17620979
49170,2379498,0.15,0.15,13.73,100.0,0.0057169036,0.17620502
49180,2379998,0.14,0.14,13.9,100.0,0.005716003599999999,0.17620002
49190,2380474,0.16,0.16,13.9,100.0,0.0057151468,0.17619526
49200,2380968,0.14,0.14,13.9,100.0,0.0057142576,0.17619032
49210,2381455,0.12,0.12,13.9,100.0,0.005713380999999999,0.17618545
49220,2381955,0.14,0.14,13.77,100.0,0.005712480999999999,0.17618045
49230,2382437,0.14,0.14,13.77,100.0,0.0057116134,0.17617563
49240,2382937,0.17,0.17,13.76,100.0,0.005710713399999999,0.17617063
49250,2383436,0.16,0.16,13.78,100.0,0.0057098152,0.17616564
49260,2383896,0.16,0.16,13.8,100.0,0.0057089872,0.17616104
49270,2384378,0.17,0.17,13.83,100.0,0.0057081195999999996,0.17615622
49280,2384859,0.19,0.19,14.15,100.0,0.0057072538,0.17615141
49290,2385359,0.17,0.17,14.12,100.0,0.0057063538,0.17614641
49300,2385833,0.2,0.2,13.82,100.0,0.0057055006,0.17614167
49310,2386333,0.21,0.21,13.48,100.0,0.0057046006,0.17613667
49320,2386807,0.2,0.2,13.41,100.0,0.0057037474,0.17613193
49330,2387288,0.2,0.2,13.41,100.0,0.0057028816,0.17612712
49340,2387743,0.18,0.18,13.71,100.0,0.0057020626,0.17612257
49350,2388243,0.18,0.18,14.05,100.0,0.0057011626,0.17611757
49360,2388743,0.18,0.18,13.94,100.0,0.0057002625999999995,0.17611257
49370,2389230,0.19,0.19,14.27,100.0,0.005699386,0.1761077
49380,2389718,0.19,0.19,13.81,100.0,0.0056985075999999996,0.17610282
49390,2390201,0.18,0.18,13.81,100.0,0.0056976382,0.17609799
49400,2390679,0.19,0.19,13.6,100.0,0.0056967777999999995,0.17609321
49410,2391163,0.21,0.21,13.89,100.0,0.0056959066,0.17608837
49420,2391644,0.21,0.21,14.07,100.0,0.0056950408,0.17608356
49430,2392144,0.25,0.25,13.47,100.0,0.0056941408,0.17607856
49440,2392644,0.23,0.23,13.54,100.0,0.0056932408,0.17607356000000002
49450,2393126,0.25,0.25,13.44,100.0,0.0056923732,0.17606874
49460,2393624,0.24,0.24,13.31,100.0,0.005691476799999999,0.17606376
49470,2394109,0.23,0.23,13.75,100.0,0.005690603799999999,0.17605891
49480,2394577,0.2,0.2,13.75,100.0,0.0056897614,0.17605423
49490,2395062,0.2,0.2,13.75,100.0,0.0056888884,0.17604938
49500,2395542,0.2,0.2,14.44,100.0,0.0056880244,0.17604458
49510,2396042,0.2,0.2,14.37,100.0,0.0056871244,0.17603958
49520,2396532,0.21,0.21,14.85,100.0,0.0056862423999999995,0.17603468
49530,2396988,0.21,0.21,14.87,100.0,0.0056854216,0.17603012
49540,2397473,0.2,0.2,14.87,100.0,0.0056845485999999995,0.17602527
49550,2397952,0.19,0.19,14.89,100.0,0.0056836863999999996,0.17602048
49560,2398452,0.18,0.18,14.78,100.0,0.0056827864,0.17601548
49570,2398930,0.17,0.17,14.71,100.0,0.0056819259999999995,0.1760107
49580,2399425,0.18,0.18,14.42,100.0,0.005681035,0.17600575000000002
49590,2399913,0.19,0.19,14.5,100.0,0.0056801566,0.17600087
49600,2400406,0.18,0.18,14.46,100.0,0.0056792692,0.17599594000000002
49610,2400865,0.16,0.16,14.42,100.0,0.005678442999999999,0.17599135
49620,2401359,0.16,0.16,14.28,100.0,0.0056775537999999995,0.17598641
49630,2401851,0.16,0.16,14.37,100.0,0.005676668199999999,0.17598149
49640,2402351,0.18,0.18,14.74,100.0,0.0056757681999999995,0.17597649
49650,2402851,0.17,0.17,14.6,100.0,0.0056748682,0.17597149
49660,2403344,0.19,0.19,15.11,100.0,0.0056739808,0.17596656
49670,2403844,0.2,0.2,15.06,100.0,0.0056730808,0.17596156000000002
49680,2404319,0.21,0.21,15.07,100.0,0.0056722258,0.17595681
49690,2404819,0.23,0.23,14.99,100.0,0.0056713258,0.17595181000000001
49700,2405289,0.25,0.25,14.83,100.0,0.0056704798,0.17594711000000002
49710,2405789,0.26,0.26,14.48,100.0,0.0056695797999999995,0.17594211
49720,2406289,0.27,0.27,14.62,100.0,0.0056686798,0.17593711
49730,2406785,0.23,0.23,14.62,100.0,0.005667787,0.17593215
49740,2407269,0.24,0.24,14.63,100.0,0.0056669158,0.17592731
49750,2407764,0.25,0.25,14.44,100.0,0.0056660248,0.17592236
49760,2408250,0.25,0.25,14.89,100.0,0.00566515,0.1759175
49770,2408750,0.27,0.27,15.59,100.0,0.00566425,0.1759125
49780,2409218,0.27,0.27,15.43,100.0,0.0056634076,0.17590782
49790,2409690,0.25,0.25,15.64,100.0,0.005662558,0.1759031
49800,2410178,0.23,0.23,15.67,100.0,0.0056616795999999995,0.17589822
49810,2410656,0.22,0.22,16.03,100.0,0.0056608192,0.17589344
49820,2411156,0.23,0.23,16.43,100.0,0.0056599191999999994,0.17588844
49830,2411616,0.24,0.24,16.03,100.0,0.0056590912,0.17588384
49840,2412102,0.22,0.22,16.09,100.0,0.005658216399999999,0.17587898
49850,2412587,0.2,0.2,16.09,100.0,0.0056573434,0.17587413000000002
49860,2413087,0.17,0.17,16.09,100.0,0.0056564434,0.17586913
49870,2413572,0.14,0.14,15.74,100.0,0.0056555704,0.17586428
49880,2414072,0.14,0.14,16.15,100.0,0.0056546704,0.17585928
49890,2414572,0.19,0.19,16.12,100.0,0.0056537704,0.17585428
49900,2415072,0.16,0.16,16.12,100.0,0.005652870399999999,0.17584928
49910,2415559,0.17,0.17,16.2,100.0,0.0056519937999999995,0.17584441
49920,2416039,0.16,0.16,16.24,100.0,0.0056511298,0.17583961
49930,2416532,0.15,0.15,16.24,100.0,0.0056502424,0.17583468
49940,2417016,0.15,0.15,16.2,100.0,0.0056493712,0.17582984000000002
49950,2417476,0.15,0.15,16.2,100.0,0.0056485432,0.17582524
49960,2417968,0.16,0.16,16.14,100.0,0.0056476576,0.17582032
49970,2418463,0.17,0.17,15.84,100.0,0.0056467666,0.17581537
49980,2418951,0.18,0.18,15.68,100.0,0.0056458882,0.17581049
49990,2419451,0.13,0.13,15.68,100.0,0.0056449882,0.17580549
50000,2419929,0.14,0.14,15.87,100.0,0.0056441278,0.17580071
50010,2420429,0.15,0.15,15.96,100.0,0.005643227799999999,0.17579571
50020,2420929,0.15,0.15,16.06,100.0,0.005642327799999999,0.17579071000000002
50030,2421397,0.18,0.18,15.8,100.0,0.005641485399999999,0.17578603
50040,2421894,0.18,0.18,15.47,100.0,0.005640590799999999,0.17578106
50050,2422365,0.2,0.2,15.3,100.0,0.005639743,0.17577635
50060,2422865,0.2,0.2,15.31,100.0,0.005638843,0.17577135
50070,2423364,0.22,0.22,14.99,100.0,0.005637944799999999,0.17576636
50080,2423858,0.21,0.21,14.8,100.0,0.0056370555999999995,0.17576142
50090,2424305,0.21,0.21,14.82,100.0,0.005636251,0.17575695
50100,2424783,0.21,0.21,14.82,100.0,0.0056353906,0.17575217
50110,2425273,0.21,0.21,14.89,100.0,0.0056345086,0.17574727
50120,2425773,0.22,0.22,14.74,100.0,0.005633608599999999,0.17574227
50130,2426268,0.2,0.2,14.7,100.0,0.0056327176,0.17573732
50140,2426754,0.2,0.2,14.78,100.0,0.005631842799999999,0.17573246
50150,2427253,0.2,0.2,14.54,100.0,0.0056309446,0.17572747
50160,2427751,0.2,0.2,14.82,100.0,0.0056300481999999995,0.17572249
50170,2428251,0.18,0.18,14.63,100.0,0.0056291482,0.17571749
50180,2428720,0.17,0.17,14.61,100.0,0.005628304,0.1757128
50190,2429220,0.18,0.18,14.25,100.0,0.005627404,0.1757078
50200,2429683,0.21,0.21,13.53,100.0,0.005626570599999999,0.17570317
50210,2430182,0.19,0.19,13.48,100.0,0.0056256724,0.17569818
50220,2430668,0.18,0.18,13.32,100.0,0.005624797599999999,0.17569332000000001
50230,2431166,0.2,0.2,13.35,100.0,0.0056239012,0.17568834
50240,2431625,0.19,0.19,13.35,100.0,0.005623075,0.17568375
50250,2432120,0.18,0.18,13.42,100.0,0.005622184,0.1756788
50260,2432620,0.19,0.19,13.62,100.0,0.005621284,0.1756738
50270,2433105,0.18,0.18,13.57,100.0,0.005620411,0.17566895
50280,2433582,0.19,0.19,13.71,100.0,0.0056195524,0.17566418
50290,2434065,0.2,0.2,13.49,100.0,0.005618682999999999,0.17565935
50300,2434554,0.17,0.17,13.58,100.0,0.0056178028,0.17565446
50310,2435021,0.17,0.17,13.6,100.0,0.0056169622,0.17564979
50320,2435513,0.16,0.16,13.7,100.0,0.0056160765999999996,0.17564487
50330,2435974,0.16,0.16,13.29,100.0,0.0056152468,0.17564026
50340,2436474,0.18,0.18,12.76,100.0,0.0056143468,0.17563526000000002
50350,2436961,0.18,0.18,12.44,100.0,0.0056134702,0.17563039
50360,2437442,0.18,0.18,12.38,100.0,0.0056126043999999995,0.17562558
50370,2437942,0.18,0.18,12.32,100.0,0.0056117044,0.17562058
50380,2438439,0.17,0.17,12.3,100.0,0.0056108098,0.17561561
50390,2438923,0.16,0.16,11.86,100.0,0.005609938599999999,0.17561077
50400,2439423,0.17,0.17,11.65,100.0,0.0056090385999999996,0.17560577
50410,2439916,0.17,0.17,11.41,100.0,0.0056081512,0.17560084
50420,2440411,0.17,0.17,11.29,100.0,0.005607260199999999,0.17559589
50430,2440911,0.14,0.14,11.29,100.0,0.0056063601999999995,0.17559089
50440,2441379,0.15,0.15,10.9,100.0,0.0056055178,0.17558621
50450,2441879,0.18,0.18,10.63,100.0,0.0056046177999999995,0.17558121
50460,2442357,0.17,0.17,10.63,100.0,0.005603757399999999,0.17557643
50470,2442838,0.17,0.17,10.75,100.0,0.0056028916,0.17557162
50480,2443327,0.16,0.16,10.75,100.0,0.0056020114,0.17556673
50490,2443827,0.15,0.15,10.68,100.0,0.0056011114,0.17556173
50500,2444311,0.14,0.14,10.52,100.0,0.0056002401999999995,0.17555689
50510,2444803,0.13,0.13,10.52,100.0,0.005599354599999999,0.17555197
50520,2445283,0.15,0.15,10.47,100.0,0.0055984906,0.17554717
50530,2445783,0.2,0.2,10.92,100.0,0.0055975906,0.17554217
50540,2446268,0.2,0.2,10.96,100.0,0.0055967175999999995,0.17553732
50550,2446753,0.2,0.2,10.77,100.0,0.005595844599999999,0.17553247
50560,2447253,0.23,0.23,10.76,100.0,0.0055949445999999995,0.17552747
50570,2447728,0.22,0.22,10.76,100.0,0.005594089599999999,0.17552272
50580,2448196,0.24,0.24,10.84,100.0,0.0055932472,0.17551804000000001
50590,2448672,0.24,0.24,10.9,100.0,0.005592390399999999,0.17551328
50600,2449169,0.25,0.25,10.81,100.0,0.0055914957999999996,0.17550831
50610,2449658,0.28,0.28,10.85,100.0,0.0055906155999999995,0.17550342
50620,2450137,0.27,0.27,10.68,100.0,0.0055897533999999995,0.17549863
50630,2450624,0.26,0.26,10.45,100.0,0.0055888768,0.17549376
50640,2451124,0.26,0.26,10.68,100.0,0.005587976799999999,0.17548876
50650,2451615,0.27,0.27,10.69,100.0,0.005587093,0.17548385
50660,2452108,0.25,0.25,10.81,100.0,0.0055862056,0.17547892
50670,2452597,0.25,0.25,10.81,100.0,0.0055853254,0.17547403
50680,2453061,0.24,0.24,10.92,100.0,0.005584490199999999,0.17546939
50690,2453557,0.24,0.24,10.63,100.0,0.005583597399999999,0.17546443
50700,2454054,0.24,0.24,10.57,100.0,0.0055827027999999996,0.17545946
50710,2454526,0.22,0.22,10.63,100.0,0.0055818531999999995,0.17545474
50720,2455002,0.21,0.21,11.39,100.0,0.0055809964,0.17544998
50730,2455499,0.19,0.19,11.31,100.0,0.0055801018,0.17544501
50740,2455955,0.16,0.16,11.31,100.0,0.005579281,0.17544045
50750,2456455,0.15,0.15,11.81,100.0,0.005578381,0.17543545
50760,2456946,0.16,0.16,11.88,100.0,0.005577497199999999,0.17543054
50770,2457410,0.17,0.17,11.91,100.0,0.005576662,0.1754259
50780,2457910,0.16,0.16,11.91,100.0,0.005575762,0.1754209
50790,2458409,0.16,0.16,11.83,100.0,0.0055748638,0.17541591
50800,2458909,0.15,0.15,11.68,100.0,0.0055739638,0.17541091
50810,2459390,0.16,0.16,11.84,100.0,0.005573097999999999,0.1754061
50820,2459890,0.17,0.17,11.48,100.0,0.0055721979999999996,0.1754011
50830,2460390,0.17,0.17,11.61,100.0,0.005571298,0.1753961
50840,2460890,0.18,0.18,11.6,100.0,0.005570398,0.1753911
50850,2461376,0.15,0.15,11.57,100.0,0.0055695232,0.17538624
50860,2461873,0.16,0.16,11.5,100.0,0.0055686286,0.17538127
50870,2462373,0.16,0.16,11.49,100.0,0.005567728599999999,0.17537627
50880,2462859,0.17,0.17,11.52,100.0,0.0055668537999999995,0.17537141
50890,2463359,0.16,0.16,11.52,100.0,0.0055659538,0.17536641
50900,2463850,0.16,0.16,11.53,100.0,0.00556507,0.1753615
50910,2464314,0.14,0.14,11.53,100.0,0.0055642348,0.17535686
50920,2464807,0.14,0.14,11.76,100.0,0.0055633474,0.17535193
50930,2465300,0.13,0.13,11.72,100.0,0.00556246,0.175347
50940,2465800,0.12,0.12,11.72,100.0,0.00556156,0.175342
50950,2466300,0.13,0.13,12.14,100.0,0.00556066,0.175337
50960,2466800,0.09,0.09,12.14,100.0,0.0055597599999999995,0.175332
50970,2467287,0.09,0.09,12.4,100.0,0.0055588834,0.17532713
50980,2467763,0.11,0.11,12.14,100.0,0.0055580266,0.17532237
50990,2468263,0.12,0.12,12.27,100.0,0.0055571266,0.17531737
51000,2468749,0.12,0.12,12.31,100.0,0.005556251799999999,0.17531251
51010,2469249,0.13,0.13,12.33,100.0,0.0055553517999999994,0.17530751
51020,2469749,0.13,0.13,12.36,100.0,0.0055544518,0.17530251
51030,2470228,0.13,0.13,12.28,100.0,0.0055535896,0.17529772
51040,2470722,0.18,0.18,12.44,100.0,0.0055527004,0.17529278
51050,2471216,0.18,0.18,12.41,100.0,0.0055518111999999994,0.17528784
51060,2471693,0.22,0.22,12.26,100.0,0.0055509526,0.17528307
51070,2472173,0.22,0.22,12.3,100.0,0.0055500886,0.17527827
51080,2472673,0.2,0.2,12.1,100.0,0.005549188599999999,0.17527327
51090,2473173,0.21,0.21,12.0,100.0,0.0055482885999999995,0.17526827
51100,2473666,0.21,0.21,11.96,100.0,0.0055474012,0.17526334
51110,2474158,0.22,0.22,11.88,100.0,0.0055465155999999995,0.17525842
51120,2474658,0.22,0.22,12.27,100.0,0.0055456156,0.17525342
51130,2475148,0.25,0.25,12.59,100.0,0.0055447336,0.17524852
51140,2475648,0.22,0.22,12.42,100.0,0.0055438336,0.17524352
51150,2476148,0.23,0.23,12.52,100.0,0.0055429336,0.17523852
51160,2476637,0.21,0.21,12.37,100.0,0.0055420534,0.17523363
51170,2477122,0.23,0.23,12.28,100.0,0.0055411804,0.17522878
51180,2477597,0.24,0.24,12.24,100.0,0.0055403254,0.17522403
51190,2478095,0.24,0.24,12.49,100.0,0.005539429,0.17521905000000002
51200,2478595,0.23,0.23,12.49,100.0,0.0055385289999999995,0.17521405
51210,2479070,0.23,0.23,12.55,100.0,0.005537674,0.1752093
51220,2479552,0.2,0.2,12.55,100.0,0.0055368064,0.17520448
51230,2480051,0.19,0.19,12.81,100.0,0.005535908199999999,0.17519949
51240,2480535,0.18,0.18,12.51,100.0,0.005535037,0.17519465
51250,2481035,0.17,0.17,12.48,100.0,0.005534137,0.17518965
51260,2481535,0.17,0.17,12.83,100.0,0.005533237,0.17518465
51270,2482004,0.19,0.19,12.86,100.0,0.0055323928,0.17517996
51280,2482504,0.21,0.21,12.88,100.0,0.005531492799999999,0.17517496
51290,2483004,0.21,0.21,12.79,100.0,0.005530592799999999,0.17516996
51300,2483504,0.23,0.23,12.48,100.0,0.0055296927999999995,0.17516496
51310,2483985,0.26,0.26,12.13,100.0,0.005528827,0.17516015000000001
51320,2484485,0.27,0.27,12.09,100.0,0.005527927,0.17515515
51330,2484975,0.25,0.25,12.08,100.0,0.0055270449999999995,0.17515025
51340,2485436,0.26,0.26,12.11,100.0,0.005526215199999999,0.17514564
51350,2485911,0.27,0.27,11.97,100.0,0.005525360199999999,0.17514089
51360,2486396,0.28,0.28,12.5,100.0,0.0055244872,0.17513604
51370,2486875,0.24,0.24,12.38,100.0,0.005523625,0.17513125000000002
51380,2487357,0.21,0.21,12.49,100.0,0.0055227574,0.17512643
51390,2487841,0.19,0.19,12.49,100.0,0.005521886199999999,0.17512159
51400,2488320,0.19,0.19,12.75,100.0,0.005521023999999999,0.17511680000000002
51410,2488795,0.15,0.15,12.96,100.0,0.005520168999999999,0.17511205
51420,2489289,0.15,0.15,12.91,100.0,0.0055192798,0.17510711
51430,2489762,0.17,0.17,12.95,100.0,0.0055184284,0.17510238
51440,2490245,0.18,0.18,13.12,100.0,0.005517558999999999,0.17509755
51450,2490745,0.19,0.19,13.2,100.0,0.005516658999999999,0.17509255
51460,2491224,0.19,0.19,12.4,100.0,0.0055157968,0.17508776
51470,2491711,0.21,0.21,12.72,100.0,0.0055149202,0.17508289
51480,2492211,0.21,0.21,12.77,100.0,0.0055140202,0.17507789
51490,2492700,0.22,0.22,12.73,100.0,0.00551314,0.175073
51500,2493190,0.21,0.21,12.75,100.0,0.005512257999999999,0.1750681
51510,2493690,0.23,0.23,13.03,100.0,0.005511357999999999,0.1750631
51520,2494190,0.23,0.23,13.4,100.0,0.005510457999999999,0.1750581
51530,2494690,0.25,0.25,13.54,100.0,0.0055095579999999995,0.17505310000000002
51540,2495190,0.25,0.25,13.51,100.0,0.005508658,0.1750481
51550,2495684,0.23,0.23,13.51,100.0,0.0055077688,0.17504316
51560,2496180,0.22,0.22,13.44,100.0,0.005506876,0.1750382
51570,2496673,0.21,0.21,13.49,100.0,0.005505988599999999,0.17503327
51580,2497156,0.21,0.21,13.48,100.0,0.005505119199999999,0.17502844
51590,2497645,0.24,0.24,13.84,100.0,0.005504238999999999,0.17502355
51600,2498145,0.25,0.25,13.49,100.0,0.0055033389999999995,0.17501855
51610,2498638,0.26,0.25,13.08,100.0,0.0055024515999999996,0.17501362
51620,2499124,0.26,0.25,13.01,100.0,0.0055015768,0.17500876
51630,2499622,0.23,0.22,13.12,100.0,0.0055006804,0.17500378
51640,2500084,0.21,0.2,12.9,100.0,0.005499848799999999,0.17499916
51650,2500583,0.2,0.19,12.9,100.0,0.005498950599999999,0.17499417
51660,2501070,0.18,0.17,12.9,100.0,0.0054980739999999995,0.17498930000000001
51670,2501569,0.18,0.17,12.81,100.0,0.005497175799999999,0.17498431
51680,2502051,0.18,0.17,12.86,100.0,0.005496308199999999,0.17497949000000002
51690,2502507,0.16,0.15,13.11,100.0,0.0054954873999999996,0.17497493
51700,2502997,0.16,0.15,12.91,100.0,0.0054946054,0.17497003
51710,2503476,0.13,0.13,12.94,100.0,0.0054937432,0.17496524
51720,2503971,0.14,0.14,12.88,100.0,0.0054928522,0.17496029000000002
51730,2504457,0.17,0.17,13.3,100.0,0.0054919774,0.17495543
51740,2504917,0.17,0.17,12.97,100.0,0.0054911494,0.17495083
51750,2505417,0.17,0.17,13.16,100.0,0.0054902494,0.17494583
51760,2505883,0.19,0.19,13.05,100.0,0.0054894106,0.17494117
51770,2506363,0.2,0.2,13.03,100.0,0.0054885466,0.17493637
51780,2506838,0.2,0.2,13.04,100.0,0.0054876916,0.17493162
51790,2507303,0.19,0.19,13.12,100.0,0.0054868545999999995,0.17492697000000001
51800,2507784,0.2,0.2,13.34,100.0,0.005485988799999999,0.17492216
51810,2508284,0.21,0.21,13.3,100.0,0.005485088799999999,0.17491716000000002
51820,2508772,0.19,0.19,13.3,100.0,0.005484210399999999,0.17491228
51830,2509272,0.17,0.17,13.28,100.0,0.005483310399999999,0.17490728
51840,2509759,0.17,0.17,13.48,100.0,0.0054824338,0.17490241
51850,2510242,0.18,0.18,13.59,100.0,0.0054815644000000005,0.17489758
51860,2510715,0.16,0.16,13.59,100.0,0.005480713,0.17489285
51870,2511213,0.13,0.13,13.59,100.0,0.0054798165999999995,0.17488787
51880,2511696,0.14,0.14,13.6,100.0,0.0054789472,0.17488304
51890,2512161,0.16,0.16,13.87,100.0,0.0054781102,0.17487839
51900,2512661,0.13,0.13,13.87,100.0,0.0054772102,0.17487339000000002
51910,2513161,0.13,0.13,13.68,100.0,0.0054763102,0.17486839
51920,2513661,0.15,0.15,13.24,100.0,0.0054754102,0.17486339
51930,2514156,0.13,0.13,13.22,100.0,0.0054745192,0.17485844
51940,2514646,0.14,0.14,12.83,100.0,0.0054736372,0.17485354
51950,2515138,0.14,0.14,12.52,100.0,0.0054727516,0.17484862
51960,2515627,0.17,0.17,12.9,100.0,0.0054718714,0.17484373
51970,2516115,0.17,0.17,12.9,100.0,0.0054709929999999995,0.17483885
51980,2516577,0.18,0.18,12.73,100.0,0.0054701613999999996,0.17483423
51990,2517064,0.19,0.19,13.31,100.0,0.0054692848,0.17482936
52000,2517550,0.19,0.19,13.31,100.0,0.00546841,0.1748245
52010,2518050,0.21,0.21,13.4,100.0,0.00546751,0.17481950000000002
52020,2518536,0.2,0.2,13.38,100.0,0.005466635199999999,0.17481464
52030,2519036,0.19,0.19,13.38,100.0,0.005465735199999999,0.17480964
52040,2519506,0.17,0.17,13.38,100.0,0.005464889199999999,0.17480494
52050,2519986,0.18,0.18,13.28,100.0,0.005464025199999999,0.17480014
52060,2520486,0.18,0.18,13.29,100.0,0.005463125199999999,0.17479514000000002
52070,2520982,0.21,0.21,13.0,100.0,0.0054622324,0.17479018000000002
52080,2521408,0.2,0.2,12.61,100.0,0.0054614656,0.17478592
52090,2521908,0.17,0.17,12.31,100.0,0.0054605656,0.17478092
52100,2522408,0.2,0.2,12.32,100.0,0.0054596656,0.17477592
52110,2522869,0.19,0.19,12.52,100.0,0.0054588358,0.17477131
52120,2523338,0.2,0.2,12.48,100.0,0.0054579916,0.17476662
52130,2523826,0.22,0.22,12.53,100.0,0.0054571132,0.17476174
52140,2524324,0.25,0.25,12.66,100.0,0.005456216799999999,0.17475676
52150,2524811,0.24,0.24,12.3,100.0,0.0054553401999999996,0.17475189
52160,2525284,0.23,0.23,12.83,100.0,0.0054544888,0.17474716
52170,2525769,0.22,0.22,12.96,100.0,0.0054536158,0.17474231
52180,2526253,0.22,0.22,12.97,100.0,0.0054527446,0.17473747
52190,2526735,0.21,0.21,12.97,100.0,0.005451877,0.17473265
52200,2527215,0.19,0.19,13.0,100.0,0.005451013,0.17472785000000002
52210,2527715,0.17,0.17,13.04,100.0,0.005450113,0.17472285
52220,2528215,0.18,0.18,12.96,100.0,0.0054492130000000005,0.17471785
52230,2528695,0.16,0.16,12.96,100.0,0.005448348999999999,0.17471305
52240,2529163,0.14,0.14,12.89,100.0,0.0054475066,0.17470837
52250,2529663,0.13,0.13,12.91,100.0,0.0054466066,0.17470337
52260,2530149,0.13,0.13,13.38,100.0,0.0054457318,0.17469851
52270,2530639,0.14,0.14,13.48,100.0,0.005444849799999999,0.17469361
52280,2531131,0.12,0.12,13.48,100.0,0.0054439642,0.17468869
52290,2531629,0.14,0.14,13.61,100.0,0.0054430678,0.17468371
52300,2532113,0.15,0.15,13.86,100.0,0.0054421966,0.17467887
52310,2532613,0.14,0.14,13.86,100.0,0.005441296599999999,0.17467387
52320,2533101,0.14,0.14,13.8,100.0,0.0054404182,0.17466899
52330,2533569,0.14,0.14,13.8,100.0,0.0054395758,0.17466431
52340,2534069,0.15,0.15,14.07,100.0,0.0054386758,0.17465931
52350,2534548,0.15,0.15,13.75,100.0,0.0054378136,0.17465452
52360,2535030,0.15,0.15,14.0,100.0,0.005436946,0.17464970000000002
52370,2535488,0.16,0.16,13.93,100.0,0.0054361216,0.17464512
52380,2535945,0.17,0.17,13.9,100.0,0.005435298999999999,0.17464055
52390,2536421,0.17,0.17,14.12,100.0,0.0054344422,0.17463579
52400,2536912,0.2,0.2,13.72,100.0,0.0054335584,0.17463088
52410,2537404,0.24,0.24,14.19,100.0,0.0054326728,0.17462596
52420,2537904,0.24,0.24,13.71,100.0,0.005431772799999999,0.17462096
52430,2538398,0.26,0.26,14.13,100.0,0.005430883599999999,0.17461602
52440,2538892,0.25,0.25,14.43,100.0,0.0054299944,0.17461108
52450,2539376,0.27,0.27,14.24,100.0,0.0054291232,0.17460624
52460,2539863,0.29,0.29,14.45,100.0,0.0054282466,0.17460137
52470,2540363,0.25,0.25,14.45,100.0,0.0054273466,0.17459637
52480,2540863,0.26,0.26,14.39,100.0,0.0054264466,0.17459137
52490,2541350,0.24,0.24,14.39,100.0,0.005425569999999999,0.1745865
52500,2541850,0.23,0.23,14.76,100.0,0.0054246699999999995,0.1745815
52510,2542347,0.22,0.22,14.5,100.0,0.0054237754,0.17457653
52520,2542827,0.2,0.2,14.35,100.0,0.0054229114,0.17457173
52530,2543303,0.18,0.18,14.35,100.0,0.005422054599999999,0.17456697
52540,2543774,0.18,0.18,14.45,100.0,0.0054212068,0.17456226
52550,2544238,0.16,0.16,14.43,100.0,0.0054203716,0.17455762
52560,2544704,0.13,0.13,14.38,100.0,0.0054195328,0.17455296
52570,2545190,0.14,0.14,14.43,100.0,0.005418658,0.1745481
52580,2545661,0.15,0.15,13.88,100.0,0.0054178101999999995,0.17454339
52590,2546141,0.16,0.16,13.84,100.0,0.0054169462,0.17453859
52600,2546641,0.16,0.16,13.73,100.0,0.0054160462,0.17453359000000002
52610,2547121,0.14,0.14,13.77,100.0,0.005415182199999999,0.17452879
52620,2547621,0.15,0.15,13.7,100.0,0.0054142821999999995,0.17452379
52630,2548121,0.17,0.17,13.62,100.0,0.0054133822,0.17451879
52640,2548621,0.17,0.17,13.63,100.0,0.0054124822,0.17451379
52650,2549121,0.18,0.18,13.65,100.0,0.0054115822,0.17450879
52660,2549595,0.2,0.2,13.62,100.0,0.0054107289999999995,0.17450405
52670,2550059,0.23,0.23,13.39,100.0,0.005409893799999999,0.17449941
52680,2550559,0.22,0.22,13.71,100.0,0.005408993799999999,0.17449441
52690,2551037,0.24,0.24,13.38,100.0,0.0054081334,0.17448963
52700,2551525,0.23,0.23,13.84,100.0,0.005407255,0.17448475
52710,2552017,0.22,0.22,13.84,100.0,0.0054063694,0.17447983
52720,2552486,0.24,0.24,14.16,100.0,0.0054055252,0.17447514
52730,2552960,0.27,0.27,13.91,100.0,0.005404671999999999,0.1744704
52740,2553456,0.27,0.27,14.24,100.0,0.005403779199999999,0.17446544
52750,2553953,0.26,0.26,14.02,100.0,0.0054028845999999995,0.17446047
52760,2554435,0.24,0.24,14.23,100.0,0.005402017,0.17445565000000002
52770,2554914,0.21,0.21,14.23,100.0,0.0054011548,0.17445086
52780,2555388,0.19,0.19,14.23,100.0,0.005400301599999999,0.17444612
52790,2555865,0.17,0.17,14.17,100.0,0.005399442999999999,0.17444135
52800,2556365,0.15,0.15,14.36,100.0,0.005398543,0.17443635000000002
52810,2556854,0.17,0.17,14.44,100.0,0.0053976627999999995,0.17443146
52820,2557338,0.16,0.16,14.64,100.0,0.005396791599999999,0.17442662
52830,2557829,0.13,0.13,14.74,100.0,0.0053959078,0.17442171
52840,2558317,0.14,0.14,14.57,100.0,0.0053950294,0.17441683
52850,2558810,0.15,0.15,14.4,100.0,0.005394141999999999,0.1744119
52860,2559283,0.14,0.14,14.4,100.0,0.0053932906,0.17440717
52870,2559752,0.15,0.15,14.04,100.0,0.0053924464,0.17440248
52880,2560233,0.17,0.17,13.99,100.0,0.005391580599999999,0.17439767
52890,2560689,0.18,0.18,13.86,100.0,0.0053907598,0.17439311000000002
52900,2561148,0.2,0.2,13.59,100.0,0.0053899336,0.17438852
52910,2561625,0.19,0.19,13.58,100.0,0.005389074999999999,0.17438375
52920,2562109,0.18,0.18,13.57,100.0,0.0053882038,0.17437891
52930,2562591,0.18,0.18,13.15,100.0,0.0053873362,0.17437409
52940,2563082,0.19,0.19,13.52,100.0,0.0053864524,0.17436918
52950,2563578,0.18,0.18,13.5,100.0,0.005385559599999999,0.17436422000000001
52960,2564078,0.19,0.19,13.87,100.0,0.005384659599999999,0.17435922
52970,2564551,0.18,0.18,14.03,100.0,0.0053838081999999995,0.17435449
52980,2565051,0.17,0.17,13.81,100.0,0.0053829082,0.17434949
52990,2565547,0.19,0.19,14.3,100.0,0.005382015399999999,0.17434453
53000,2566032,0.17,0.17,14.09,100.0,0.0053811424,0.17433968
53010,2566521,0.18,0.18,14.4,100.0,0.0053802621999999994,0.17433479000000002
53020,2566980,0.2,0.2,14.47,100.0,0.005379436,0.1743302
53030,2567480,0.19,0.19,14.88,100.0,0.005378536,0.1743252
53040,2567966,0.19,0.19,14.41,100.0,0.0053776612,0.17432034000000002
53050,2568456,0.24,0.24,14.18,100.0,0.005376779199999999,0.17431544
53060,2568938,0.28,0.28,14.86,100.0,0.0053759116,0.17431062
53070,2569438,0.31,0.31,14.78,100.0,0.0053750116,0.17430562
53080,2569936,0.33,0.33,15.25,100.0,0.0053741152,0.17430064
53090,2570433,0.3,0.3,15.5,100.0,0.0053732206,0.17429567
53100,2570920,0.31,0.31,15.2,100.0,0.005372344,0.1742908
53110,2571411,0.31,0.31,15.46,100.0,0.0053714602,0.17428589
53120,2571898,0.3,0.3,15.8,100.0,0.005370583599999999,0.17428102
53130,2572393,0.31,0.31,15.75,100.0,0.0053696926,0.17427607
53140,2572893,0.32,0.32,16.1,100.0,0.0053687926,0.17427107
53150,2573367,0.28,0.28,16.1,100.0,0.0053679394000000005,0.17426633
53160,2573853,0.25,0.25,16.13,100.0,0.0053670646,0.17426147
53170,2574326,0.22,0.22,16.55,100.0,0.005366213199999999,0.17425674
53180,2574800,0.2,0.2,16.7,100.0,0.00536536,0.17425200000000002
53190,2575247,0.21,0.21,16.7,100.0,0.0053645554,0.17424753
53200,2575731,0.2,0.2,16.74,100.0,0.0053636842,0.17424269
53210,2576225,0.2,0.2,16.23,100.0,0.005362795,0.17423775
53220,2576692,0.18,0.18,16.23,100.0,0.0053619544,0.17423308
53230,2577192,0.18,0.18,15.77,100.0,0.0053610544,0.17422808
53240,2577676,0.15,0.15,15.78,100.0,0.0053601832,0.17422324
53250,2578176,0.15,0.15,15.41,100.0,0.0053592832,0.17421824
53260,2578676,0.14,0.14,15.44,100.0,0.0053583832000000005,0.17421324
53270,2579176,0.13,0.13,15.44,100.0,0.005357483199999999,0.17420824000000001
53280,2579652,0.13,0.13,15.2,100.0,0.0053566264,0.17420348
53290,2580127,0.14,0.14,15.08,100.0,0.0053557714,0.17419873
53300,2580627,0.17,0.17,14.65,100.0,0.0053548714,0.17419373
53310,2581127,0.16,0.16,14.69,100.0,0.0053539714,0.17418873
53320,2581627,0.18,0.18,14.5,100.0,0.005353071399999999,0.17418373
53330,2582113,0.17,0.17,14.58,100.0,0.0053521966,0.17417887
53340,2582580,0.18,0.18,14.36,100.0,0.005351356,0.1741742
53350,2583044,0.19,0.19,14.16,100.0,0.0053505207999999995,0.17416956
53360,2583510,0.2,0.2,14.06,100.0,0.005349682,0.1741649
53370,2583992,0.21,0.21,14.05,100.0,0.0053488144,0.17416008
53380,2584477,0.2,0.2,14.05,100.0,0.005347941399999999,0.17415523
53390,2584976,0.19,0.19,13.91,100.0,0.0053470432,0.17415024
53400,2585456,0.18,0.18,14.0,100.0,0.0053461792,0.17414544
53410,2585932,0.17,0.17,14.0,100.0,0.005345322399999999,0.17414068
53420,2586423,0.17,0.17,14.01,100.0,0.0053444386,0.17413577
53430,2586917,0.17,0.17,14.13,100.0,0.005343549399999999,0.17413083000000001
53440,2587417,0.16,0.16,13.87,100.0,0.005342649399999999,0.17412583
53450,2587913,0.17,0.17,13.79,100.0,0.0053417566,0.17412087
53460,2588391,0.18,0.18,13.8,100.0,0.0053408961999999996,0.17411609
53470,2588891,0.18,0.18,13.91,100.0,0.0053399962,0.17411109
53480,2589355,0.18,0.18,13.91,100.0,0.005339161,0.17410645
53490,2589851,0.19,0.19,13.39,100.0,0.005338268199999999,0.17410149
53500,2590341,0.16,0.16,13.39,100.0,0.0053373862,0.17409659
53510,2590841,0.2,0.2,12.99,100.0,0.0053364862,0.17409159000000002
53520,2591334,0.18,0.18,12.99,100.0,0.0053355988,0.17408666
53530,2591832,0.19,0.19,12.79,100.0,0.0053347023999999995,0.17408168000000002
53540,2592332,0.23,0.23,12.26,100.0,0.0053338024,0.17407668
53550,2592832,0.19,0.19,12.26,100.0,0.0053329024,0.17407168
53560,2593303,0.17,0.17,11.97,100.0,0.0053320545999999995,0.17406697
53570,2593803,0.2,0.2,11.71,100.0,0.0053311546,0.17406197
53580,2594303,0.23,0.23,12.19,100.0,0.0053302546,0.17405697
53590,2594803,0.21,0.21,12.05,100.0,0.0053293546,0.17405197
53600,2595283,0.23,0.23,12.2,100.0,0.0053284906,0.17404717
53610,2595783,0.21,0.21,11.99,100.0,0.0053275906,0.17404217
53620,2596260,0.24,0.24,12.55,100.0,0.005326731999999999,0.1740374
53630,2596729,0.24,0.24,12.03,100.0,0.0053258878,0.17403271
53640,2597229,0.21,0.21,11.82,100.0,0.0053249878,0.17402771
53650,2597709,0.23,0.23,11.71,100.0,0.0053241237999999995,0.17402291
53660,2598200,0.23,0.23,11.65,100.0,0.00532324,0.174018
53670,2598691,0.21,0.21,11.63,100.0,0.0053223561999999995,0.17401309
53680,2599185,0.21,0.21,11.64,100.0,0.005321467,0.17400815
53690,2599672,0.2,0.2,11.64,100.0,0.005320590399999999,0.17400328
53700,2600159,0.19,0.19,11.93,100.0,0.0053197138,0.17399841
53710,2600640,0.21,0.21,11.55,100.0,0.005318847999999999,0.1739936
53720,2601108,0.21,0.21,11.44,100.0,0.0053180056,0.17398892
53730,2601595,0.19,0.19,11.44,100.0,0.005317129,0.17398405
53740,2602053,0.18,0.18,11.42,100.0,0.0053163046,0.17397947
53750,2602550,0.17,0.17,11.29,100.0,0.00531541,0.1739745
53760,2603014,0.17,0.17,11.26,100.0,0.005314574799999999,0.17396986
53770,2603511,0.15,0.15,11.26,100.0,0.0053136801999999995,0.17396489
53780,2604006,0.12,0.12,11.26,100.0,0.0053127892,0.17395994
53790,2604502,0.15,0.15,11.43,100.0,0.005311896399999999,0.17395498
53800,2605002,0.16,0.16,11.52,100.0,0.005310996399999999,0.17394998
53810,2605502,0.14,0.14,12.09,100.0,0.0053100963999999995,0.17394498
53820,2605996,0.13,0.13,12.14,100.0,0.0053092072,0.17394004000000002
53830,2606473,0.15,0.15,12.54,100.0,0.005308348599999999,0.17393527
53840,2606961,0.16,0.16,12.36,100.0,0.0053074702,0.17393039
53850,2607447,0.17,0.17,12.36,100.0,0.0053065954,0.17392553
53860,2607941,0.18,0.18,12.33,100.0,0.0053057062,0.17392059
53870,2608441,0.18,0.18,12.33,100.0,0.0053048062,0.17391559
53880,2608928,0.21,0.21,12.64,100.0,0.0053039296,0.17391072000000002
53890,2609421,0.19,0.19,12.78,100.0,0.005303042199999999,0.17390579
53900,2609902,0.2,0.2,12.92,100.0,0.0053021764,0.17390098
53910,2610400,0.19,0.19,12.83,100.0,0.005301279999999999,0.173896
53920,2610892,0.17,0.17,12.89,100.0,0.005300394399999999,0.17389108
53930,2611388,0.17,0.17,13.08,100.0,0.005299501599999999,0.17388612
53940,2611887,0.17,0.17,13.31,100.0,0.0052986034,0.17388113
53950,2612385,0.17,0.17,13.18,100.0,0.005297707,0.17387615
53960,2612885,0.18,0.18,13.57,100.0,0.005296807,0.17387115
53970,2613381,0.2,0.2,13.41,100.0,0.0052959142,0.17386619
53980,2613861,0.18,0.18,13.58,100.0,0.005295050199999999,0.17386139
53990,2614329,0.18,0.18,13.87,100.0,0.005294207799999999,0.17385671
54000,2614808,0.18,0.18,14.07,100.0,0.0052933456,0.17385192
54010,2615298,0.19,0.19,14.02,100.0,0.0052924636,0.17384702000000002
54020,2615798,0.2,0.2,14.05,100.0,0.0052915636,0.17384202
54030,2616290,0.18,0.18,14.05,100.0,0.005290678,0.1738371
54040,2616757,0.16,0.16,14.05,100.0,0.0052898374,0.17383243
54050,2617247,0.17,0.17,14.98,100.0,0.0052889554,0.17382753
54060,2617735,0.15,0.15,14.69,100.0,0.0052880769999999995,0.17382265
54070,2618235,0.16,0.16,14.94,100.0,0.005287177,0.17381765
54080,2618709,0.18,0.18,14.65,100.0,0.005286323799999999,0.17381291
54090,2619206,0.18,0.18,14.58,100.0,0.0052854291999999995,0.17380794
54100,2619687,0.18,0.18,14.46,100.0,0.0052845634,0.17380313
54110,2620184,0.18,0.18,14.54,100.0,0.0052836688,0.17379816
54120,2620670,0.18,0.18,14.23,100.0,0.0052827939999999995,0.1737933
54130,2621170,0.2,0.2,14.23,100.0,0.005281894,0.1737883
54140,2621670,0.21,0.21,14.5,100.0,0.005280994,0.1737833
54150,2622147,0.18,0.18,14.5,100.0,0.005280135399999999,0.17377853
54160,2622647,0.18,0.18,14.44,100.0,0.0052792353999999994,0.17377353
54170,2623144,0.19,0.19,14.58,100.0,0.0052783408,0.17376856000000002
54180,2623635,0.17,0.17,14.6,100.0,0.005277456999999999,0.17376365
54190,2624132,0.18,0.18,14.85,100.0,0.0052765623999999995,0.17375868
54200,2624632,0.19,0.19,14.8,100.0,0.0052756624,0.17375368
54210,2625132,0.2,0.2,14.57,100.0,0.0052747624,0.17374868
54220,2625620,0.19,0.19,14.27,100.0,0.0052738839999999995,0.1737438
54230,2626094,0.21,0.21,14.08,100.0,0.0052730308,0.17373906
54240,2626548,0.22,0.22,13.99,100.0,0.005272213599999999,0.17373452
54250,2627023,0.25,0.25,13.93,100.0,0.0052713586,0.17372977
54260,2627511,0.26,0.26,14.07,100.0,0.005270480199999999,0.17372489
54270,2628011,0.24,0.24,14.49,100.0,0.0052695801999999995,0.17371989
54280,2628489,0.24,0.24,14.36,100.0,0.0052687198,0.17371511
54290,2628988,0.23,0.23,14.48,100.0,0.0052678216,0.17371012
54300,2629488,0.21,0.21,14.46,100.0,0.0052669216,0.17370512
54310,2629955,0.2,0.2,14.52,100.0,0.005266081,0.17370045
54320,2630437,0.21,0.21,14.59,100.0,0.0052652134,0.17369563
54330,2630937,0.18,0.18,14.36,100.0,0.0052643134,0.17369063
54340,2631401,0.16,0.16,14.36,100.0,0.0052634781999999995,0.17368599
54350,2631901,0.15,0.15,14.4,100.0,0.0052625782,0.17368099
54360,2632401,0.13,0.13,14.4,100.0,0.0052616782,0.17367599
54370,2632901,0.11,0.11,14.4,100.0,0.005260778199999999,0.17367099
54380,2633375,0.11,0.11,14.32,100.0,0.0052599249999999995,0.17366625
54390,2633868,0.12,0.12,14.24,100.0,0.0052590376000000005,0.17366132
54400,2634360,0.1,0.1,14.24,100.0,0.0052581519999999994,0.1736564
54410,2634860,0.08,0.08,14.24,100.0,0.005257252,0.1736514
54420,2635332,0.09,0.09,14.35,100.0,0.0052564023999999996,0.17364668
54430,2635825,0.12,0.12,14.76,100.0,0.005255515,0.17364175
54440,2636325,0.14,0.14,14.7,100.0,0.005254615,0.17363675
54450,2636825,0.15,0.15,14.7,100.0,0.005253715,0.17363175
54460,2637297,0.17,0.17,15.0,100.0,0.005252865399999999,0.17362703000000002
54470,2637797,0.21,0.21,14.82,100.0,0.005251965399999999,0.17362203
54480,2638284,0.21,0.21,14.77,100.0,0.0052510887999999995,0.17361716
54490,2638775,0.22,0.22,14.91,100.0,0.005250205,0.17361225
54500,2639272,0.22,0.22,14.91,100.0,0.0052493104,0.17360728
54510,2639755,0.24,0.24,15.31,100.0,0.005248441,0.17360245000000002
54520,2640242,0.23,0.23,15.13,100.0,0.0052475644,0.17359758
54530,2640722,0.19,0.19,15.13,100.0,0.0052467004,0.17359278
54540,2641218,0.21,0.21,14.84,100.0,0.005245807599999999,0.17358782
54550,2641718,0.18,0.18,14.84,100.0,0.005244907599999999,0.17358282
54560,2642218,0.18,0.18,14.57,100.0,0.0052440075999999995,0.17357782
54570,2642691,0.16,0.16,14.58,100.0,0.0052431562,0.17357309
54580,2643168,0.16,0.16,14.5,100.0,0.005242297599999999,0.17356832
54590,2643668,0.17,0.17,14.03,100.0,0.005241397599999999,0.17356332
54600,2644168,0.21,0.21,14.18,100.0,0.0052404975999999995,0.17355832
54610,2644657,0.21,0.21,13.42,100.0,0.0052396173999999995,0.17355343
54620,2645147,0.22,0.22,13.67,100.0,0.0052387354,0.17354853
54630,2645637,0.23,0.23,13.59,100.0,0.005237853399999999,0.17354363
54640,2646100,0.19,0.19,13.59,100.0,0.005237019999999999,0.173539
54650,2646592,0.2,0.2,13.42,100.0,0.0052361344,0.17353408
54660,2647062,0.22,0.22,13.42,100.0,0.0052352883999999995,0.17352938
54670,2647557,0.24,0.24,13.65,100.0,0.0052343974,0.17352443
54680,2648057,0.25,0.25,13.78,100.0,0.0052334974,0.17351943
54690,2648541,0.23,0.23,13.87,100.0,0.0052326262,0.17351459
54700,2649022,0.23,0.23,14.4,100.0,0.0052317604,0.17350978
54710,2649501,0.22,0.22,14.32,100.0,0.0052308981999999995,0.17350499
54720,2650001,0.23,0.23,14.0,100.0,0.0052299982,0.17349999
54730,2650476,0.24,0.24,13.59,100.0,0.0052291431999999995,0.17349524
54740,2650960,0.29,0.29,13.6,100.0,0.005228272,0.1734904
54750,2651460,0.29,0.29,13.8,100.0,0.005227372,0.1734854
54760,2651960,0.27,0.27,14.09,100.0,0.005226472,0.1734804
54770,2652446,0.23,0.23,14.09,100.0,0.005225597199999999,0.17347554
54780,2652946,0.24,0.24,14.23,100.0,0.0052246972,0.17347054
54790,2653444,0.24,0.24,14.38,100.0,0.0052238008,0.17346556000000002
54800,2653944,0.22,0.22,14.62,100.0,0.0052229008,0.17346056
54810,2654429,0.24,0.24,14.48,100.0,0.0052220278,0.17345571
54820,2654923,0.23,0.23,14.64,100.0,0.0052211385999999995,0.17345077
54830,2655398,0.22,0.22,14.68,100.0,0.005220283599999999,0.17344602
54840,2655898,0.18,0.18,14.69,100.0,0.0052193835999999995,0.17344102
54850,2656398,0.19,0.19,14.62,100.0,0.0052184836,0.17343602
54860,2656898,0.17,0.17,14.62,100.0,0.0052175836,0.17343102
54870,2657382,0.19,0.19,14.69,100.0,0.0052167124,0.17342618
54880,2657882,0.17,0.17,14.86,100.0,0.0052158124,0.17342118
54890,2658345,0.18,0.18,14.76,100.0,0.005214979,0.17341655
54900,2658840,0.19,0.19,14.62,100.0,0.0052140879999999995,0.1734116
54910,2659321,0.18,0.18,13.9,100.0,0.005213222199999999,0.17340679
54920,2659821,0.17,0.17,14.17,100.0,0.005212322199999999,0.17340179
54930,2660301,0.18,0.18,14.12,100.0,0.0052114582,0.17339699
54940,2660799,0.19,0.19,14.07,100.0,0.0052105618,0.17339201
54950,2661293,0.19,0.19,13.84,100.0,0.0052096726,0.17338707
54960,2661789,0.21,0.21,13.88,100.0,0.0052087798,0.17338211
54970,2662289,0.22,0.22,14.1,100.0,0.0052078798,0.17337711
54980,2662767,0.22,0.22,14.13,100.0,0.0052070194,0.17337233000000002
54990,2663267,0.23,0.23,13.72,100.0,0.005206119399999999,0.17336733
55000,2663767,0.24,0.24,13.7,100.0,0.005205219399999999,0.17336233
55010,2664257,0.22,0.22,13.7,100.0,0.0052043374,0.17335743
55020,2664741,0.2,0.2,13.7,100.0,0.0052034661999999995,0.17335259
55030,2665241,0.24,0.24,14.44,100.0,0.0052025662,0.17334759
55040,2665718,0.23,0.23,14.63,100.0,0.005201707599999999,0.17334282
55050,2666218,0.21,0.21,14.63,100.0,0.005200807599999999,0.17333782
55060,2666707,0.24,0.24,15.46,100.0,0.0051999274,0.17333293
55070,2667207,0.27,0.27,14.94,100.0,0.0051990274,0.17332793000000002
55080,2667707,0.28,0.28,15.33,100.0,0.0051981274,0.17332293
55090,2668207,0.24,0.24,15.33,100.0,0.005197227399999999,0.17331793
55100,2668701,0.21,0.21,15.35,100.0,0.0051963382,0.17331299
55110,2669171,0.23,0.23,15.7,100.0,0.0051954921999999995,0.17330829
55120,2669652,0.24,0.24,15.71,100.0,0.005194626399999999,0.17330348
55130,2670152,0.2,0.2,15.57,100.0,0.005193726399999999,0.17329848
55140,2670646,0.19,0.19,15.57,100.0,0.0051928372,0.17329354
55150,2671146,0.19,0.19,15.57,100.0,0.0051919372,0.17328854
55160,2671634,0.15,0.15,15.57,100.0,0.0051910587999999995,0.17328366
55170,2672134,0.12,0.12,15.86,100.0,0.0051901588,0.17327866
55180,2672634,0.11,0.11,15.59,100.0,0.0051892588,0.17327366
55190,2673134,0.12,0.12,15.65,100.0,0.0051883588,0.17326866000000002
55200,2673634,0.13,0.13,15.35,100.0,0.0051874588,0.17326366
55210,2674134,0.13,0.13,15.12,100.0,0.005186558799999999,0.17325866
55220,2674626,0.14,0.14,15.26,100.0,0.0051856732,0.17325374
55230,2675117,0.13,0.13,15.25,100.0,0.0051847894,0.17324883
55240,2675611,0.15,0.15,15.55,100.0,0.0051839002,0.17324389
55250,2676093,0.19,0.19,15.8,100.0,0.0051830326,0.17323907
55260,2676581,0.2,0.2,16.05,100.0,0.0051821542,0.17323419
55270,2677073,0.18,0.18,16.02,100.0,0.0051812686,0.17322927
55280,2677573,0.17,0.17,16.02,100.0,0.0051803686000000005,0.17322427
55290,2678052,0.18,0.18,16.05,100.0,0.0051795064,0.17321948
55300,2678552,0.16,0.16,16.05,100.0,0.0051786064,0.17321448
55310,2679052,0.18,0.18,15.61,100.0,0.005177706399999999,0.17320948
55320,2679552,0.18,0.18,15.58,100.0,0.005176806399999999,0.17320448
55330,2680035,0.19,0.19,15.44,100.0,0.005175936999999999,0.17319965
55340,2680505,0.19,0.19,15.64,100.0,0.005175090999999999,0.17319495000000001
55350,2680992,0.16,0.16,15.67,100.0,0.0051742144,0.17319008
55360,2681469,0.15,0.15,15.29,100.0,0.0051733557999999995,0.17318531
55370,2681969,0.16,0.16,15.1,100.0,0.0051724558,0.17318031
55380,2682469,0.19,0.19,15.05,100.0,0.0051715558,0.17317531
55390,2682958,0.18,0.18,15.26,100.0,0.0051706756,0.17317042
55400,2683423,0.2,0.2,15.24,100.0,0.0051698386,0.17316577
55410,2683908,0.18,0.18,15.2,100.0,0.0051689655999999995,0.17316092
55420,2684407,0.17,0.17,15.16,100.0,0.0051680674,0.17315593
55430,2684907,0.21,0.21,15.21,100.0,0.0051671673999999996,0.17315093
55440,2685407,0.22,0.22,15.14,100.0,0.005166267399999999,0.17314593
55450,2685907,0.23,0.23,15.23,100.0,0.005165367399999999,0.17314093
55460,2686404,0.24,0.24,14.86,100.0,0.005164472799999999,0.17313596
55470,2686904,0.25,0.25,14.73,100.0,0.005163572799999999,0.17313096
55480,2687402,0.23,0.23,14.72,100.0,0.0051626764,0.17312598
55490,2687902,0.23,0.23,14.89,100.0,0.0051617764,0.17312098
55500,2688391,0.22,0.22,14.89,100.0,0.0051608962,0.17311609
55510,2688882,0.2,0.2,14.89,100.0,0.0051600123999999995,0.17311118
55520,2689370,0.2,0.2,14.8,100.0,0.005159134,0.1731063
55530,2689870,0.17,0.17,14.52,100.0,0.005158234,0.1731013
55540,2690370,0.16,0.16,14.56,100.0,0.0051573339999999995,0.1730963
55550,2690852,0.15,0.15,14.55,100.0,0.0051564663999999994,0.17309148
55560,2691334,0.17,0.17,14.3,100.0,0.005155598799999999,0.17308666
55570,2691834,0.15,0.15,14.28,100.0,0.0051546987999999995,0.17308166
55580,2692322,0.16,0.16,14.61,100.0,0.0051538204,0.17307678
55590,2692822,0.16,0.16,14.79,100.0,0.005152920399999999,0.17307178
55600,2693319,0.18,0.18,14.24,100.0,0.0051520258,0.17306681000000002
55610,2693803,0.19,0.19,14.39,100.0,0.005151154599999999,0.17306197
55620,2694286,0.23,0.23,13.88,100.0,0.005150285199999999,0.17305714
55630,2694780,0.23,0.23,13.53,100.0,0.005149396,0.1730522
55640,2695275,0.22,0.22,13.57,100.0,0.005148505,0.17304725
55650,2695751,0.24,0.24,13.68,100.0,0.0051476481999999995,0.17304249
55660,2696243,0.22,0.22,14.01,100.0,0.0051467626,0.17303757
55670,2696736,0.23,0.23,13.6,100.0,0.0051458751999999995,0.17303264000000002
55680,2697224,0.22,0.22,13.92,100.0,0.0051449968,0.17302776
55690,2697722,0.22,0.22,13.78,100.0,0.0051441004,0.17302278
55700,2698212,0.21,0.21,14.11,100.0,0.0051432184,0.17301788
55710,2698685,0.2,0.2,14.11,100.0,0.005142366999999999,0.17301315
55720,2699185,0.16,0.16,13.98,100.0,0.005141466999999999,0.17300815
55730,2699685,0.15,0.15,14.16,100.0,0.0051405669999999995,0.17300315
55740,2700173,0.14,0.14,14.16,100.0,0.005139688599999999,0.17299827
55750,2700633,0.12,0.12,14.18,100.0,0.0051388606,0.17299367
55760,2701116,0.1,0.1,14.18,100.0,0.0051379912,0.17298884
55770,2701612,0.17,0.17,14.67,100.0,0.0051370984,0.17298388
55780,2702101,0.16,0.16,14.67,100.0,0.0051362182,0.17297899
55790,2702592,0.17,0.17,14.51,100.0,0.0051353344,0.17297408
55800,2703092,0.16,0.16,14.52,100.0,0.0051344343999999995,0.17296908
55810,2703569,0.17,0.17,14.63,100.0,0.0051335758,0.17296431
55820,2704044,0.17,0.17,14.71,100.0,0.0051327208,0.17295956
55830,2704544,0.15,0.15,14.71,100.0,0.0051318208,0.17295456
55840,2705044,0.18,0.18,14.98,100.0,0.0051309208,0.17294956
55850,2705535,0.19,0.19,15.18,100.0,0.005130037,0.17294465
55860,2706029,0.22,0.22,15.1,100.0,0.0051291478,0.17293971
55870,2706529,0.15,0.15,14.87,100.0,0.0051282478,0.17293471
55880,2707029,0.15,0.15,14.87,100.0,0.005127347799999999,0.17292971000000001
55890,2707501,0.15,0.15,14.76,100.0,0.005126498199999999,0.17292499
55900,2707992,0.15,0.15,14.8,100.0,0.005125614399999999,0.17292008
55910,2708477,0.15,0.15,14.83,100.0,0.005124741399999999,0.17291523
55920,2708963,0.17,0.17,14.15,100.0,0.0051238666,0.17291037
55930,2709457,0.17,0.17,14.15,100.0,0.005122977399999999,0.17290543
55940,2709931,0.16,0.16,14.13,100.0,0.0051221242,0.17290069
55950,2710401,0.16,0.16,14.16,100.0,0.005121278199999999,0.17289599
55960,2710890,0.13,0.13,14.16,100.0,0.005120397999999999,0.1728911
55970,2711379,0.12,0.12,14.06,100.0,0.0051195178,0.17288621
55980,2711857,0.14,0.14,13.97,100.0,0.0051186574,0.17288143
55990,2712341,0.14,0.14,14.14,100.0,0.0051177862,0.17287659
56000,2712826,0.14,0.14,14.28,100.0,0.0051169132,0.17287174
56010,2713326,0.16,0.16,14.16,100.0,0.0051160132,0.17286674000000002
56020,2713790,0.14,0.14,14.14,100.0,0.005115178,0.17286210000000002
56030,2714252,0.14,0.14,14.14,100.0,0.0051143464,0.17285748
56040,2714717,0.13,0.13,14.38,100.0,0.0051135094,0.17285283
56050,2715217,0.14,0.14,14.81,100.0,0.0051126094,0.17284783
56060,2715695,0.14,0.14,14.81,100.0,0.005111749,0.17284305
56070,2716195,0.17,0.17,14.62,100.0,0.005110849,0.17283805
56080,2716667,0.18,0.18,14.95,100.0,0.0051099994,0.17283333
56090,2717136,0.17,0.17,14.99,100.0,0.0051091552,0.17282864
56100,2717618,0.16,0.16,14.99,100.0,0.0051082876,0.17282382000000002
56110,2718101,0.14,0.14,15.06,100.0,0.0051074182,0.17281899
56120,2718588,0.14,0.14,15.06,100.0,0.005106541599999999,0.17281412000000002
56130,2719083,0.16,0.16,15.06,100.0,0.0051056506,0.17280917
56140,2719574,0.18,0.18,14.63,100.0,0.0051047668,0.17280426
56150,2720039,0.18,0.18,14.72,100.0,0.0051039297999999995,0.17279961
56160,2720539,0.18,0.18,14.72,100.0,0.0051030298,0.17279461000000002
56170,2721020,0.15,0.15,14.63,100.0,0.005102163999999999,0.1727898
56180,2721487,0.14,0.14,14.65,100.0,0.005101323399999999,0.17278513
56190,2721987,0.16,0.16,15.31,100.0,0.005100423399999999,0.17278013
56200,2722487,0.18,0.18,15.65,100.0,0.005099523399999999,0.17277513
56210,2722987,0.18,0.18,15.53,100.0,0.005098623399999999,0.17277013
56220,2723487,0.21,0.21,15.33,100.0,0.0050977233999999995,0.17276513
56230,2723975,0.21,0.21,15.18,100.0,0.005096844999999999,0.17276025
56240,2724466,0.19,0.19,15.22,100.0,0.0050959612,0.17275534
56250,2724966,0.17,0.17,15.13,100.0,0.0050950612,0.17275034
56260,2725456,0.18,0.18,15.1,100.0,0.0050941792,0.17274544
56270,2725925,0.2,0.2,15.04,100.0,0.005093334999999999,0.17274075
56280,2726421,0.2,0.2,15.39,100.0,0.0050924422,0.17273579
56290,2726921,0.18,0.18,15.66,100.0,0.0050915422,0.17273079
56300,2727384,0.17,0.17,15.64,100.0,0.0050907088,0.17272616000000002
56310,2727873,0.17,0.17,15.98,100.0,0.0050898286,0.17272127
56320,2728373,0.14,0.14,15.78,100.0,0.0050889286,0.17271627
56330,2728872,0.13,0.13,15.88,100.0,0.0050880304,0.17271128
56340,2729332,0.14,0.14,15.81,100.0,0.0050872024,0.17270668
56350,2729823,0.14,0.14,15.5,100.0,0.0050863186,0.17270177
56360,2730318,0.14,0.14,15.68,100.0,0.0050854276,0.17269682
56370,2730813,0.11,0.11,15.68,100.0,0.005084536599999999,0.17269187
56380,2731301,0.1,0.1,15.71,100.0,0.0050836582,0.17268699
56390,2731788,0.11,0.11,15.86,100.0,0.0050827816,0.17268212
56400,2732273,0.13,0.13,15.64,100.0,0.0050819086,0.17267727
56410,2732773,0.15,0.15,15.6,100.0,0.0050810086,0.17267227000000002
56420,2733261,0.18,0.18,15.53,100.0,0.0050801302,0.17266739
56430,2733761,0.18,0.18,15.61,100.0,0.0050792302,0.17266239
56440,2734261,0.18,0.18,15.33,100.0,0.0050783302,0.17265739
56450,2734758,0.17,0.17,15.33,100.0,0.0050774356,0.17265242
56460,2735245,0.18,0.18,15.09,100.0,0.005076559,0.17264755
56470,2735745,0.23,0.23,15.14,100.0,0.005075659,0.17264255
56480,2736210,0.24,0.24,14.66,100.0,0.005074822,0.1726379
56490,2736698,0.22,0.22,14.66,100.0,0.005073943599999999,0.17263302
56500,2737182,0.2,0.2,14.72,100.0,0.005073072399999999,0.17262818
56510,2737655,0.17,0.17,14.72,100.0,0.005072221,0.17262345
56520,2738155,0.14,0.14,14.58,100.0,0.005071321,0.17261845
56530,2738655,0.16,0.16,14.9,100.0,0.005070421,0.17261345
56540,2739155,0.15,0.15,14.94,100.0,0.0050695210000000004,0.17260845
56550,2739625,0.15,0.15,14.94,100.0,0.005068675,0.17260375
56560,2740125,0.15,0.15,14.91,100.0,0.005067775,0.17259875
56570,2740619,0.12,0.12,14.87,100.0,0.0050668857999999995,0.17259381000000001
56580,2741101,0.11,0.11,14.92,100.0,0.0050660181999999995,0.17258899
56590,2741601,0.13,0.13,15.01,100.0,0.0050651182,0.17258399
56600,2742092,0.14,0.14,15.17,100.0,0.0050642344,0.17257908
56610,2742592,0.15,0.15,15.17,100.0,0.0050633344,0.17257408000000002
56620,2743092,0.16,0.16,15.24,100.0,0.0050624344,0.17256908
56630,2743570,0.15,0.15,15.13,100.0,0.005061573999999999,0.1725643
56640,2744070,0.16,0.16,14.61,100.0,0.005060673999999999,0.1725593
56650,2744570,0.18,0.18,14.61,100.0,0.0050597739999999995,0.1725543
56660,2745033,0.17,0.17,14.49,100.0,0.0050589406,0.17254967
56670,2745524,0.19,0.19,13.96,100.0,0.0050580568,0.17254476000000002
56680,2745982,0.19,0.19,14.12,100.0,0.005057232399999999,0.17254018
56690,2746461,0.2,0.2,14.69,100.0,0.005056370199999999,0.17253539
56700,2746961,0.2,0.2,15.1,100.0,0.0050554701999999995,0.17253039
56710,2747459,0.21,0.21,15.22,100.0,0.0050545738,0.17252541
56720,2747959,0.19,0.19,15.22,100.0,0.0050536738,0.17252041
56730,2748445,0.2,0.2,15.14,100.0,0.005052799,0.17251555000000002
56740,2748944,0.21,0.21,15.57,100.0,0.0050519008,0.17251056
56750,2749421,0.19,0.19,15.57,100.0,0.0050510422,0.17250579
56760,2749912,0.2,0.2,15.66,100.0,0.0050501584,0.17250088
56770,2750390,0.18,0.18,15.68,100.0,0.005049298,0.1724961
56780,2750845,0.2,0.2,16.01,100.0,0.005048479,0.17249155
56790,2751327,0.19,0.19,16.66,100.0,0.0050476114,0.17248673
56800,2751824,0.2,0.2,15.86,100.0,0.0050467168,0.17248176
56810,2752324,0.2,0.2,16.01,100.0,0.0050458168,0.17247676
56820,2752811,0.23,0.23,15.86,100.0,0.0050449401999999996,0.17247189000000002
56830,2753270,0.21,0.21,15.87,100.0,0.005044114,0.1724673
56840,2753759,0.21,0.21,16.27,100.0,0.0050432338,0.17246241
56850,2754257,0.24,0.24,16.54,100.0,0.005042337399999999,0.17245743
56860,2754757,0.26,0.26,15.91,100.0,0.0050414373999999994,0.17245243
56870,2755257,0.26,0.26,15.89,100.0,0.0050405374,0.17244743
56880,2755757,0.24,0.24,15.87,100.0,0.0050396374,0.17244243
56890,2756243,0.26,0.26,15.54,100.0,0.0050387626,0.17243757
56900,2756743,0.24,0.24,15.57,100.0,0.0050378626,0.17243257
56910,2757233,0.24,0.24,15.6,100.0,0.005036980599999999,0.17242767
56920,2757725,0.22,0.22,15.24,100.0,0.005036095,0.17242275
56930,2758196,0.22,0.22,15.28,100.0,0.0050352472,0.17241804
56940,2758687,0.2,0.2,15.44,100.0,0.005034363399999999,0.17241313
56950,2759187,0.18,0.18,15.45,100.0,0.0050334633999999994,0.17240813
56960,2759687,0.15,0.15,15.45,100.0,0.0050325634,0.17240313000000002
56970,2760145,0.14,0.14,15.44,100.0,0.0050317389999999995,0.17239855
56980,2760645,0.15,0.15,15.43,100.0,0.005030839,0.17239355
56990,2761145,0.11,0.11,15.43,100.0,0.005029939,0.17238855
57000,2761645,0.1,0.1,15.43,100.0,0.005029039,0.17238355
57010,2762145,0.09,0.09,15.64,100.0,0.005028139,0.17237855000000002
57020,2762645,0.1,0.1,15.9,100.0,0.005027238999999999,0.17237355
57030,2763126,0.1,0.1,15.85,100.0,0.005026373199999999,0.17236874
57040,2763615,0.11,0.11,15.95,100.0,0.005025493,0.17236385
57050,2764112,0.12,0.12,15.98,100.0,0.005024598399999999,0.17235888
57060,2764592,0.13,0.13,15.41,100.0,0.0050237343999999995,0.17235408
57070,2765091,0.17,0.17,15.56,100.0,0.005022836199999999,0.17234909
57080,2765591,0.16,0.16,15.45,100.0,0.0050219361999999995,0.17234409
57090,2766084,0.19,0.19,15.91,100.0,0.0050210488000000005,0.17233916
57100,2766560,0.21,0.21,15.61,100.0,0.005020192,0.1723344
57110,2767050,0.21,0.21,15.64,100.0,0.00501931,0.1723295
57120,2767537,0.22,0.22,15.83,100.0,0.005018433399999999,0.17232463
57130,2768037,0.22,0.22,15.81,100.0,0.0050175333999999995,0.17231963
57140,2768537,0.21,0.21,15.76,100.0,0.0050166334,0.17231463
57150,2769025,0.2,0.2,15.99,100.0,0.005015754999999999,0.17230975
57160,2769525,0.19,0.19,15.84,100.0,0.0050148549999999995,0.17230475
57170,2770025,0.15,0.15,15.82,100.0,0.005013955,0.17229975
57180,2770517,0.15,0.15,16.04,100.0,0.0050130693999999995,0.17229483
57190,2770993,0.13,0.13,16.21,100.0,0.0050122126,0.17229007000000002
57200,2771493,0.12,0.12,16.18,100.0,0.0050113126,0.17228507
57210,2771993,0.16,0.16,16.66,100.0,0.0050104126,0.17228007
57220,2772493,0.13,0.13,16.66,100.0,0.0050095126,0.17227507
57230,2772993,0.13,0.13,16.66,100.0,0.005008612599999999,0.17227007
57240,2773493,0.16,0.16,16.9,100.0,0.0050077125999999994,0.17226507
57250,2773989,0.17,0.17,16.44,100.0,0.005006819799999999,0.17226011
57260,2774487,0.2,0.2,15.89,100.0,0.0050059234,0.17225513
57270,2774977,0.19,0.19,15.89,100.0,0.005005041399999999,0.17225023
57280,2775457,0.21,0.21,15.94,100.0,0.0050041773999999995,0.17224543
57290,2775940,0.21,0.21,16.06,100.0,0.005003308,0.1722406
57300,2776439,0.23,0.23,15.86,100.0,0.0050024098,0.17223561
57310,2776939,0.18,0.18,15.86,100.0,0.0050015098,0.17223061
57320,2777368,0.21,0.21,15.71,100.0,0.005000737599999999,0.17222632
57330,2777854,0.21,0.21,15.92,100.0,0.004999862799999999,0.17222146
57340,2778354,0.17,0.17,15.92,100.0,0.004998962799999999,0.17221646000000002
57350,2778854,0.16,0.16,15.85,100.0,0.0049980628,0.17221146
57360,2779348,0.12,0.12,15.85,100.0,0.0049971736,0.17220652
57370,2779848,0.13,0.13,15.81,100.0,0.0049962736,0.17220152
57380,2780331,0.16,0.16,15.05,100.0,0.0049954042,0.17219669
57390,2780831,0.16,0.16,15.4,100.0,0.0049945041999999995,0.17219169
57400,2781320,0.13,0.13,15.4,100.0,0.0049936239999999995,0.1721868
57410,2781798,0.17,0.17,15.09,100.0,0.0049927636,0.17218202
57420,2782273,0.17,0.17,14.7,100.0,0.004991908599999999,0.17217727
57430,2782773,0.18,0.18,14.8,100.0,0.004991008599999999,0.17217227000000002
57440,2783273,0.2,0.2,15.04,100.0,0.004990108599999999,0.17216727
57450,2783756,0.2,0.2,15.03,100.0,0.0049892391999999995,0.17216244
57460,2784256,0.21,0.21,14.72,100.0,0.0049883392,0.17215744
57470,2784755,0.25,0.25,15.58,100.0,0.004987441,0.17215245
57480,2785255,0.22,0.22,15.71,100.0,0.004986541,0.17214745
57490,2785746,0.24,0.24,15.39,100.0,0.004985657199999999,0.17214254
57500,2786212,0.24,0.24,15.39,100.0,0.0049848183999999995,0.17213788
57510,2786692,0.21,0.21,15.36,100.0,0.0049839544,0.17213308
57520,2787189,0.18,0.18,15.36,100.0,0.0049830598,0.17212811
57530,2787677,0.18,0.18,15.4,100.0,0.0049821814,0.17212323000000002
57540,2788159,0.17,0.17,15.04,100.0,0.0049813138,0.17211841
57550,2788659,0.18,0.18,15.04,100.0,0.0049804138,0.17211341
57560,2789159,0.17,0.17,15.04,100.0,0.0049795138,0.17210841
57570,2789649,0.13,0.13,14.78,100.0,0.004978631799999999,0.17210351000000002
57580,2790120,0.14,0.14,14.77,100.0,0.004977784,0.1720988
57590,2790620,0.13,0.13,14.38,100.0,0.004976884,0.17209380000000002
57600,2791113,0.15,0.15,14.05,100.0,0.004975996599999999,0.17208887
57610,2791589,0.16,0.16,13.93,100.0,0.0049751398,0.17208411
57620,2792075,0.17,0.17,13.93,100.0,0.004974264999999999,0.17207925000000002
57630,2792575,0.17,0.17,13.97,100.0,0.0049733649999999996,0.17207425
57640,2793075,0.18,0.18,13.98,100.0,0.004972465,0.17206925
57650,2793575,0.18,0.18,14.31,100.0,0.004971565,0.17206425
57660,2794075,0.19,0.19,13.98,100.0,0.004970665,0.17205925
57670,2794546,0.2,0.2,13.95,100.0,0.0049698172,0.17205454
57680,2795046,0.17,0.17,13.99,100.0,0.0049689172,0.17204954
57690,2795528,0.15,0.15,13.99,100.0,0.0049680496,0.17204472
57700,2796022,0.14,0.14,13.92,100.0,0.004967160399999999,0.17203978
57710,2796498,0.15,0.15,13.89,100.0,0.004966303599999999,0.17203502
57720,2796998,0.17,0.17,13.96,100.0,0.0049654035999999995,0.17203002
57730,2797498,0.21,0.21,14.12,100.0,0.0049645036,0.17202502
57740,2797967,0.21,0.21,14.16,100.0,0.0049636594,0.17202033
57750,2798467,0.19,0.19,14.16,100.0,0.0049627594,0.17201533
57760,2798954,0.22,0.22,13.77,100.0,0.004961882799999999,0.17201046
57770,2799454,0.22,0.22,13.82,100.0,0.0049609827999999995,0.17200546
57780,2799942,0.21,0.21,13.82,100.0,0.004960104399999999,0.17200058000000001
57790,2800426,0.24,0.24,13.62,100.0,0.0049592332000000005,0.17199574
57800,2800913,0.25,0.25,13.59,100.0,0.0049583566,0.17199087000000002
57810,2801400,0.24,0.24,13.72,100.0,0.004957479999999999,0.171986
57820,2801900,0.25,0.25,13.63,100.0,0.0049565799999999995,0.171981
57830,2802397,0.23,0.23,13.12,100.0,0.0049556854,0.17197603
57840,2802897,0.23,0.23,13.08,100.0,0.0049547854,0.17197103
57850,2803366,0.25,0.25,13.08,100.0,0.0049539412,0.17196634
57860,2803866,0.23,0.23,12.8,100.0,0.0049530412,0.17196134000000002
57870,2804366,0.22,0.22,13.2,100.0,0.0049521412,0.17195634
57880,2804866,0.24,0.24,13.45,100.0,0.0049512412,0.17195134
57890,2805350,0.21,0.21,13.45,100.0,0.00495037,0.1719465
57900,2805835,0.21,0.21,13.16,100.0,0.004949497,0.17194165
57910,2806332,0.21,0.21,13.47,100.0,0.004948602399999999,0.17193668
57920,2806794,0.2,0.2,13.41,100.0,0.004947770799999999,0.17193206
57930,2807284,0.17,0.17,13.41,100.0,0.004946888799999999,0.17192716
57940,2807784,0.2,0.2,13.95,100.0,0.0049459887999999995,0.17192216
57950,2808247,0.19,0.19,13.96,100.0,0.0049451554,0.17191753
57960,2808747,0.19,0.19,13.24,100.0,0.0049442554,0.17191253
57970,2809247,0.2,0.2,13.24,100.0,0.004943355399999999,0.17190753
57980,2809735,0.2,0.2,13.01,100.0,0.004942477,0.17190265
57990,2810207,0.22,0.22,12.83,100.0,0.0049416274,0.17189793
58000,2810689,0.22,0.22,12.56,100.0,0.0049407598,0.17189311000000002
58010,2811189,0.22,0.22,12.85,100.0,0.0049398598,0.17188811
58020,2811671,0.21,0.21,12.62,100.0,0.0049389922,0.17188329
58030,2812171,0.2,0.2,12.62,100.0,0.0049380922,0.17187829
58040,2812671,0.16,0.16,12.78,100.0,0.0049371922,0.17187329
58050,2813157,0.15,0.15,12.78,100.0,0.004936317399999999,0.17186843000000002
58060,2813657,0.15,0.15,13.09,100.0,0.004935417399999999,0.17186343
58070,2814142,0.16,0.16,13.42,100.0,0.004934544399999999,0.17185858
58080,2814642,0.17,0.17,13.46,100.0,0.004933644399999999,0.17185358
58090,2815137,0.18,0.18,13.52,100.0,0.0049327534,0.17184863
58100,2815627,0.18,0.18,13.7,100.0,0.004931871399999999,0.17184373
58110,2816123,0.18,0.18,13.69,100.0,0.0049309786,0.17183877
58120,2816615,0.16,0.16,13.69,100.0,0.004930092999999999,0.17183385
58130,2817115,0.18,0.18,13.74,100.0,0.004929192999999999,0.17182885
58140,2817615,0.21,0.21,14.74,100.0,0.004928292999999999,0.17182385
58150,2818097,0.23,0.23,15.08,100.0,0.004927425399999999,0.17181903
58160,2818597,0.22,0.22,15.06,100.0,0.0049265253999999994,0.17181403
58170,2819097,0.21,0.21,14.77,100.0,0.0049256254,0.17180903
58180,2819588,0.19,0.19,14.78,100.0,0.004924741599999999,0.17180412
58190,2820071,0.17,0.17,14.8,100.0,0.004923872199999999,0.17179929
58200,2820571,0.17,0.17,14.89,100.0,0.0049229721999999995,0.17179429000000002
58210,2821071,0.16,0.16,15.23,100.0,0.0049220722,0.17178929
58220,2821555,0.16,0.16,15.23,100.0,0.004921200999999999,0.17178445
58230,2822026,0.16,0.16,14.97,100.0,0.004920353199999999,0.17177974000000001
58240,2822526,0.17,0.17,14.63,100.0,0.004919453199999999,0.17177474
58250,2823001,0.2,0.2,14.54,100.0,0.0049185982,0.17176999
58260,2823483,0.2,0.2,14.77,100.0,0.0049177306,0.17176517
58270,2823970,0.18,0.18,14.77,100.0,0.004916853999999999,0.1717603
58280,2824470,0.18,0.18,14.79,100.0,0.004915953999999999,0.1717553
58290,2824939,0.18,0.18,14.7,100.0,0.004915109799999999,0.17175061
58300,2825428,0.17,0.17,14.45,100.0,0.0049142296,0.17174572
58310,2825928,0.18,0.18,14.44,100.0,0.0049133296,0.17174072
58320,2826428,0.2,0.2,14.86,100.0,0.004912429599999999,0.17173572
58330,2826918,0.19,0.19,14.62,100.0,0.0049115476,0.17173082
58340,2827418,0.16,0.16,14.61,100.0,0.0049106476,0.17172582
58350,2827889,0.11,0.11,14.61,100.0,0.0049097998,0.17172111
58360,2828351,0.1,0.1,14.61,100.0,0.0049089682,0.17171649
58370,2828839,0.12,0.12,14.7,100.0,0.004908089799999999,0.17171161000000001
58380,2829323,0.11,0.11,14.7,100.0,0.004907218599999999,0.17170677
58390,2829823,0.11,0.11,14.58,100.0,0.004906318599999999,0.17170177
58400,2830323,0.1,0.1,14.58,100.0,0.004905418599999999,0.17169677
58410,2830821,0.12,0.12,14.57,100.0,0.0049045222,0.17169179
58420,2831321,0.13,0.13,14.63,100.0,0.0049036222,0.17168679
58430,2831814,0.12,0.12,14.63,100.0,0.004902734799999999,0.17168186
58440,2832314,0.14,0.14,15.32,100.0,0.004901834799999999,0.17167686
58450,2832795,0.16,0.16,15.46,100.0,0.004900968999999999,0.17167205
58460,2833293,0.19,0.19,15.25,100.0,0.0049000725999999994,0.17166707
58470,2833782,0.21,0.21,15.32,100.0,0.004899192399999999,0.17166218
58480,2834282,0.21,0.21,15.32,100.0,0.0048982923999999995,0.17165718
58490,2834766,0.24,0.24,15.04,100.0,0.004897421199999999,0.17165234000000001
58500,2835258,0.26,0.26,14.99,100.0,0.0048965356,0.17164742
58510,2835741,0.25,0.25,14.91,100.0,0.0048956662,0.17164259
58520,2836241,0.28,0.28,15.42,100.0,0.0048947662,0.17163759
58530,2836741,0.32,0.32,15.24,100.0,0.0048938662,0.17163259
58540,2837230,0.32,0.32,15.45,100.0,0.004892985999999999,0.1716277
58550,2837727,0.31,0.31,15.35,100.0,0.0048920914,0.17162273
58560,2838221,0.29,0.29,15.06,100.0,0.004891202199999999,0.17161779
58570,2838721,0.26,0.26,14.81,100.0,0.004890302199999999,0.17161279000000002
58580,2839201,0.26,0.26,14.81,100.0,0.0048894381999999995,0.17160799
58590,2839683,0.25,0.25,14.83,100.0,0.004888570599999999,0.17160317
58600,2840157,0.23,0.23,14.83,100.0,0.0048877174,0.17159843
58610,2840642,0.24,0.24,14.24,100.0,0.0048868444,0.17159358
58620,2841142,0.2,0.2,15.1,100.0,0.0048859444,0.17158858
58630,2841629,0.18,0.18,15.21,100.0,0.004885067799999999,0.17158371
58640,2842121,0.15,0.15,15.19,100.0,0.004884182199999999,0.17157879
58650,2842617,0.15,0.15,15.2,100.0,0.004883289399999999,0.17157383
58660,2843117,0.15,0.15,14.98,100.0,0.004882389399999999,0.17156883
58670,2843615,0.16,0.16,15.17,100.0,0.004881493,0.17156385000000002
58680,2844094,0.19,0.19,15.06,100.0,0.0048806308,0.17155906
58690,2844576,0.2,0.2,14.05,100.0,0.0048797632,0.17155424
58700,2845065,0.22,0.22,13.71,100.0,0.004878883,0.17154935
58710,2845548,0.21,0.2,13.74,100.0,0.0048780136,0.17154452
58720,2846028,0.22,0.21,14.02,100.0,0.0048771496,0.17153972
58730,2846513,0.23,0.22,13.65,100.0,0.0048762766,0.17153487
58740,2846995,0.22,0.21,13.65,100.0,0.004875409,0.17153005
58750,2847468,0.24,0.23,13.3,100.0,0.004874557599999999,0.17152532
58760,2847943,0.25,0.24,13.57,100.0,0.0048737026,0.17152057
58770,2848403,0.25,0.24,13.54,100.0,0.0048728745999999995,0.17151597000000002
58780,2848887,0.22,0.21,13.54,100.0,0.0048720034,0.17151113
58790,2849387,0.19,0.18,13.94,100.0,0.0048711034,0.17150613
58800,2849887,0.19,0.18,13.79,100.0,0.0048702034,0.17150113
58810,2850365,0.17,0.17,13.83,100.0,0.004869342999999999,0.17149635
58820,2850844,0.17,0.17,13.49,100.0,0.004868480799999999,0.17149156
58830,2851331,0.18,0.18,13.97,100.0,0.0048676042,0.17148669
58840,2851815,0.21,0.21,13.52,100.0,0.004866733,0.17148185
58850,2852248,0.18,0.18,13.52,100.0,0.0048659535999999995,0.17147752
58860,2852748,0.18,0.18,13.82,100.0,0.0048650536,0.17147252000000002
58870,2853233,0.18,0.18,14.15,100.0,0.004864180599999999,0.17146767000000002
58880,2853722,0.21,0.21,14.36,100.0,0.004863300399999999,0.17146278
58890,2854222,0.22,0.22,14.77,100.0,0.0048624003999999995,0.17145778
58900,2854722,0.2,0.2,14.77,100.0,0.0048615004,0.17145278
58910,2855222,0.21,0.21,15.06,100.0,0.0048606004,0.17144778
58920,2855722,0.19,0.19,14.78,100.0,0.0048597004,0.17144278000000002
58930,2856209,0.16,0.16,14.63,100.0,0.004858823799999999,0.17143791
58940,2856707,0.13,0.13,14.63,100.0,0.0048579274,0.17143293
58950,2857200,0.18,0.18,14.02,100.0,0.00485704,0.171428
58960,2857699,0.17,0.17,14.03,100.0,0.004856141799999999,0.17142301
58970,2858199,0.16,0.16,13.78,100.0,0.004855241799999999,0.17141801
58980,2858690,0.15,0.15,13.83,100.0,0.004854358,0.1714131
58990,2859154,0.15,0.15,13.61,100.0,0.0048535228,0.17140846
59000,2859654,0.17,0.17,13.74,100.0,0.0048526228,0.17140346
59010,2860154,0.16,0.16,13.76,100.0,0.0048517228,0.17139846
59020,2860601,0.16,0.16,14.12,100.0,0.0048509182,0.17139399
59030,2861101,0.15,0.15,14.12,100.0,0.0048500182,0.17138899000000002
59040,2861601,0.21,0.21,14.03,100.0,0.0048491182,0.17138399
59050,2862066,0.2,0.2,14.54,100.0,0.0048482812,0.17137934
59060,2862548,0.21,0.21,14.34,100.0,0.0048474136,0.17137452
59070,2863046,0.24,0.24,14.73,100.0,0.004846517199999999,0.17136954
59080,2863524,0.23,0.23,14.45,100.0,0.0048456568,0.17136476
59090,2864010,0.22,0.22,14.45,100.0,0.004844782,0.1713599
59100,2864507,0.21,0.21,14.64,100.0,0.0048438874,0.17135493000000002
59110,2864999,0.21,0.21,14.84,100.0,0.0048430018,0.17135001
59120,2865499,0.21,0.21,15.24,100.0,0.004842101799999999,0.17134501
59130,2865979,0.23,0.23,15.12,100.0,0.004841237799999999,0.17134021
59140,2866465,0.19,0.19,15.42,100.0,0.0048403629999999994,0.17133535
59150,2866949,0.19,0.19,15.41,100.0,0.0048394918,0.17133051
59160,2867431,0.18,0.18,15.41,100.0,0.0048386242,0.17132569
59170,2867931,0.16,0.16,14.52,100.0,0.004837724199999999,0.17132069
59180,2868426,0.16,0.16,14.52,100.0,0.0048368332,0.17131574
59190,2868922,0.17,0.17,14.2,100.0,0.0048359404,0.17131078
59200,2869412,0.18,0.18,14.43,100.0,0.0048350584,0.17130588
59210,2869906,0.19,0.19,14.33,100.0,0.0048341692,0.17130094
59220,2870382,0.2,0.2,14.24,100.0,0.0048333123999999995,0.17129618
59230,2870877,0.18,0.18,14.24,100.0,0.004832421399999999,0.17129123000000002
59240,2871342,0.17,0.17,14.26,100.0,0.004831584399999999,0.17128658
59250,2871823,0.15,0.15,14.29,100.0,0.0048307186,0.17128177
59260,2872309,0.14,0.14,14.29,100.0,0.0048298438,0.17127691
59270,2872809,0.17,0.17,14.59,100.0,0.0048289438,0.17127191
59280,2873309,0.16,0.16,14.59,100.0,0.0048280438,0.17126691
59290,2873809,0.14,0.14,14.59,100.0,0.004827143799999999,0.17126191000000002
59300,2874276,0.15,0.15,14.96,100.0,0.0048263032,0.17125724
59310,2874749,0.16,0.16,14.7,100.0,0.0048254518,0.17125251
59320,2875247,0.15,0.15,15.01,100.0,0.0048245554,0.17124753
59330,2875747,0.18,0.18,15.02,100.0,0.004823655399999999,0.17124253
59340,2876230,0.19,0.19,14.93,100.0,0.004822785999999999,0.1712377
59350,2876704,0.18,0.18,14.57,100.0,0.0048219327999999995,0.17123296
59360,2877190,0.19,0.19,14.63,100.0,0.004821058,0.1712281
59370,2877690,0.15,0.15,14.68,100.0,0.004820158,0.17122310000000002
59380,2878190,0.17,0.17,14.34,100.0,0.004819258,0.1712181
59390,2878673,0.17,0.17,14.34,100.0,0.0048183886,0.17121327
59400,2879164,0.15,0.15,14.33,100.0,0.0048175048,0.17120836
59410,2879660,0.15,0.15,14.3,100.0,0.004816612,0.1712034
59420,2880144,0.15,0.15,14.35,100.0,0.004815740799999999,0.17119856
59430,2880637,0.14,0.14,14.71,100.0,0.0048148534,0.17119363
59440,2881121,0.14,0.14,14.71,100.0,0.0048139822,0.17118879
59450,2881602,0.14,0.14,14.37,100.0,0.0048131164,0.17118398
59460,2882102,0.16,0.16,14.64,100.0,0.0048122163999999995,0.17117898
59470,2882602,0.16,0.16,14.29,100.0,0.004811316399999999,0.17117398
59480,2883077,0.15,0.15,14.32,100.0,0.0048104613999999995,0.17116923
59490,2883560,0.18,0.18,13.73,100.0,0.004809592,0.1711644
59500,2884046,0.19,0.19,13.63,100.0,0.0048087172,0.17115954
59510,2884546,0.18,0.18,13.0,100.0,0.0048078172,0.17115454
59520,2885040,0.17,0.17,13.0,100.0,0.004806928,0.1711496
59530,2885521,0.18,0.18,13.65,100.0,0.0048060622,0.17114479
59540,2885999,0.22,0.22,13.48,100.0,0.004805201799999999,0.17114001
59550,2886468,0.24,0.24,13.53,100.0,0.0048043576,0.17113532
59560,2886957,0.23,0.23,13.71,100.0,0.0048034774,0.17113043
59570,2887449,0.25,0.25,13.67,100.0,0.004802591799999999,0.17112551
59580,2887914,0.28,0.28,13.46,100.0,0.0048017548,0.17112086
59590,2888404,0.28,0.28,13.98,100.0,0.0048008728,0.17111596
59600,2888904,0.3,0.3,13.35,100.0,0.0047999728,0.17111096
59610,2889366,0.3,0.3,12.98,100.0,0.0047991412,0.17110634
59620,2889859,0.32,0.32,12.97,100.0,0.004798253799999999,0.17110141
59630,2890359,0.3,0.3,12.97,100.0,0.004797353799999999,0.17109641
59640,2890840,0.26,0.26,12.8,100.0,0.004796488,0.1710916
59650,2891325,0.24,0.24,12.82,100.0,0.004795615,0.17108675
59660,2891825,0.24,0.24,12.52,100.0,0.004794715,0.17108175
59670,2892315,0.23,0.23,12.1,100.0,0.004793833,0.17107685
59680,2892779,0.23,0.23,12.37,100.0,0.0047929978,0.17107221
59690,2893248,0.22,0.22,12.48,100.0,0.0047921536,0.17106752
59700,2893736,0.2,0.2,12.68,100.0,0.004791275199999999,0.17106264
59710,2894212,0.2,0.2,12.84,100.0,0.0047904183999999995,0.17105788
59720,2894711,0.19,0.19,12.95,100.0,0.0047895202,0.17105289
59730,2895189,0.19,0.19,13.34,100.0,0.004788659799999999,0.17104811
59740,2895675,0.18,0.18,13.39,100.0,0.004787785,0.17104325
59750,2896175,0.2,0.2,13.25,100.0,0.004786884999999999,0.17103825
59760,2896637,0.2,0.2,13.39,100.0,0.0047860533999999995,0.17103363
59770,2897137,0.19,0.19,13.41,100.0,0.0047851534,0.17102863000000001
59780,2897634,0.17,0.17,13.55,100.0,0.0047842588,0.17102366
59790,2898134,0.17,0.17,13.33,100.0,0.0047833588,0.17101866
59800,2898624,0.17,0.17,13.78,100.0,0.004782476799999999,0.17101376000000001
59810,2899120,0.17,0.17,13.93,100.0,0.004781583999999999,0.17100880000000002
59820,2899599,0.18,0.18,13.59,100.0,0.004780721799999999,0.17100401
59830,2900099,0.19,0.19,14.05,100.0,0.0047798217999999995,0.17099901
59840,2900585,0.21,0.21,14.06,100.0,0.0047789469999999995,0.17099415
59850,2901085,0.21,0.21,14.72,100.0,0.004778047,0.17098915
59860,2901567,0.2,0.2,14.7,100.0,0.0047771794,0.17098433000000002
59870,2902067,0.2,0.2,14.67,100.0,0.0047762794,0.17097933
59880,2902559,0.21,0.21,14.67,100.0,0.0047753938,0.17097441
59890,2903034,0.2,0.2,14.58,100.0,0.0047745387999999995,0.17096966
59900,2903516,0.19,0.19,14.57,100.0,0.0047736712,0.17096484
59910,2904004,0.18,0.18,14.91,100.0,0.0047727928,0.17095996
59920,2904482,0.21,0.21,14.83,100.0,0.0047719324,0.17095518
59930,2904968,0.21,0.21,14.98,100.0,0.0047710576,0.17095032
59940,2905468,0.2,0.2,14.84,100.0,0.0047701576,0.17094532
59950,2905950,0.18,0.18,14.81,100.0,0.00476929,0.1709405
59960,2906428,0.18,0.18,14.87,100.0,0.0047684296,0.17093572
59970,2906922,0.19,0.19,14.83,100.0,0.004767540399999999,0.17093078
59980,2907412,0.19,0.19,15.38,100.0,0.0047666584,0.17092588
59990,2907879,0.22,0.22,15.31,100.0,0.0047658178,0.17092121
60000,2908359,0.22,0.22,14.93,100.0,0.0047649538,0.17091641000000002
60010,2908839,0.23,0.23,14.84,100.0,0.0047640898,0.17091161
60020,2909338,0.19,0.19,14.86,100.0,0.004763191599999999,0.17090662
60030,2909797,0.19,0.19,14.83,100.0,0.0047623653999999994,0.17090203
60040,2910294,0.2,0.2,15.19,100.0,0.0047614708,0.17089706
60050,2910770,0.21,0.21,15.38,100.0,0.004760614,0.1708923
60060,2911270,0.21,0.21,15.39,100.0,0.004759713999999999,0.1708873
60070,2911734,0.2,0.2,15.1,100.0,0.004758878799999999,0.17088266
60080,2912234,0.2,0.2,15.33,100.0,0.004757978799999999,0.17087766
60090,2912729,0.18,0.18,15.38,100.0,0.0047570877999999995,0.17087271
60100,2913192,0.17,0.17,15.38,100.0,0.0047562544,0.17086808
60110,2913692,0.17,0.17,15.21,100.0,0.0047553544,0.17086308
60120,2914188,0.2,0.2,14.94,100.0,0.0047544616,0.17085812
60130,2914668,0.19,0.19,14.93,100.0,0.004753597599999999,0.17085332
60140,2915140,0.17,0.17,14.91,100.0,0.004752747999999999,0.17084860000000002
60150,2915640,0.18,0.18,14.94,100.0,0.0047518479999999995,0.1708436
60160,2916133,0.19,0.19,14.94,100.0,0.0047509606,0.17083867
60170,2916621,0.2,0.2,14.96,100.0,0.0047500822,0.17083379
60180,2917121,0.18,0.18,14.84,100.0,0.0047491822,0.17082879
60190,2917620,0.17,0.17,14.98,100.0,0.004748283999999999,0.1708238
60200,2918119,0.17,0.17,14.98,100.0,0.004747385799999999,0.17081881
60210,2918615,0.17,0.17,15.43,100.0,0.004746493,0.17081385
60220,2919105,0.13,0.13,15.43,100.0,0.004745610999999999,0.17080895000000001
60230,2919588,0.14,0.14,15.82,100.0,0.0047447416,0.17080412
60240,2920070,0.16,0.16,15.23,100.0,0.0047438739999999995,0.1707993
60250,2920541,0.14,0.14,15.24,100.0,0.0047430262,0.17079459
60260,2921041,0.13,0.13,15.35,100.0,0.0047421262,0.17078959
60270,2921536,0.13,0.13,15.62,100.0,0.004741235199999999,0.17078464
60280,2922036,0.14,0.14,15.71,100.0,0.004740335199999999,0.17077964
60290,2922532,0.15,0.15,15.94,100.0,0.0047394424,0.17077468
60300,2923020,0.15,0.15,15.94,100.0,0.004738564,0.1707698
60310,2923495,0.17,0.17,15.37,100.0,0.004737709,0.17076505
60320,2923994,0.19,0.19,15.81,100.0,0.0047368108,0.17076006
60330,2924481,0.18,0.18,15.55,100.0,0.0047359342,0.17075519
60340,2924936,0.16,0.16,15.75,100.0,0.004735115199999999,0.17075064
60350,2925424,0.16,0.16,15.8,100.0,0.0047342368,0.17074576
60360,2925924,0.17,0.17,16.08,100.0,0.0047333368,0.17074076
60370,2926415,0.19,0.19,15.46,100.0,0.004732452999999999,0.17073585
60380,2926915,0.19,0.19,15.34,100.0,0.0047315529999999995,0.17073085
60390,2927410,0.19,0.19,15.65,100.0,0.004730662,0.1707259
60400,2927902,0.19,0.19,15.65,100.0,0.0047297764,0.17072098
60410,2928402,0.17,0.17,15.52,100.0,0.0047288764,0.17071598
60420,2928897,0.17,0.17,15.71,100.0,0.0047279854,0.17071103
60430,2929391,0.19,0.19,15.55,100.0,0.004727096199999999,0.17070609
60440,2929859,0.18,0.18,15.55,100.0,0.004726253799999999,0.17070141
60450,2930359,0.24,0.24,15.67,100.0,0.004725353799999999,0.17069641
60460,2930829,0.22,0.22,15.67,100.0,0.0047245078,0.17069171
60470,2931313,0.21,0.21,15.38,100.0,0.0047236366,0.17068687
60480,2931811,0.21,0.21,15.08,100.0,0.0047227402000000005,0.17068189
60490,2932296,0.22,0.22,15.22,100.0,0.0047218672,0.17067704
60500,2932778,0.24,0.24,15.24,100.0,0.0047209996,0.17067222
60510,2933265,0.22,0.22,15.24,100.0,0.004720123,0.17066735
60520,2933708,0.21,0.21,15.36,100.0,0.0047193256,0.17066292
60530,2934181,0.19,0.19,15.37,100.0,0.0047184741999999995,0.17065819
60540,2934681,0.22,0.22,15.8,100.0,0.0047175742,0.17065319
60550,2935154,0.19,0.19,15.81,100.0,0.0047167228,0.17064846
60560,2935646,0.21,0.21,15.85,100.0,0.0047158372,0.17064354
60570,2936135,0.22,0.22,15.54,100.0,0.004714956999999999,0.17063865
60580,2936631,0.23,0.23,15.72,100.0,0.0047140642,0.17063369
60590,2937131,0.21,0.21,15.94,100.0,0.0047131642,0.17062869
60600,2937631,0.21,0.21,16.23,100.0,0.0047122642,0.17062369
60610,2938124,0.24,0.24,15.67,100.0,0.0047113768,0.17061876
60620,2938588,0.28,0.28,15.98,100.0,0.0047105416,0.17061412
60630,2939088,0.28,0.28,15.61,100.0,0.004709641599999999,0.17060912
60640,2939573,0.27,0.27,15.58,100.0,0.0047087686,0.17060427
60650,2940073,0.23,0.23,15.58,100.0,0.004707868599999999,0.17059927
60660,2940555,0.23,0.23,16.06,100.0,0.004707000999999999,0.17059445
60670,2941036,0.24,0.24,16.61,100.0,0.004706135199999999,0.17058964
60680,2941515,0.23,0.23,16.41,100.0,0.004705272999999999,0.17058485
60690,2941992,0.25,0.25,16.74,100.0,0.0047044144,0.17058008
60700,2942492,0.26,0.26,16.91,100.0,0.0047035144,0.17057508
60710,2942955,0.25,0.25,16.77,100.0,0.004702681,0.17057045
60720,2943455,0.23,0.23,16.27,100.0,0.0047017809999999995,0.17056545
60730,2943954,0.25,0.25,15.96,100.0,0.0047008828,0.17056046
60740,2944430,0.23,0.23,15.96,100.0,0.0047000259999999995,0.1705557
60750,2944892,0.25,0.25,15.98,100.0,0.0046991943999999996,0.17055108
60760,2945384,0.25,0.25,15.91,100.0,0.0046983088,0.17054616
60770,2945884,0.23,0.23,15.52,100.0,0.0046974088,0.17054116
60780,2946364,0.22,0.22,15.12,100.0,0.004696544799999999,0.17053636
60790,2946843,0.22,0.22,15.39,100.0,0.004695682599999999,0.17053157
60800,2947324,0.2,0.2,15.37,100.0,0.0046948167999999995,0.17052676
60810,2947800,0.19,0.19,15.26,100.0,0.00469396,0.170522
60820,2948291,0.17,0.17,15.0,100.0,0.004693076199999999,0.17051709
60830,2948784,0.17,0.17,14.88,100.0,0.0046921888,0.17051216
60840,2949269,0.18,0.18,14.75,100.0,0.0046913158,0.17050731
60850,2949769,0.17,0.17,15.08,100.0,0.0046904158,0.17050231
60860,2950269,0.19,0.19,15.19,100.0,0.0046895158,0.17049731
60870,2950769,0.18,0.18,15.32,100.0,0.0046886158,0.17049231
60880,2951253,0.17,0.17,15.32,100.0,0.0046877446,0.17048747
60890,2951733,0.17,0.17,15.03,100.0,0.004686880599999999,0.17048267
60900,2952225,0.17,0.17,15.31,100.0,0.004685994999999999,0.17047775
60910,2952723,0.19,0.19,14.85,100.0,0.0046850986,0.17047277
60920,2953223,0.18,0.18,14.85,100.0,0.0046841986,0.17046777000000002
60930,2953705,0.16,0.16,14.77,100.0,0.004683331,0.17046295
60940,2954205,0.23,0.23,15.12,100.0,0.004682431,0.17045795
60950,2954675,0.23,0.23,15.47,100.0,0.004681584999999999,0.17045325
60960,2955171,0.22,0.22,15.63,100.0,0.0046806922,0.17044829
60970,2955652,0.22,0.22,16.09,100.0,0.0046798264,0.17044348
60980,2956142,0.22,0.22,16.09,100.0,0.0046789444,0.17043858
60990,2956590,0.19,0.19,16.09,100.0,0.004678137999999999,0.1704341
61000,2957056,0.18,0.18,16.09,100.0,0.004677299199999999,0.17042944
61010,2957538,0.16,0.16,16.05,100.0,0.004676431599999999,0.17042462
61020,2958038,0.18,0.18,16.24,100.0,0.0046755315999999995,0.17041962
61030,2958538,0.19,0.19,16.4,100.0,0.0046746316,0.17041462000000002
61040,2959038,0.11,0.11,16.4,100.0,0.0046737316,0.17040962
61050,2959537,0.11,0.11,16.12,100.0,0.0046728334,0.17040463
61060,2960037,0.1,0.1,15.78,100.0,0.0046719334,0.17039963
61070,2960461,0.08,0.08,15.78,100.0,0.0046711702,0.17039539
61080,2960961,0.1,0.1,15.75,100.0,0.0046702702,0.17039039
61090,2961449,0.12,0.12,15.96,100.0,0.0046693918,0.17038551000000002
61100,2961933,0.13,0.13,15.74,100.0,0.0046685206,0.17038067
61110,2962430,0.14,0.14,15.4,100.0,0.004667626,0.17037570000000002
61120,2962930,0.15,0.15,15.37,100.0,0.004666726,0.1703707
61130,2963430,0.13,0.13,15.37,100.0,0.004665825999999999,0.1703657
61140,2963906,0.17,0.17,15.24,100.0,0.0046649692,0.17036094000000002
61150,2964406,0.2,0.2,15.54,100.0,0.0046640692,0.17035594
61160,2964891,0.22,0.22,15.51,100.0,0.0046631962,0.17035109
61170,2965361,0.24,0.24,15.4,100.0,0.004662350199999999,0.17034639000000001
61180,2965835,0.24,0.24,15.4,100.0,0.004661497,0.17034165
61190,2966335,0.22,0.22,15.4,100.0,0.004660597,0.17033665
61200,2966835,0.23,0.23,15.72,100.0,0.004659697,0.17033165
61210,2967332,0.23,0.23,15.77,100.0,0.0046588024,0.17032668
61220,2967810,0.22,0.22,15.84,100.0,0.004657941999999999,0.1703219
61230,2968308,0.26,0.26,15.16,100.0,0.0046570456,0.17031692
61240,2968808,0.23,0.23,15.11,100.0,0.0046561456,0.17031192
61250,2969295,0.21,0.21,15.57,100.0,0.004655268999999999,0.17030705000000002
61260,2969767,0.23,0.23,15.23,100.0,0.0046544194,0.17030233
61270,2970254,0.24,0.24,15.39,100.0,0.0046535427999999995,0.17029746
61280,2970754,0.24,0.24,15.36,100.0,0.0046526428,0.17029246
61290,2971218,0.26,0.26,15.44,100.0,0.004651807599999999,0.17028782
61300,2971702,0.26,0.26,15.7,100.0,0.0046509364,0.17028298
61310,2972183,0.27,0.27,15.95,100.0,0.004650070599999999,0.17027817
61320,2972683,0.27,0.27,15.94,100.0,0.0046491705999999995,0.17027317
61330,2973183,0.25,0.25,15.86,100.0,0.0046482706,0.17026817
61340,2973683,0.26,0.26,15.58,100.0,0.0046473706,0.17026317000000002
61350,2974156,0.24,0.24,15.58,100.0,0.004646519199999999,0.17025844
61360,2974633,0.19,0.19,15.51,100.0,0.0046456606,0.17025367
61370,2975106,0.19,0.19,16.63,100.0,0.004644809199999999,0.17024894000000002
61380,2975583,0.18,0.18,16.68,100.0,0.004643950599999999,0.17024417
61390,2976080,0.19,0.19,16.33,100.0,0.004643056,0.1702392
61400,2976570,0.17,0.17,16.33,100.0,0.004642174,0.1702343
61410,2977060,0.17,0.17,16.6,100.0,0.004641291999999999,0.1702294
61420,2977537,0.21,0.21,16.65,100.0,0.0046404333999999995,0.17022463
61430,2978037,0.22,0.22,16.62,100.0,0.0046395334,0.17021963
61440,2978537,0.23,0.23,16.85,100.0,0.0046386334,0.17021463
61450,2979029,0.24,0.24,16.78,100.0,0.004637747799999999,0.17020971000000001
61460,2979510,0.25,0.25,16.88,100.0,0.004636881999999999,0.1702049
61470,2980009,0.23,0.23,16.78,100.0,0.004635983799999999,0.17019991
61480,2980503,0.23,0.23,17.22,100.0,0.0046350945999999995,0.17019497
61490,2980994,0.21,0.21,17.17,100.0,0.004634210799999999,0.17019006
61500,2981458,0.23,0.23,16.75,100.0,0.0046333756,0.17018542
61510,2981948,0.22,0.22,16.4,100.0,0.0046324936,0.17018052
61520,2982445,0.17,0.17,16.54,100.0,0.004631598999999999,0.17017555
61530,2982926,0.18,0.18,16.39,100.0,0.004630733199999999,0.17017074
61540,2983426,0.19,0.19,15.94,100.0,0.004629833199999999,0.17016574
61550,2983891,0.21,0.21,16.65,100.0,0.004628996199999999,0.17016109000000001
61560,2984391,0.19,0.19,16.65,100.0,0.004628096199999999,0.17015609
61570,2984891,0.18,0.18,16.65,100.0,0.004627196199999999,0.17015109
61580,2985353,0.17,0.17,16.65,100.0,0.004626364599999999,0.17014647
61590,2985840,0.18,0.18,16.83,100.0,0.004625488,0.1701416
61600,2986323,0.18,0.18,17.14,100.0,0.004624618599999999,0.17013677
61610,2986823,0.19,0.19,17.4,100.0,0.004623718599999999,0.17013177000000002
61620,2987323,0.19,0.19,17.46,100.0,0.004622818599999999,0.17012677
61630,2987810,0.16,0.16,17.53,100.0,0.0046219419999999995,0.1701219
61640,2988300,0.13,0.13,17.52,100.0,0.00462106,0.17011700000000002
61650,2988800,0.12,0.12,17.51,100.0,0.00462016,0.170112
61660,2989300,0.13,0.13,17.47,100.0,0.00461926,0.170107
61670,2989788,0.14,0.14,17.56,100.0,0.0046183816,0.17010212
61680,2990285,0.16,0.16,17.57,100.0,0.004617487,0.17009715
61690,2990772,0.19,0.19,17.86,100.0,0.004616610399999999,0.17009228
61700,2991272,0.21,0.21,17.3,100.0,0.0046157104,0.17008728
61710,2991762,0.2,0.2,17.42,100.0,0.0046148284,0.17008238
61720,2992262,0.24,0.24,17.3,100.0,0.0046139284,0.17007738
61730,2992762,0.24,0.24,17.31,100.0,0.0046130284,0.17007238
61740,2993251,0.25,0.25,17.1,100.0,0.004612148199999999,0.17006749
61750,2993751,0.26,0.26,16.67,100.0,0.004611248199999999,0.17006249
61760,2994238,0.27,0.27,16.69,100.0,0.0046103716,0.17005762
61770,2994735,0.26,0.26,16.69,100.0,0.004609477,0.17005265
61780,2995229,0.26,0.26,16.64,100.0,0.0046085878,0.17004771000000002
61790,2995729,0.21,0.21,16.64,100.0,0.0046076878,0.17004271
61800,2996215,0.17,0.17,16.64,100.0,0.0046068129999999995,0.17003785
61810,2996702,0.17,0.17,16.46,100.0,0.0046059364,0.17003298
61820,2997201,0.12,0.12,16.46,100.0,0.0046050382,0.17002799000000002
61830,2997687,0.12,0.12,16.62,100.0,0.0046041634,0.17002313
61840,2998185,0.1,0.1,16.62,100.0,0.004603266999999999,0.17001815
61850,2998659,0.09,0.09,16.83,100.0,0.004602413799999999,0.17001341
61860,2999151,0.07,0.07,16.83,100.0,0.0046015282,0.17000849
61870,2999646,0.1,0.1,16.83,100.0,0.0046006371999999995,0.17000354
61880,3000137,0.12,0.12,16.53,100.0,0.0045997534,0.16999863
61890,3000631,0.13,0.13,16.35,100.0,0.0045988641999999995,0.16999369
61900,3001118,0.13,0.13,16.35,100.0,0.0045979876,0.16998882
61910,3001616,0.11,0.11,16.35,100.0,0.0045970912,0.16998384
61920,3002075,0.13,0.13,16.32,100.0,0.0045962649999999996,0.16997925
61930,3002564,0.12,0.12,16.32,100.0,0.0045953848,0.16997436
61940,3003064,0.17,0.17,16.65,100.0,0.0045944848,0.16996936
61950,3003564,0.16,0.16,17.0,100.0,0.004593584799999999,0.16996436
61960,3004044,0.19,0.19,16.23,100.0,0.004592720799999999,0.16995956
61970,3004519,0.17,0.17,16.15,100.0,0.0045918658,0.16995481
61980,3005019,0.16,0.16,16.33,100.0,0.0045909658,0.16994981
61990,3005515,0.18,0.18,15.94,100.0,0.004590072999999999,0.16994485
62000,3005996,0.2,0.2,15.99,100.0,0.004589207199999999,0.16994004000000001
62010,3006496,0.21,0.21,15.77,100.0,0.004588307199999999,0.16993504
62020,3006988,0.21,0.21,15.5,100.0,0.0045874216,0.16993012000000002
62030,3007488,0.21,0.21,15.5,100.0,0.0045865216,0.16992512
62040,3007971,0.21,0.21,15.71,100.0,0.0045856522,0.16992029
62050,3008471,0.22,0.22,15.32,100.0,0.0045847522,0.16991529
62060,3008954,0.19,0.19,15.32,100.0,0.0045838828,0.16991046
62070,3009454,0.18,0.18,15.32,100.0,0.0045829828000000005,0.16990546
62080,3009952,0.16,0.16,15.13,100.0,0.004582086399999999,0.16990048
62090,3010438,0.15,0.15,15.24,100.0,0.0045812116,0.16989562
62100,3010938,0.16,0.16,15.37,100.0,0.0045803115999999994,0.16989062
62110,3011438,0.15,0.15,15.37,100.0,0.0045794116,0.16988562000000001
62120,3011938,0.16,0.16,15.06,100.0,0.0045785116,0.16988062
62130,3012438,0.17,0.17,15.1,100.0,0.0045776116,0.16987562
62140,3012912,0.13,0.13,15.23,100.0,0.0045767583999999995,0.16987088
62150,3013404,0.12,0.12,15.26,100.0,0.004575872799999999,0.16986596
62160,3013893,0.15,0.15,15.26,100.0,0.004574992599999999,0.16986107
62170,3014389,0.15,0.15,15.26,100.0,0.004574099799999999,0.16985611
62180,3014879,0.15,0.15,15.25,100.0,0.0045732178,0.16985121
62190,3015378,0.16,0.16,15.16,100.0,0.004572319599999999,0.16984622
62200,3015878,0.16,0.16,14.93,100.0,0.0045714195999999995,0.16984122000000001
62210,3016351,0.18,0.18,15.0,100.0,0.0045705682,0.16983649
62220,3016850,0.17,0.17,14.68,100.0,0.00456967,0.1698315
62230,3017337,0.2,0.2,15.18,100.0,0.0045687934,0.16982663
62240,3017812,0.2,0.2,15.08,100.0,0.004567938399999999,0.16982188
62250,3018285,0.22,0.22,15.4,100.0,0.004567086999999999,0.16981715
62260,3018784,0.2,0.2,15.44,100.0,0.0045661888,0.16981216
62270,3019284,0.22,0.22,15.15,100.0,0.0045652888,0.16980716
62280,3019773,0.23,0.23,15.04,100.0,0.004564408599999999,0.16980227
62290,3020259,0.25,0.25,15.07,100.0,0.004563533799999999,0.16979741
62300,3020740,0.24,0.24,15.0,100.0,0.004562668,0.16979260000000002
62310,3021240,0.23,0.23,14.92,100.0,0.004561768,0.1697876
62320,3021740,0.23,0.23,15.27,100.0,0.004560867999999999,0.1697826
62330,3022214,0.21,0.21,15.23,100.0,0.0045600148,0.16977786
62340,3022714,0.25,0.25,15.61,100.0,0.004559114799999999,0.16977286
62350,3023214,0.22,0.22,15.61,100.0,0.004558214799999999,0.16976786
62360,3023714,0.22,0.22,15.88,100.0,0.004557314799999999,0.16976286
62370,3024196,0.22,0.22,16.36,100.0,0.004556447199999999,0.16975804
62380,3024678,0.24,0.24,16.19,100.0,0.004555579599999999,0.16975322
62390,3025160,0.19,0.19,16.19,100.0,0.004554712,0.1697484
62400,3025660,0.19,0.19,16.44,100.0,0.004553812,0.1697434
62410,3026157,0.22,0.22,16.26,100.0,0.0045529174,0.16973843
62420,3026648,0.23,0.23,16.29,100.0,0.004552033599999999,0.16973352
62430,3027108,0.23,0.23,16.46,100.0,0.004551205599999999,0.16972892
62440,3027608,0.2,0.2,16.43,100.0,0.0045503055999999995,0.16972392
62450,3028108,0.22,0.22,16.82,100.0,0.0045494056,0.16971892
62460,3028608,0.22,0.22,16.89,100.0,0.0045485056,0.16971392
62470,3029097,0.22,0.22,17.4,100.0,0.0045476254,0.16970903
62480,3029573,0.22,0.22,16.53,100.0,0.0045467686,0.16970427
62490,3030052,0.23,0.23,16.4,100.0,0.0045459064,0.16969948
62500,3030543,0.23,0.23,16.6,100.0,0.0045450225999999995,0.16969457
62510,3031027,0.22,0.22,16.65,100.0,0.0045441514,0.16968973
62520,3031522,0.21,0.21,16.53,100.0,0.0045432604,0.16968478
62530,3032021,0.23,0.23,16.37,100.0,0.0045423622,0.16967979
62540,3032521,0.23,0.23,16.76,100.0,0.004541462199999999,0.16967479
62550,3033021,0.23,0.23,16.83,100.0,0.004540562199999999,0.16966979
62560,3033510,0.24,0.24,16.58,100.0,0.004539682,0.1696649
62570,3034010,0.24,0.24,16.75,100.0,0.004538782,0.1696599
62580,3034489,0.22,0.22,16.58,100.0,0.004537919799999999,0.16965511
62590,3034989,0.23,0.23,16.99,100.0,0.004537019799999999,0.16965011
62600,3035452,0.23,0.23,16.99,100.0,0.0045361863999999995,0.16964548
62610,3035936,0.22,0.22,16.96,100.0,0.004535315199999999,0.16964064
62620,3036417,0.2,0.2,16.96,100.0,0.0045344493999999996,0.16963583
62630,3036917,0.19,0.19,16.75,100.0,0.0045335494,0.16963083
62640,3037402,0.17,0.17,16.75,100.0,0.0045326763999999995,0.16962598
62650,3037902,0.19,0.19,17.21,100.0,0.0045317764,0.16962098
62660,3038394,0.19,0.19,17.03,100.0,0.0045308907999999995,0.16961606
62670,3038862,0.17,0.17,17.03,100.0,0.004530048399999999,0.16961138
62680,3039351,0.15,0.15,17.03,100.0,0.004529168199999999,0.16960649
62690,3039835,0.15,0.15,16.8,100.0,0.004528296999999999,0.16960165
62700,3040335,0.15,0.15,16.98,100.0,0.004527396999999999,0.16959665
62710,3040829,0.14,0.14,16.89,100.0,0.004526507799999999,0.16959171
62720,3041325,0.15,0.15,17.08,100.0,0.004525615,0.16958675
62730,3041811,0.15,0.15,16.94,100.0,0.0045247402,0.16958189
62740,3042311,0.16,0.16,17.26,100.0,0.0045238402,0.16957689
62750,3042793,0.12,0.12,17.26,100.0,0.0045229726,0.16957207
62760,3043286,0.11,0.11,17.26,100.0,0.0045220851999999995,0.16956714
62770,3043786,0.13,0.13,17.08,100.0,0.0045211852,0.16956214
62780,3044273,0.14,0.14,17.07,100.0,0.004520308599999999,0.16955727
62790,3044773,0.12,0.12,17.07,100.0,0.004519408599999999,0.16955227
62800,3045244,0.12,0.12,17.13,100.0,0.0045185608,0.16954756
62810,3045743,0.11,0.11,17.13,100.0,0.004517662599999999,0.16954257
62820,3046243,0.11,0.11,17.13,100.0,0.004516762599999999,0.16953757
62830,3046743,0.09,0.09,16.98,100.0,0.004515862599999999,0.16953257
62840,3047233,0.1,0.1,17.35,100.0,0.0045149806,0.16952767
62850,3047733,0.1,0.1,17.35,100.0,0.0045140805999999995,0.16952267
62860,3048225,0.11,0.11,17.19,100.0,0.004513194999999999,0.16951775
62870,3048716,0.11,0.11,16.99,100.0,0.004512311199999999,0.16951284
62880,3049199,0.11,0.11,16.95,100.0,0.004511441799999999,0.16950801
62890,3049687,0.14,0.14,17.2,100.0,0.0045105634,0.16950313
62900,3050187,0.12,0.12,17.2,100.0,0.0045096634,0.16949813
62910,3050685,0.14,0.14,16.98,100.0,0.0045087669999999995,0.16949315
62920,3051171,0.16,0.16,16.87,100.0,0.0045078922,0.16948829
62930,3051656,0.16,0.16,16.77,100.0,0.0045070192,0.16948344
62940,3052146,0.15,0.15,16.39,100.0,0.0045061371999999995,0.16947854
62950,3052640,0.18,0.18,16.17,100.0,0.004505248,0.1694736
62960,3053140,0.16,0.16,16.17,100.0,0.004504348,0.1694686
62970,3053640,0.15,0.15,16.16,100.0,0.004503447999999999,0.1694636
62980,3054140,0.15,0.15,16.07,100.0,0.0045025479999999994,0.1694586
62990,3054626,0.14,0.14,15.79,100.0,0.0045016732,0.16945374
63000,3055118,0.16,0.16,15.97,100.0,0.004500787599999999,0.16944882
63010,3055618,0.17,0.17,15.83,100.0,0.0044998875999999995,0.16944382
63020,3056115,0.16,0.16,15.86,100.0,0.004498993,0.16943885
63030,3056615,0.18,0.18,16.28,100.0,0.004498093,0.16943385
63040,3057115,0.21,0.21,15.98,100.0,0.004497192999999999,0.16942885
63050,3057601,0.19,0.19,16.03,100.0,0.0044963182,0.16942399
63060,3058101,0.2,0.2,15.99,100.0,0.0044954182,0.16941899
63070,3058601,0.2,0.2,16.18,100.0,0.0044945181999999995,0.16941399
63080,3059101,0.21,0.21,16.08,100.0,0.0044936182,0.16940899
63090,3059601,0.21,0.21,15.54,100.0,0.004492718199999999,0.16940399
63100,3060101,0.2,0.2,15.81,100.0,0.004491818199999999,0.16939899
63110,3060595,0.19,0.19,15.93,100.0,0.004490929,0.16939405
63120,3061095,0.17,0.17,15.93,100.0,0.0044900289999999995,0.16938905
63130,3061583,0.16,0.16,15.99,100.0,0.004489150599999999,0.16938417
63140,3062083,0.14,0.14,16.01,100.0,0.004488250599999999,0.16937917
63150,3062583,0.17,0.17,15.34,100.0,0.0044873505999999995,0.16937417
63160,3063072,0.16,0.16,15.34,100.0,0.0044864703999999995,0.16936928
63170,3063568,0.15,0.15,15.34,100.0,0.0044855775999999995,0.16936432
63180,3064068,0.14,0.14,15.62,100.0,0.0044846776,0.16935932
63190,3064558,0.12,0.12,15.62,100.0,0.0044837956,0.16935442
63200,3065042,0.12,0.12,15.79,100.0,0.004482924399999999,0.16934958
63210,3065542,0.11,0.11,15.85,100.0,0.0044820243999999995,0.16934458
63220,3066042,0.11,0.11,15.85,100.0,0.0044811244,0.16933958
63230,3066542,0.1,0.1,16.18,100.0,0.0044802244,0.16933458
63240,3067042,0.09,0.09,16.24,100.0,0.0044793244,0.16932958
63250,3067542,0.09,0.09,16.25,100.0,0.0044784244,0.16932458
63260,3068030,0.11,0.11,15.79,100.0,0.004477546,0.1693197
63270,3068530,0.14,0.14,15.77,100.0,0.004476646,0.1693147
63280,3069030,0.17,0.17,16.18,100.0,0.004475746,0.1693097
63290,3069530,0.2,0.2,15.87,100.0,0.004474846,0.1693047
63300,3070026,0.24,0.24,15.34,100.0,0.004473953199999999,0.16929974
63310,3070526,0.26,0.26,15.35,100.0,0.0044730531999999995,0.16929474
63320,3071026,0.26,0.26,15.35,100.0,0.0044721532,0.16928974
63330,3071526,0.28,0.28,14.87,100.0,0.0044712532,0.16928474
63340,3072006,0.29,0.29,14.95,100.0,0.0044703892,0.16927994
63350,3072506,0.28,0.28,14.97,100.0,0.0044694892,0.16927494
63360,3073001,0.29,0.29,14.42,100.0,0.004468598199999999,0.16926999
63370,3073501,0.26,0.26,14.42,100.0,0.004467698199999999,0.16926499
63380,3074001,0.25,0.25,14.02,100.0,0.004466798199999999,0.16925999
63390,3074490,0.25,0.25,13.39,100.0,0.004465918,0.1692551
63400,3074974,0.2,0.2,13.39,100.0,0.0044650468,0.16925026
63410,3075472,0.18,0.18,13.62,100.0,0.004464150399999999,0.16924528
63420,3075972,0.2,0.2,13.56,100.0,0.0044632503999999995,0.16924028
63430,3076454,0.18,0.18,13.59,100.0,0.004462382799999999,0.16923546
63440,3076954,0.18,0.18,13.2,100.0,0.0044614827999999995,0.16923046
63450,3077454,0.18,0.18,13.04,100.0,0.0044605828,0.16922546
63460,3077932,0.17,0.17,13.52,100.0,0.0044597223999999994,0.16922068
63470,3078430,0.2,0.2,13.39,100.0,0.004458826,0.1692157
63480,3078917,0.21,0.21,13.68,100.0,0.004457949399999999,0.16921083
63490,3079413,0.18,0.18,13.68,100.0,0.0044570566,0.16920587
63500,3079913,0.19,0.19,13.49,100.0,0.0044561565999999995,0.16920087
63510,3080409,0.19,0.19,13.58,100.0,0.0044552637999999995,0.16919591
63520,3080889,0.17,0.17,13.58,100.0,0.0044543998,0.16919111
63530,3081375,0.17,0.17,13.59,100.0,0.004453524999999999,0.16918625
63540,3081875,0.18,0.18,13.99,100.0,0.004452624999999999,0.16918125
63550,3082375,0.15,0.15,13.99,100.0,0.004451724999999999,0.16917625
63560,3082858,0.16,0.16,13.73,100.0,0.004450855599999999,0.16917142
63570,3083340,0.13,0.13,13.73,100.0,0.004449987999999999,0.1691666
63580,3083823,0.12,0.12,13.43,100.0,0.0044491185999999995,0.16916177
63590,3084303,0.12,0.12,13.43,100.0,0.0044482546,0.16915697
63600,3084803,0.14,0.14,13.39,100.0,0.0044473546,0.16915197
63610,3085303,0.16,0.16,13.63,100.0,0.0044464546,0.16914697
63620,3085803,0.17,0.17,13.7,100.0,0.0044455546,0.16914197
63630,3086303,0.21,0.21,13.71,100.0,0.0044446545999999995,0.16913697
63640,3086803,0.2,0.2,13.9,100.0,0.0044437546,0.16913197
63650,3087303,0.23,0.23,13.85,100.0,0.004442854599999999,0.16912697
63660,3087780,0.22,0.22,13.73,100.0,0.004441995999999999,0.1691222
63670,3088265,0.26,0.26,13.32,100.0,0.004441122999999999,0.16911735
63680,3088765,0.27,0.27,13.94,100.0,0.004440222999999999,0.16911235
63690,3089265,0.3,0.3,14.33,100.0,0.004439322999999999,0.16910735
63700,3089765,0.29,0.29,13.9,100.0,0.0044384229999999995,0.16910235
63710,3090265,0.28,0.28,13.91,100.0,0.004437523,0.16909735
63720,3090765,0.29,0.29,14.22,100.0,0.004436623,0.16909235
63730,3091265,0.26,0.26,14.54,100.0,0.004435722999999999,0.16908735
63740,3091765,0.26,0.26,14.9,100.0,0.004434822999999999,0.16908235
63750,3092262,0.26,0.26,14.7,100.0,0.0044339283999999994,0.16907738
63760,3092741,0.25,0.25,14.65,100.0,0.0044330661999999995,0.16907259
63770,3093235,0.23,0.23,14.42,100.0,0.004432177,0.16906765
63780,3093734,0.2,0.2,14.06,100.0,0.004431278799999999,0.16906266
63790,3094234,0.21,0.21,14.31,100.0,0.004430378799999999,0.16905766
63800,3094734,0.2,0.2,14.31,100.0,0.004429478799999999,0.16905266
63810,3095226,0.19,0.19,14.3,100.0,0.0044285932,0.16904774
63820,3095726,0.18,0.18,14.06,100.0,0.0044276932,0.16904274
63830,3096226,0.18,0.18,14.05,100.0,0.004426793199999999,0.16903774
63840,3096716,0.17,0.17,14.18,100.0,0.0044259111999999995,0.16903284
63850,3097199,0.15,0.15,14.21,100.0,0.0044250418,0.16902801
63860,3097699,0.17,0.17,13.96,100.0,0.0044241418,0.16902301
63870,3098199,0.2,0.2,14.09,100.0,0.0044232418,0.16901801
63880,3098699,0.2,0.2,14.12,100.0,0.0044223418,0.16901301
63890,3099198,0.19,0.19,14.46,100.0,0.004421443599999999,0.16900802
63900,3099698,0.21,0.21,14.97,100.0,0.004420543599999999,0.16900302
63910,3100186,0.23,0.23,14.58,100.0,0.0044196652,0.16899814
63920,3100646,0.24,0.24,14.49,100.0,0.004418837199999999,0.16899354
63930,3101146,0.25,0.25,14.51,100.0,0.0044179371999999995,0.16898854
63940,3101641,0.25,0.25,14.51,100.0,0.004417046199999999,0.16898359
63950,3102138,0.24,0.24,14.51,100.0,0.0044161515999999994,0.16897862
63960,3102638,0.25,0.25,13.98,100.0,0.0044152516,0.16897362
63970,3103126,0.21,0.21,14.03,100.0,0.004414373199999999,0.16896874
63980,3103610,0.21,0.21,13.88,100.0,0.004413502,0.1689639
63990,3104110,0.2,0.2,14.19,100.0,0.004412602,0.1689589
64000,3104593,0.2,0.2,14.09,100.0,0.0044117326,0.16895407
64010,3105083,0.18,0.18,13.99,100.0,0.004410850599999999,0.16894917
64020,3105570,0.17,0.17,14.04,100.0,0.004409973999999999,0.1689443
64030,3106059,0.14,0.14,14.04,100.0,0.0044090938,0.16893941
64040,3106547,0.16,0.16,13.96,100.0,0.004408215399999999,0.16893453
64050,3107040,0.19,0.19,14.43,100.0,0.004407328,0.1689296
64060,3107531,0.18,0.18,15.2,100.0,0.0044064442,0.16892469
64070,3108002,0.21,0.21,15.6,100.0,0.004405596399999999,0.16891998
64080,3108491,0.21,0.21,15.85,100.0,0.0044047161999999996,0.16891509
64090,3108965,0.19,0.19,15.85,100.0,0.004403862999999999,0.16891035
64100,3109461,0.21,0.21,15.61,100.0,0.004402970199999999,0.16890539
64110,3109959,0.21,0.21,15.72,100.0,0.0044020738,0.16890041
64120,3110457,0.21,0.21,15.72,100.0,0.0044011774,0.16889543
64130,3110946,0.22,0.22,15.35,100.0,0.004400297199999999,0.16889054
64140,3111432,0.19,0.19,15.35,100.0,0.004399422399999999,0.16888568
64150,3111932,0.19,0.19,15.83,100.0,0.0043985223999999995,0.16888068
64160,3112418,0.18,0.18,15.59,100.0,0.0043976475999999995,0.16887582
64170,3112908,0.16,0.16,15.94,100.0,0.0043967656,0.16887092
64180,3113392,0.22,0.22,15.63,100.0,0.0043958944,0.16886608
64190,3113882,0.23,0.23,15.27,100.0,0.0043950123999999995,0.16886118
64200,3114382,0.19,0.19,15.22,100.0,0.0043941124,0.16885618
64210,3114869,0.22,0.22,15.4,100.0,0.004393235799999999,0.16885131
64220,3115343,0.24,0.24,15.61,100.0,0.0043923826,0.16884657
64230,3115843,0.24,0.24,15.85,100.0,0.0043914826,0.16884157
64240,3116326,0.25,0.25,15.8,100.0,0.0043906132,0.16883674
64250,3116826,0.23,0.23,15.8,100.0,0.0043897132,0.16883174
64260,3117326,0.21,0.21,15.8,100.0,0.004388813199999999,0.16882674
64270,3117826,0.2,0.2,15.47,100.0,0.004387913199999999,0.16882174
64280,3118318,0.13,0.13,15.47,100.0,0.004387027599999999,0.16881682
64290,3118806,0.15,0.15,15.6,100.0,0.004386149199999999,0.16881194
64300,3119306,0.15,0.15,15.59,100.0,0.004385249199999999,0.16880694
64310,3119804,0.14,0.14,15.54,100.0,0.0043843528,0.16880196
64320,3120286,0.13,0.13,15.95,100.0,0.0043834851999999995,0.16879714
64330,3120770,0.13,0.13,15.99,100.0,0.004382614,0.1687923
64340,3121262,0.13,0.13,15.95,100.0,0.004381728399999999,0.16878738
64350,3121746,0.15,0.15,16.28,100.0,0.004380857199999999,0.16878254
64360,3122246,0.15,0.15,16.28,100.0,0.0043799571999999995,0.16877754
64370,3122735,0.16,0.16,16.56,100.0,0.0043790769999999994,0.16877265
64380,3123227,0.18,0.18,16.39,100.0,0.004378191399999999,0.16876773
64390,3123727,0.16,0.16,16.36,100.0,0.0043772913999999994,0.16876273
64400,3124227,0.17,0.17,16.68,100.0,0.0043763914,0.16875773
64410,3124727,0.19,0.19,16.94,100.0,0.0043754914,0.16875273
64420,3125227,0.17,0.17,16.94,100.0,0.0043745914,0.16874772999999998
64430,3125727,0.19,0.19,16.76,100.0,0.0043736914,0.16874273
64440,3126227,0.18,0.18,16.76,100.0,0.0043727914,0.16873773
64450,3126726,0.18,0.18,16.62,100.0,0.004371893199999999,0.16873274
64460,3127194,0.21,0.21,16.85,100.0,0.0043710508,0.16872806
64470,3127661,0.21,0.21,17.15,100.0,0.0043702101999999994,0.16872339
64480,3128151,0.23,0.23,17.74,100.0,0.0043693282,0.16871849
64490,3128639,0.25,0.25,17.76,100.0,0.0043684498,0.16871361
64500,3129139,0.24,0.24,17.73,100.0,0.0043675497999999995,0.16870860999999998
64510,3129639,0.2,0.2,18.11,100.0,0.0043666498,0.16870361
64520,3130125,0.2,0.2,18.11,100.0,0.004365774999999999,0.16869875
64530,3130625,0.17,0.17,18.11,100.0,0.004364874999999999,0.16869375
64540,3131117,0.19,0.19,18.07,100.0,0.0043639894,0.16868883
64550,3131617,0.16,0.16,18.07,100.0,0.0043630894,0.16868383
64560,3132107,0.14,0.14,18.13,100.0,0.004362207399999999,0.16867893
64570,3132607,0.12,0.12,18.13,100.0,0.004361307399999999,0.16867393
64580,3133095,0.13,0.13,17.57,100.0,0.004360428999999999,0.16866905
64590,3133578,0.11,0.11,17.56,100.0,0.004359559599999999,0.16866422
64600,3134054,0.12,0.12,17.87,100.0,0.004358702799999999,0.16865945999999998
64610,3134554,0.13,0.13,17.79,100.0,0.0043578027999999994,0.16865446
64620,3135054,0.14,0.14,17.78,100.0,0.0043569028,0.16864946
64630,3135544,0.16,0.16,17.82,100.0,0.0043560208,0.16864456
64640,3136028,0.14,0.14,17.82,100.0,0.004355149599999999,0.16863972
64650,3136528,0.16,0.16,17.52,100.0,0.0043542495999999995,0.16863472000000002
64660,3136998,0.18,0.18,17.17,100.0,0.0043534036,0.16863002
64670,3137497,0.21,0.21,17.27,100.0,0.004352505399999999,0.16862503
64680,3137989,0.2,0.2,17.16,100.0,0.0043516197999999996,0.16862011
64690,3138489,0.2,0.2,16.98,100.0,0.0043507198,0.16861511
64700,3138989,0.18,0.18,16.98,100.0,0.0043498198,0.16861011
64710,3139489,0.19,0.19,16.6,100.0,0.0043489198,0.16860511
64720,3139989,0.2,0.2,16.6,100.0,0.004348019799999999,0.16860011
64730,3140470,0.19,0.19,16.89,100.0,0.004347153999999999,0.1685953
64740,3140966,0.21,0.21,16.22,100.0,0.0043462612,0.16859034
64750,3141466,0.22,0.22,16.34,100.0,0.0043453612,0.16858534
64760,3141966,0.19,0.19,16.34,100.0,0.0043444612,0.16858034
64770,3142466,0.18,0.18,16.26,100.0,0.0043435612,0.16857534000000002
64780,3142966,0.18,0.18,16.26,100.0,0.0043426611999999995,0.16857033999999999
64790,3143452,0.17,0.17,16.26,100.0,0.0043417863999999995,0.16856548
64800,3143934,0.18,0.18,16.1,100.0,0.0043409187999999994,0.16856066
64810,3144416,0.19,0.19,16.14,100.0,0.004340051199999999,0.16855584
64820,3144916,0.19,0.19,16.19,100.0,0.0043391511999999995,0.16855084
64830,3145398,0.2,0.2,15.63,100.0,0.0043382836,0.16854602000000002
64840,3145882,0.18,0.18,15.63,100.0,0.0043374124,0.16854118
64850,3146379,0.16,0.16,15.61,100.0,0.004336517799999999,0.16853621
64860,3146879,0.19,0.19,15.17,100.0,0.004335617799999999,0.16853121
64870,3147351,0.2,0.2,15.53,100.0,0.004334768199999999,0.16852649
64880,3147851,0.17,0.17,15.44,100.0,0.0043338681999999995,0.16852149
64890,3148351,0.19,0.19,15.64,100.0,0.0043329682,0.16851649000000002
64900,3148851,0.2,0.2,15.82,100.0,0.0043320682,0.16851148999999999
64910,3149340,0.16,0.16,15.82,100.0,0.004331188,0.1685066
64920,3149840,0.16,0.16,15.43,100.0,0.004330288,0.1685016
64930,3150340,0.18,0.18,15.45,100.0,0.004329388,0.1684966
64940,3150840,0.24,0.24,15.68,100.0,0.004328488,0.16849160000000002
64950,3151340,0.24,0.24,15.74,100.0,0.004327587999999999,0.1684866
64960,3151840,0.23,0.23,15.42,100.0,0.0043266879999999995,0.1684816
64970,3152323,0.2,0.2,15.42,100.0,0.004325818599999999,0.16847677
64980,3152803,0.19,0.19,15.42,100.0,0.004324954599999999,0.16847197
64990,3153277,0.19,0.19,15.27,100.0,0.0043241014,0.16846723
65000,3153777,0.18,0.18,14.93,100.0,0.0043232014,0.16846223
65010,3154277,0.21,0.21,14.8,100.0,0.0043223014,0.16845723
65020,3154777,0.24,0.24,15.6,100.0,0.004321401399999999,0.16845222999999998
65030,3155277,0.23,0.23,15.33,100.0,0.004320501399999999,0.16844723
65040,3155762,0.19,0.19,15.41,100.0,0.0043196284,0.16844238
65050,3156262,0.2,0.2,15.45,100.0,0.004318728399999999,0.16843738
65060,3156762,0.19,0.19,15.44,100.0,0.004317828399999999,0.16843238
65070,3157241,0.21,0.21,15.44,100.0,0.004316966199999999,0.16842759000000002
65080,3157709,0.22,0.22,15.54,100.0,0.004316123799999999,0.16842290999999998
65090,3158199,0.2,0.2,15.54,100.0,0.0043152417999999994,0.16841801
65100,3158684,0.22,0.22,15.57,100.0,0.004314368799999999,0.16841316
65110,3159184,0.19,0.19,15.57,100.0,0.004313468799999999,0.16840816
65120,3159671,0.17,0.17,15.71,100.0,0.0043125922,0.16840328999999998
65130,3160167,0.17,0.17,15.83,100.0,0.0043116994,0.16839832999999998
65140,3160647,0.17,0.17,15.87,100.0,0.0043108354,0.16839353
65150,3161145,0.17,0.17,15.79,100.0,0.004309938999999999,0.16838855
65160,3161630,0.18,0.18,15.92,100.0,0.004309065999999999,0.1683837
65170,3162121,0.18,0.18,15.21,100.0,0.0043081822,0.16837879
65180,3162609,0.18,0.18,15.22,100.0,0.0043073038,0.16837391000000002
65190,3163093,0.21,0.21,15.32,100.0,0.004306432599999999,0.16836907
65200,3163592,0.19,0.19,15.34,100.0,0.004305534399999999,0.16836408
65210,3164092,0.2,0.2,15.27,100.0,0.004304634399999999,0.16835908
65220,3164585,0.18,0.18,15.3,100.0,0.004303747,0.16835415
65230,3165079,0.16,0.16,15.4,100.0,0.0043028578,0.16834921
65240,3165579,0.15,0.15,15.17,100.0,0.0043019578,0.16834421
65250,3166052,0.15,0.15,15.55,100.0,0.0043011064,0.16833947999999999
65260,3166552,0.17,0.17,16.26,100.0,0.004300206399999999,0.16833448
65270,3167036,0.17,0.17,16.24,100.0,0.0042993352,0.16832964
65280,3167530,0.18,0.18,15.96,100.0,0.004298445999999999,0.1683247
65290,3168007,0.16,0.16,16.02,100.0,0.0042975873999999996,0.16831993
65300,3168507,0.16,0.16,16.16,100.0,0.0042966874,0.16831493
65310,3168990,0.17,0.17,16.25,100.0,0.004295818,0.16831010000000002
65320,3169490,0.19,0.19,16.19,100.0,0.004294918,0.16830509999999999
65330,3169990,0.2,0.2,16.17,100.0,0.004294018,0.1683001
65340,3170490,0.19,0.19,16.17,100.0,0.004293117999999999,0.1682951
65350,3170990,0.18,0.18,16.13,100.0,0.0042922179999999996,0.1682901
65360,3171474,0.17,0.17,15.91,100.0,0.004291346799999999,0.16828526
65370,3171974,0.16,0.16,15.9,100.0,0.004290446799999999,0.16828026000000001
65380,3172474,0.17,0.17,16.48,100.0,0.004289546799999999,0.16827525999999998
65390,3172949,0.19,0.19,16.62,100.0,0.0042886918,0.16827050999999998
65400,3173449,0.19,0.19,16.63,100.0,0.004287791799999999,0.16826551
65410,3173930,0.19,0.19,16.54,100.0,0.004286926,0.16826069999999999
65420,3174420,0.17,0.17,16.56,100.0,0.004286043999999999,0.1682558
65430,3174899,0.16,0.16,16.38,100.0,0.004285181799999999,0.16825101
65440,3175399,0.2,0.2,16.26,100.0,0.004284281799999999,0.16824601
65450,3175897,0.2,0.2,16.51,100.0,0.0042833854,0.16824103
65460,3176396,0.18,0.18,16.62,100.0,0.004282487199999999,0.16823604
65470,3176896,0.19,0.19,16.53,100.0,0.004281587199999999,0.16823104
65480,3177396,0.18,0.18,16.2,100.0,0.004280687199999999,0.16822604
65490,3177880,0.17,0.17,16.4,100.0,0.004279816,0.16822120000000002
65500,3178374,0.18,0.18,15.79,100.0,0.0042789268,0.16821626
65510,3178874,0.17,0.17,15.55,100.0,0.0042780268,0.16821126
65520,3179374,0.18,0.18,15.9,100.0,0.0042771268,0.16820626
65530,3179874,0.18,0.18,16.2,100.0,0.0042762267999999996,0.16820126000000002
65540,3180374,0.17,0.17,16.46,100.0,0.004275326799999999,0.16819626
65550,3180857,0.18,0.18,16.58,100.0,0.004274457399999999,0.16819143
65560,3181357,0.19,0.19,16.57,100.0,0.004273557399999999,0.16818643
65570,3181854,0.19,0.19,16.72,100.0,0.004272662799999999,0.16818146
65580,3182331,0.2,0.2,16.4,100.0,0.0042718042,0.16817669000000002
65590,3182831,0.21,0.21,16.45,100.0,0.0042709042,0.16817168999999998
65600,3183331,0.19,0.19,16.45,100.0,0.0042700042,0.16816669
65610,3183831,0.18,0.18,16.45,100.0,0.0042691042,0.16816169
65620,3184331,0.17,0.17,16.24,100.0,0.0042682041999999995,0.16815669
65630,3184813,0.16,0.16,16.24,100.0,0.004267336599999999,0.16815186999999998
65640,3185283,0.13,0.13,16.24,100.0,0.0042664906,0.16814717
65650,3185783,0.12,0.12,16.14,100.0,0.0042655906,0.16814217
65660,3186265,0.11,0.11,16.11,100.0,0.004264723,0.16813735000000002
65670,3186765,0.12,0.12,15.8,100.0,0.004263823,0.16813234999999999
65680,3187261,0.1,0.1,15.49,100.0,0.004262930199999999,0.16812739
65690,3187756,0.07,0.07,15.49,100.0,0.0042620392,0.16812243999999998
65700,3188256,0.08,0.08,15.9,100.0,0.0042611392,0.16811744
65710,3188756,0.09,0.09,16.08,100.0,0.0042602392,0.16811244
65720,3189256,0.11,0.11,15.55,100.0,0.0042593392,0.16810744
65730,3189756,0.13,0.13,15.6,100.0,0.004258439199999999,0.16810244
65740,3190256,0.13,0.13,15.6,100.0,0.0042575391999999995,0.16809744
65750,3190737,0.14,0.14,16.13,100.0,0.004256673399999999,0.16809263
65760,3191233,0.17,0.17,16.29,100.0,0.004255780599999999,0.16808767
65770,3191722,0.16,0.16,16.21,100.0,0.004254900399999999,0.16808278
65780,3192218,0.15,0.15,16.21,100.0,0.0042540076,0.16807782
65790,3192707,0.16,0.16,16.02,100.0,0.004253127399999999,0.16807293
65800,3193207,0.17,0.17,16.1,100.0,0.004252227399999999,0.16806793
65810,3193685,0.17,0.17,16.29,100.0,0.004251367,0.16806315
65820,3194171,0.16,0.16,16.3,100.0,0.004250492199999999,0.16805829
65830,3194652,0.16,0.16,16.29,100.0,0.0042496263999999995,0.16805348
65840,3195152,0.17,0.17,16.32,100.0,0.0042487264,0.16804848
65850,3195652,0.18,0.18,16.05,100.0,0.0042478264,0.16804348
65860,3196152,0.14,0.14,16.05,100.0,0.0042469264,0.16803848
65870,3196644,0.14,0.14,15.95,100.0,0.004246040799999999,0.16803356
65880,3197130,0.16,0.16,16.2,100.0,0.004245165999999999,0.1680287
65890,3197620,0.16,0.16,15.8,100.0,0.004244284,0.1680238
65900,3198120,0.16,0.16,15.47,100.0,0.004243384,0.1680188
65910,3198620,0.17,0.17,14.84,100.0,0.0042424839999999995,0.1680138
65920,3199109,0.17,0.17,14.8,100.0,0.0042416037999999994,0.16800891
65930,3199609,0.18,0.18,14.95,100.0,0.0042407038,0.16800391
65940,3200100,0.2,0.2,14.64,100.0,0.004239819999999999,0.167999
65950,3200600,0.17,0.17,14.64,100.0,0.004238919999999999,0.167994
65960,3201100,0.2,0.2,14.83,100.0,0.0042380199999999995,0.167989
65970,3201574,0.2,0.2,14.94,100.0,0.0042371668,0.16798426
65980,3202072,0.2,0.2,15.2,100.0,0.004236270399999999,0.16797928
65990,3202563,0.21,0.21,15.15,100.0,0.0042353866,0.16797436999999998
66000,3203058,0.23,0.23,14.71,100.0,0.0042344956,0.16796942
66010,3203538,0.26,0.26,14.08,100.0,0.004233631599999999,0.16796462
66020,3204017,0.29,0.29,14.16,100.0,0.004232769399999999,0.16795983
66030,3204497,0.27,0.27,14.5,100.0,0.0042319053999999995,0.16795503
66040,3204979,0.25,0.25,14.51,100.0,0.004231037799999999,0.16795021
66050,3205473,0.28,0.28,14.06,100.0,0.0042301486,0.16794527
66060,3205971,0.28,0.28,14.57,100.0,0.004229252199999999,0.16794029
66070,3206454,0.28,0.28,14.56,100.0,0.004228382799999999,0.16793545999999998
66080,3206952,0.28,0.28,14.65,100.0,0.004227486399999999,0.16793048
66090,3207446,0.28,0.28,14.67,100.0,0.0042265971999999995,0.16792553999999998
66100,3207940,0.27,0.27,14.48,100.0,0.004225707999999999,0.1679206
66110,3208410,0.25,0.25,14.04,100.0,0.004224861999999999,0.1679159
66120,3208910,0.22,0.22,14.01,100.0,0.0042239619999999995,0.1679109
66130,3209380,0.22,0.22,13.93,100.0,0.004223116,0.1679062
66140,3209880,0.24,0.24,14.17,100.0,0.004222216,0.1679012
66150,3210373,0.23,0.23,13.92,100.0,0.004221328599999999,0.16789627000000001
66160,3210856,0.22,0.22,13.68,100.0,0.004220459199999999,0.16789144
66170,3211356,0.23,0.23,13.49,100.0,0.0042195591999999995,0.16788644
66180,3211837,0.25,0.25,13.43,100.0,0.004218693399999999,0.16788163
66190,3212328,0.23,0.23,13.43,100.0,0.0042178096,0.16787672
66200,3212828,0.21,0.21,13.26,100.0,0.0042169096,0.16787172
66210,3213328,0.19,0.19,13.53,100.0,0.0042160096,0.16786672
66220,3213828,0.18,0.18,13.57,100.0,0.004215109599999999,0.16786172
66230,3214328,0.19,0.19,12.74,100.0,0.004214209599999999,0.16785672000000001
66240,3214826,0.21,0.21,12.47,100.0,0.004213313199999999,0.16785174
66250,3215318,0.2,0.2,12.21,100.0,0.0042124276,0.16784682
66260,3215818,0.21,0.21,12.1,100.0,0.0042115276,0.16784182
66270,3216318,0.2,0.2,12.12,100.0,0.004210627599999999,0.16783682
66280,3216818,0.18,0.18,12.18,100.0,0.004209727599999999,0.16783182
66290,3217318,0.19,0.19,12.12,100.0,0.004208827599999999,0.16782682
66300,3217784,0.21,0.21,12.55,100.0,0.0042079888,0.16782216
66310,3218284,0.21,0.21,12.93,100.0,0.004207088799999999,0.16781716
66320,3218774,0.21,0.21,13.08,100.0,0.0042062068,0.16781226
66330,3219271,0.21,0.21,13.09,100.0,0.004205312199999999,0.16780729
66340,3219763,0.16,0.16,13.09,100.0,0.0042044266,0.16780237
66350,3220263,0.17,0.17,13.48,100.0,0.0042035266,0.16779737
66360,3220763,0.17,0.17,13.42,100.0,0.0042026265999999994,0.16779237
66370,3221243,0.17,0.17,13.66,100.0,0.0042017626,0.16778757
66380,3221743,0.17,0.17,13.3,100.0,0.004200862599999999,0.16778257
66390,3222227,0.18,0.18,13.24,100.0,0.0041999914,0.16777773
66400,3222722,0.17,0.17,13.59,100.0,0.004199100399999999,0.16777278
66410,3223222,0.18,0.18,13.79,100.0,0.004198200399999999,0.16776778
66420,3223722,0.19,0.19,13.66,100.0,0.004197300399999999,0.16776278
66430,3224222,0.19,0.19,13.58,100.0,0.0041964004,0.16775778
66440,3224709,0.21,0.21,13.52,100.0,0.004195523799999999,0.16775291
66450,3225189,0.19,0.19,13.52,100.0,0.004194659799999999,0.16774811
66460,3225675,0.17,0.17,13.85,100.0,0.004193784999999999,0.16774325
66470,3226171,0.16,0.16,13.89,100.0,0.004192892199999999,0.16773829
66480,3226665,0.16,0.16,13.6,100.0,0.004192002999999999,0.16773335
66490,3227152,0.15,0.15,13.63,100.0,0.0041911264,0.16772848
66500,3227638,0.14,0.14,13.34,100.0,0.0041902516,0.16772362000000002
66510,3228138,0.17,0.17,13.41,100.0,0.0041893516,0.16771861999999998
66520,3228621,0.15,0.15,13.41,100.0,0.0041884821999999995,0.16771379
66530,3229117,0.15,0.15,13.41,100.0,0.0041875893999999995,0.16770883
66540,3229600,0.15,0.15,13.76,100.0,0.004186719999999999,0.167704
66550,3230064,0.18,0.18,13.85,100.0,0.004185884799999999,0.16769936
66560,3230556,0.19,0.19,13.71,100.0,0.004184999199999999,0.16769444
66570,3231040,0.18,0.18,13.71,100.0,0.004184128,0.1676896
66580,3231518,0.18,0.18,13.41,100.0,0.004183267599999999,0.16768482
66590,3231990,0.18,0.18,13.39,100.0,0.004182417999999999,0.1676801
66600,3232456,0.17,0.17,13.39,100.0,0.004181579199999999,0.16767544
66610,3232936,0.14,0.14,13.34,100.0,0.004180715199999999,0.16767063999999998
66620,3233427,0.17,0.17,12.71,100.0,0.0041798313999999994,0.16766573
66630,3233927,0.16,0.16,12.61,100.0,0.0041789314,0.16766073
66640,3234404,0.18,0.18,12.5,100.0,0.004178072799999999,0.16765596
66650,3234902,0.16,0.16,12.61,100.0,0.0041771764,0.16765098
66660,3235402,0.15,0.15,13.01,100.0,0.0041762764,0.16764598
66670,3235887,0.17,0.17,12.81,100.0,0.0041754033999999995,0.16764113
66680,3236360,0.17,0.17,12.82,100.0,0.004174552,0.16763640000000002
66690,3236854,0.17,0.17,12.8,100.0,0.004173662799999999,0.16763146
66700,3237337,0.17,0.17,12.8,100.0,0.004172793399999999,0.16762663
66710,3237833,0.16,0.16,12.67,100.0,0.004171900599999999,0.16762167
66720,3238299,0.13,0.13,12.67,100.0,0.0041710618,0.16761701
66730,3238788,0.13,0.13,12.71,100.0,0.004170181599999999,0.16761212
66740,3239288,0.09,0.09,12.71,100.0,0.004169281599999999,0.16760712
66750,3239785,0.1,0.1,12.33,100.0,0.004168386999999999,0.16760215
66760,3240282,0.11,0.11,12.59,100.0,0.004167492399999999,0.16759718
66770,3240775,0.11,0.11,12.83,100.0,0.0041666049999999994,0.16759225
66780,3241275,0.1,0.1,12.83,100.0,0.004165705,0.16758725
66790,3241763,0.11,0.11,13.18,100.0,0.0041648266,0.16758237
66800,3242263,0.17,0.17,13.32,100.0,0.004163926599999999,0.16757737
66810,3242743,0.18,0.18,13.3,100.0,0.004163062599999999,0.16757257
66820,3243213,0.18,0.18,13.3,100.0,0.0041622166,0.16756787
66830,3243709,0.19,0.19,13.62,100.0,0.004161323799999999,0.16756291
66840,3244209,0.2,0.2,13.67,100.0,0.004160423799999999,0.16755791
66850,3244709,0.2,0.2,13.65,100.0,0.0041595237999999994,0.16755291
66860,3245186,0.18,0.18,13.65,100.0,0.0041586652,0.16754814
66870,3245686,0.17,0.17,13.81,100.0,0.0041577652,0.16754314
66880,3246186,0.16,0.16,13.81,100.0,0.0041568652,0.16753814
66890,3246654,0.15,0.15,13.82,100.0,0.0041560228,0.16753346
66900,3247154,0.1,0.1,13.81,100.0,0.0041551228,0.16752846
66910,3247630,0.08,0.08,13.81,100.0,0.004154265999999999,0.1675237
66920,3248130,0.1,0.1,13.93,100.0,0.0041533659999999995,0.1675187
66930,3248630,0.1,0.1,13.93,100.0,0.004152466,0.1675137
66940,3249130,0.12,0.12,13.76,100.0,0.004151566,0.1675087
66950,3249630,0.12,0.12,13.74,100.0,0.004150666,0.1675037
66960,3250128,0.13,0.13,13.73,100.0,0.0041497695999999995,0.16749872
66970,3250628,0.13,0.13,13.73,100.0,0.0041488696,0.16749372
66980,3251089,0.15,0.15,12.97,100.0,0.0041480398,0.16748911
66990,3251589,0.16,0.16,12.79,100.0,0.0041471398,0.16748411000000002
67000,3252089,0.17,0.17,12.57,100.0,0.004146239799999999,0.16747911
67010,3252589,0.17,0.17,12.57,100.0,0.004145339799999999,0.16747411
67020,3253089,0.16,0.16,12.71,100.0,0.004144439799999999,0.16746911
67030,3253583,0.16,0.16,12.74,100.0,0.0041435505999999995,0.16746417
67040,3254075,0.14,0.14,12.61,100.0,0.004142664999999999,0.16745925
67050,3254575,0.15,0.15,12.74,100.0,0.0041417649999999995,0.16745425
67060,3255075,0.14,0.14,12.74,100.0,0.004140865,0.16744925
67070,3255575,0.16,0.16,12.73,100.0,0.004139965,0.16744425000000002
67080,3256063,0.14,0.14,12.73,100.0,0.0041390865999999995,0.16743937
67090,3256563,0.13,0.13,12.75,100.0,0.0041381866,0.16743437
67100,3257053,0.12,0.12,12.86,100.0,0.0041373046,0.16742947
67110,3257517,0.14,0.14,12.52,100.0,0.0041364693999999995,0.16742483
67120,3257989,0.14,0.14,12.54,100.0,0.0041356197999999995,0.16742011
67130,3258489,0.14,0.14,12.59,100.0,0.0041347198,0.16741511
67140,3258989,0.16,0.16,12.48,100.0,0.0041338198,0.16741011
67150,3259457,0.16,0.16,13.08,100.0,0.0041329774,0.16740543
67160,3259955,0.19,0.19,12.99,100.0,0.004132080999999999,0.16740045
67170,3260455,0.18,0.18,13.08,100.0,0.004131180999999999,0.16739545
67180,3260944,0.2,0.2,12.81,100.0,0.004130300799999999,0.16739056
67190,3261434,0.2,0.2,12.82,100.0,0.004129418799999999,0.16738566
67200,3261919,0.2,0.2,13.07,100.0,0.0041285458,0.16738081
67210,3262419,0.18,0.18,13.07,100.0,0.0041276458,0.16737581
67220,3262896,0.18,0.18,13.06,100.0,0.004126787199999999,0.16737104
67230,3263396,0.19,0.19,12.7,100.0,0.004125887199999999,0.16736604
67240,3263876,0.17,0.17,13.01,100.0,0.004125023199999999,0.16736124
67250,3264376,0.17,0.17,12.75,100.0,0.0041241232,0.16735624
67260,3264876,0.14,0.14,12.75,100.0,0.0041232232,0.16735124
67270,3265376,0.13,0.13,12.82,100.0,0.0041223232,0.16734624
67280,3265864,0.12,0.12,12.75,100.0,0.0041214447999999996,0.16734136
67290,3266357,0.14,0.14,12.76,100.0,0.0041205574,0.16733643
67300,3266857,0.16,0.16,13.51,100.0,0.004119657399999999,0.16733143
67310,3267357,0.17,0.17,13.92,100.0,0.004118757399999999,0.16732643
67320,3267857,0.18,0.18,14.36,100.0,0.004117857399999999,0.16732143
67330,3268349,0.17,0.17,14.76,100.0,0.0041169718,0.16731651
67340,3268848,0.16,0.16,14.76,100.0,0.0041160736,0.16731152
67350,3269341,0.15,0.15,14.57,100.0,0.004115186199999999,0.16730659
67360,3269831,0.15,0.15,14.57,100.0,0.004114304199999999,0.16730169
67370,3270312,0.16,0.16,14.79,100.0,0.004113438399999999,0.16729687999999998
67380,3270812,0.15,0.15,14.79,100.0,0.004112538399999999,0.16729188
67390,3271307,0.13,0.13,14.82,100.0,0.0041116474,0.16728693
67400,3271807,0.12,0.12,15.02,100.0,0.0041107474,0.16728193
67410,3272247,0.11,0.11,15.02,100.0,0.0041099553999999995,0.16727753
67420,3272733,0.11,0.11,15.14,100.0,0.0041090805999999995,0.16727267
67430,3273233,0.1,0.1,15.22,100.0,0.0041081806,0.16726767
67440,3273733,0.13,0.13,14.97,100.0,0.0041072806,0.16726267
67450,3274221,0.14,0.14,14.78,100.0,0.0041064021999999995,0.16725779000000002
67460,3274721,0.16,0.16,14.79,100.0,0.0041055022,0.16725278999999998
67470,3275221,0.16,0.16,14.6,100.0,0.0041046022,0.16724779
67480,3275721,0.2,0.2,14.67,100.0,0.0041037022,0.16724279
67490,3276217,0.2,0.2,14.39,100.0,0.004102809399999999,0.16723783
67500,3276700,0.2,0.2,14.83,100.0,0.004101939999999999,0.167233
67510,3277165,0.23,0.23,14.79,100.0,0.004101102999999999,0.16722835
67520,3277659,0.21,0.21,14.79,100.0,0.0041002137999999995,0.16722341000000002
67530,3278159,0.2,0.2,14.79,100.0,0.0040993138,0.16721840999999998
67540,3278659,0.18,0.18,15.05,100.0,0.0040984138,0.16721341
67550,3279138,0.18,0.18,15.18,100.0,0.0040975516,0.16720862
67560,3279631,0.21,0.21,15.44,100.0,0.004096664199999999,0.16720369000000002
67570,3280131,0.19,0.19,15.44,100.0,0.004095764199999999,0.16719868999999998
67580,3280631,0.17,0.17,15.75,100.0,0.004094864199999999,0.16719369
67590,3281119,0.18,0.18,15.77,100.0,0.004093985799999999,0.16718881
67600,3281619,0.16,0.16,15.77,100.0,0.004093085799999999,0.16718381
67610,3282099,0.15,0.15,15.6,100.0,0.0040922217999999995,0.16717901000000002
67620,3282592,0.18,0.18,15.87,100.0,0.0040913344,0.16717408
67630,3283092,0.2,0.2,15.74,100.0,0.004090434399999999,0.16716908
67640,3283592,0.2,0.2,16.0,100.0,0.004089534399999999,0.16716408
67650,3284078,0.18,0.18,15.81,100.0,0.004088659599999999,0.16715922
67660,3284576,0.13,0.13,15.81,100.0,0.0040877631999999995,0.16715424
67670,3285076,0.16,0.16,16.2,100.0,0.0040868632,0.16714924
67680,3285550,0.15,0.15,16.04,100.0,0.00408601,0.1671445
67690,3286050,0.14,0.14,16.08,100.0,0.0040851099999999994,0.1671395
67700,3286541,0.18,0.18,16.18,100.0,0.004084226199999999,0.16713459
67710,3287038,0.18,0.18,15.88,100.0,0.004083331599999999,0.16712962
67720,3287524,0.15,0.15,15.88,100.0,0.004082456799999999,0.16712475999999998
67730,3288005,0.16,0.16,16.09,100.0,0.004081591,0.16711995000000002
67740,3288501,0.18,0.18,16.31,100.0,0.0040806982,0.16711499000000002
67750,3289001,0.18,0.18,16.69,100.0,0.0040797982,0.16710998999999999
67760,3289475,0.19,0.19,16.55,100.0,0.004078945,0.16710524999999998
67770,3289952,0.18,0.18,16.67,100.0,0.0040780864,0.16710048
67780,3290452,0.19,0.19,16.83,100.0,0.0040771864,0.16709548000000002
67790,3290952,0.18,0.18,16.83,100.0,0.0040762864,0.16709047999999999
67800,3291437,0.16,0.16,16.76,100.0,0.0040754134,0.16708562999999998
67810,3291937,0.17,0.17,16.85,100.0,0.0040745134,0.16708063
67820,3292418,0.21,0.21,17.16,100.0,0.0040736476,0.16707581999999999
67830,3292918,0.18,0.18,17.16,100.0,0.004072747599999999,0.16707082
67840,3293414,0.16,0.16,17.27,100.0,0.004071854799999999,0.16706586
67850,3293908,0.16,0.16,17.25,100.0,0.0040709655999999995,0.16706092
67860,3294391,0.18,0.18,16.88,100.0,0.0040700962,0.16705609
67870,3294891,0.19,0.19,16.55,100.0,0.0040691962,0.16705109
67880,3295391,0.19,0.19,17.21,100.0,0.0040682962,0.16704609
67890,3295891,0.19,0.19,17.21,100.0,0.004067396199999999,0.16704109
67900,3296380,0.18,0.18,17.29,100.0,0.004066516,0.1670362
67910,3296874,0.16,0.16,17.58,100.0,0.0040656267999999995,0.16703126000000001
67920,3297374,0.12,0.12,17.58,100.0,0.0040647268,0.16702625999999998
67930,3297866,0.14,0.14,17.58,100.0,0.0040638411999999995,0.16702134000000002
67940,3298366,0.15,0.15,17.78,100.0,0.0040629412,0.16701633999999999
67950,3298848,0.18,0.18,17.28,100.0,0.0040620736,0.16701152
67960,3299335,0.17,0.17,17.24,100.0,0.004061197,0.16700665
67970,3299821,0.14,0.14,17.24,100.0,0.004060322199999999,0.16700178999999998
67980,3300321,0.13,0.13,17.22,100.0,0.004059422199999999,0.16699679
67990,3300821,0.15,0.15,16.95,100.0,0.004058522199999999,0.16699179
68000,3301311,0.17,0.17,17.31,100.0,0.0040576402,0.16698689
68010,3301811,0.18,0.18,17.03,100.0,0.0040567402,0.16698189
68020,3302296,0.19,0.19,16.84,100.0,0.0040558671999999995,0.16697704
68030,3302778,0.19,0.19,16.97,100.0,0.0040549995999999994,0.16697222
68040,3303278,0.18,0.18,16.96,100.0,0.0040540996,0.16696722
68050,3303778,0.17,0.17,17.36,100.0,0.0040531996,0.16696222
68060,3304277,0.16,0.16,17.26,100.0,0.0040523014,0.16695723
68070,3304761,0.18,0.18,17.21,100.0,0.0040514302,0.16695239
68080,3305261,0.17,0.17,17.21,100.0,0.004050530199999999,0.16694739
68090,3305757,0.16,0.16,17.27,100.0,0.0040496374,0.16694243
68100,3306250,0.16,0.16,17.06,100.0,0.004048749999999999,0.16693750000000002
68110,3306736,0.14,0.14,17.06,100.0,0.0040478751999999995,0.16693264
68120,3307236,0.14,0.14,16.93,100.0,0.0040469752,0.16692764
68130,3307736,0.13,0.13,17.31,100.0,0.0040460752,0.16692264
68140,3308236,0.15,0.15,17.23,100.0,0.0040451752,0.16691764
68150,3308736,0.14,0.14,17.65,100.0,0.0040442752,0.16691264
68160,3309236,0.14,0.14,17.4,100.0,0.0040433752,0.16690764
68170,3309707,0.13,0.13,17.38,100.0,0.004042527399999999,0.16690293
68180,3310207,0.15,0.15,16.92,100.0,0.004041627399999999,0.16689793
68190,3310692,0.14,0.14,16.92,100.0,0.004040754399999999,0.16689308
68200,3311182,0.14,0.14,16.9,100.0,0.0040398724,0.16688818
68210,3311675,0.15,0.15,17.26,100.0,0.004038984999999999,0.16688324999999998
68220,3312163,0.16,0.16,17.19,100.0,0.004038106599999999,0.16687837
68230,3312663,0.17,0.17,16.87,100.0,0.004037206599999999,0.16687337
68240,3313152,0.15,0.15,17.09,100.0,0.0040363264,0.16686847999999999
68250,3313652,0.14,0.14,17.07,100.0,0.004035426399999999,0.16686348
68260,3314145,0.14,0.14,17.22,100.0,0.004034538999999999,0.16685855
68270,3314598,0.14,0.14,17.49,100.0,0.004033723599999999,0.16685402
68280,3315084,0.13,0.13,17.67,100.0,0.0040328488,0.16684916
68290,3315584,0.17,0.17,17.53,100.0,0.0040319488,0.16684416000000002
68300,3316084,0.16,0.16,17.48,100.0,0.004031048799999999,0.16683916
68310,3316580,0.16,0.16,17.61,100.0,0.004030155999999999,0.1668342
68320,3317080,0.15,0.15,17.92,100.0,0.004029255999999999,0.1668292
68330,3317575,0.15,0.15,17.65,100.0,0.004028365,0.16682425
68340,3318058,0.15,0.15,17.71,100.0,0.0040274956,0.16681942
68350,3318558,0.17,0.17,17.79,100.0,0.0040265956,0.16681442000000002
68360,3319058,0.17,0.17,18.21,100.0,0.0040256956,0.16680941999999999
68370,3319558,0.19,0.19,18.34,100.0,0.004024795599999999,0.16680442
68380,3320058,0.19,0.19,18.4,100.0,0.004023895599999999,0.16679942
68390,3320558,0.16,0.16,18.37,100.0,0.004022995599999999,0.16679442
68400,3321057,0.18,0.18,17.84,100.0,0.0040220974,0.16678943000000002
68410,3321557,0.2,0.2,17.7,100.0,0.0040211974,0.16678442999999998
68420,3322057,0.22,0.22,17.32,100.0,0.0040202974,0.16677943
68430,3322557,0.21,0.21,17.35,100.0,0.004019397399999999,0.16677443
68440,3323057,0.22,0.22,17.89,100.0,0.0040184973999999995,0.16676943
68450,3323557,0.2,0.2,17.88,100.0,0.0040175974,0.16676443000000002
68460,3324052,0.2,0.2,18.21,100.0,0.004016706399999999,0.16675948000000002
68470,3324552,0.17,0.17,18.21,100.0,0.0040158063999999995,0.16675447999999998
68480,3325052,0.16,0.16,18.21,100.0,0.0040149064,0.16674948
68490,3325544,0.19,0.19,18.15,100.0,0.0040140208,0.16674455999999999
68500,3326029,0.16,0.16,18.14,100.0,0.0040131478,0.16673970999999999
68510,3326529,0.16,0.16,18.3,100.0,0.0040122478,0.16673471
68520,3327008,0.15,0.15,18.29,100.0,0.0040113855999999995,0.16672992
68530,3327505,0.16,0.16,18.01,100.0,0.004010491,0.16672494999999998
68540,3327995,0.15,0.15,17.86,100.0,0.004009608999999999,0.16672005
68550,3328477,0.15,0.15,17.59,100.0,0.004008741399999999,0.16671523
68560,3328974,0.18,0.18,17.75,100.0,0.004007846799999999,0.16671026
68570,3329473,0.23,0.23,16.93,100.0,0.004006948599999999,0.16670527000000002
68580,3329973,0.24,0.24,16.87,100.0,0.004006048599999999,0.16670026999999998
68590,3330461,0.22,0.22,16.84,100.0,0.004005170199999999,0.16669539
68600,3330961,0.22,0.22,16.85,100.0,0.004004270199999999,0.16669039
68610,3331448,0.21,0.21,16.59,100.0,0.004003393599999999,0.16668552
68620,3331948,0.21,0.21,16.74,100.0,0.0040024935999999995,0.16668052
68630,3332448,0.2,0.2,17.13,100.0,0.0040015936,0.16667552
68640,3332946,0.22,0.22,17.25,100.0,0.004000697199999999,0.16667054
68650,3333428,0.21,0.21,17.25,100.0,0.003999829599999999,0.16666572000000002
68660,3333905,0.19,0.19,17.21,100.0,0.003998971,0.16666095
68670,3334405,0.15,0.15,17.29,100.0,0.003998071,0.16665595
68680,3334901,0.15,0.15,17.31,100.0,0.003997178199999999,0.16665099
68690,3335401,0.15,0.15,17.48,100.0,0.003996278199999999,0.16664599
68700,3335901,0.16,0.16,17.52,100.0,0.003995378199999999,0.16664099
68710,3336401,0.17,0.17,17.25,100.0,0.003994478199999999,0.16663599
68720,3336901,0.15,0.15,17.25,100.0,0.003993578199999999,0.16663099
68730,3337394,0.16,0.16,17.15,100.0,0.0039926907999999995,0.16662606
68740,3337859,0.15,0.15,16.73,100.0,0.0039918537999999995,0.16662141
68750,3338314,0.17,0.17,16.83,100.0,0.0039910347999999995,0.16661686
68760,3338814,0.17,0.17,16.82,100.0,0.0039901348,0.16661186
68770,3339314,0.18,0.18,17.37,100.0,0.0039892348,0.16660686
68780,3339787,0.2,0.2,16.94,100.0,0.003988383399999999,0.16660213000000001
68790,3340287,0.19,0.19,16.98,100.0,0.003987483399999999,0.16659712999999998
68800,3340771,0.19,0.19,16.97,100.0,0.003986612199999999,0.16659229
68810,3341260,0.17,0.17,17.16,100.0,0.003985732,0.1665874
68820,3341760,0.19,0.19,17.06,100.0,0.003984832,0.16658240000000002
68830,3342260,0.2,0.2,17.14,100.0,0.003983931999999999,0.1665774
68840,3342760,0.19,0.19,16.94,100.0,0.003983031999999999,0.1665724
68850,3343253,0.18,0.18,17.02,100.0,0.003982144599999999,0.16656747
68860,3343741,0.18,0.18,16.77,100.0,0.003981266199999999,0.16656259
68870,3344240,0.17,0.17,16.53,100.0,0.003980368,0.1665576
68880,3344723,0.16,0.16,16.47,100.0,0.0039794986,0.16655277000000002
68890,3345223,0.17,0.17,16.23,100.0,0.003978598599999999,0.16654776999999998
68900,3345723,0.2,0.2,15.91,100.0,0.003977698599999999,0.16654277
68910,3346223,0.21,0.21,15.57,100.0,0.0039767985999999995,0.16653777
68920,3346723,0.19,0.19,15.57,100.0,0.0039758986,0.16653277
68930,3347223,0.16,0.16,15.57,100.0,0.0039749986,0.16652777000000002
68940,3347723,0.16,0.16,15.71,100.0,0.003974098599999999,0.16652277
68950,3348223,0.15,0.15,15.71,100.0,0.003973198599999999,0.16651777
68960,3348723,0.15,0.15,15.51,100.0,0.003972298599999999,0.16651277
68970,3349199,0.15,0.15,15.75,100.0,0.0039714417999999994,0.16650800999999998
68980,3349699,0.15,0.15,15.83,100.0,0.0039705418,0.16650301
68990,3350190,0.14,0.14,15.76,100.0,0.003969657999999999,0.16649809999999998
69000,3350665,0.13,0.13,15.37,100.0,0.003968803,0.16649334999999998
69010,3351165,0.15,0.15,15.4,100.0,0.003967903,0.16648835
69020,3351635,0.19,0.19,14.38,100.0,0.0039670569999999995,0.16648364999999998
69030,3352135,0.22,0.22,14.79,100.0,0.003966157,0.16647865
69040,3352635,0.25,0.25,15.25,100.0,0.003965257,0.16647365
69050,3353115,0.27,0.27,15.92,100.0,0.003964393,0.16646885
69060,3353615,0.28,0.28,15.78,100.0,0.003963493,0.16646385
69070,3354115,0.3,0.3,15.52,100.0,0.003962593,0.16645885
69080,3354608,0.28,0.28,15.52,100.0,0.0039617056,0.16645392
69090,3355108,0.3,0.3,15.43,100.0,0.0039608056,0.16644892
69100,3355576,0.29,0.29,15.39,100.0,0.0039599632,0.16644424
69110,3356076,0.29,0.29,15.75,100.0,0.0039590632,0.16643924
69120,3356568,0.25,0.25,15.75,100.0,0.0039581775999999996,0.16643432
69130,3357068,0.24,0.24,15.88,100.0,0.003957277599999999,0.16642932
69140,3357562,0.23,0.23,15.85,100.0,0.003956388399999999,0.16642437999999998
69150,3358062,0.23,0.23,15.35,100.0,0.003955488399999999,0.16641938
69160,3358544,0.21,0.21,15.57,100.0,0.003954620799999999,0.16641456
69170,3359044,0.18,0.18,15.57,100.0,0.003953720799999999,0.16640956
69180,3359544,0.2,0.2,15.74,100.0,0.0039528207999999995,0.16640456
69190,3360044,0.18,0.18,15.47,100.0,0.0039519208,0.16639956
69200,3360544,0.16,0.16,15.43,100.0,0.0039510208,0.16639456
69210,3361044,0.17,0.17,15.02,100.0,0.003950120799999999,0.16638956
69220,3361544,0.17,0.17,15.02,100.0,0.003949220799999999,0.16638456000000001
69230,3362014,0.16,0.16,15.03,100.0,0.0039483747999999996,0.16637986
69240,3362514,0.15,0.15,14.79,100.0,0.0039474748,0.16637486
69250,3362997,0.13,0.13,14.79,100.0,0.0039466054,0.16637003
69260,3363480,0.13,0.13,15.08,100.0,0.003945736,0.1663652
69270,3363967,0.13,0.13,15.08,100.0,0.0039448593999999995,0.16636033
69280,3364460,0.13,0.13,15.43,100.0,0.003943971999999999,0.1663554
69290,3364950,0.14,0.14,15.08,100.0,0.00394309,0.1663505
69300,3365414,0.14,0.14,15.43,100.0,0.0039422547999999995,0.16634586
69310,3365914,0.09,0.09,15.43,100.0,0.0039413548,0.16634086
69320,3366414,0.11,0.11,15.87,100.0,0.0039404548,0.16633586
69330,3366914,0.11,0.11,15.88,100.0,0.0039395548,0.16633086
69340,3367414,0.11,0.11,15.84,100.0,0.003938654799999999,0.16632586
69350,3367914,0.12,0.12,15.48,100.0,0.003937754799999999,0.16632086000000001
69360,3368398,0.16,0.16,15.11,100.0,0.003936883599999999,0.16631602
69370,3368896,0.18,0.18,15.07,100.0,0.003935987199999999,0.16631104
69380,3369392,0.16,0.16,15.07,100.0,0.003935094399999999,0.16630608
69390,3369874,0.15,0.15,15.05,100.0,0.003934226799999999,0.16630126
69400,3370361,0.15,0.15,15.32,100.0,0.0039333502,0.16629639000000002
69410,3370861,0.16,0.16,15.39,100.0,0.0039324502,0.16629138999999998
69420,3371361,0.15,0.15,15.18,100.0,0.0039315502,0.16628639
69430,3371861,0.15,0.15,15.15,100.0,0.0039306502,0.16628139
69440,3372355,0.14,0.14,14.72,100.0,0.0039297609999999995,0.16627645
69450,3372855,0.14,0.14,14.36,100.0,0.003928861,0.16627145
69460,3373355,0.09,0.09,14.36,100.0,0.003927960999999999,0.16626645
69470,3373851,0.07,0.07,14.36,100.0,0.0039270682,0.16626149
69480,3374349,0.08,0.08,14.47,100.0,0.003926171799999999,0.16625651
69490,3374849,0.1,0.1,14.33,100.0,0.0039252717999999995,0.16625151
69500,3375349,0.12,0.12,14.17,100.0,0.003924371799999999,0.16624651000000001
69510,3375814,0.11,0.11,14.17,100.0,0.0039235348,0.16624186000000002
69520,3376303,0.1,0.1,14.17,100.0,0.0039226546,0.16623696999999998
69530,3376803,0.09,0.09,14.17,100.0,0.0039217546,0.16623197
69540,3377276,0.1,0.1,14.18,100.0,0.003920903199999999,0.16622724
69550,3377776,0.09,0.09,14.18,100.0,0.003920003199999999,0.16622224
69560,3378274,0.11,0.11,14.57,100.0,0.0039191068,0.16621726
69570,3378774,0.13,0.13,15.03,100.0,0.0039182068,0.16621226
69580,3379263,0.13,0.13,15.01,100.0,0.003917326599999999,0.16620737
69590,3379743,0.11,0.11,14.8,100.0,0.003916462599999999,0.16620257
69600,3380243,0.09,0.09,15.26,100.0,0.003915562599999999,0.16619757000000002
69610,3380736,0.11,0.11,15.51,100.0,0.0039146752,0.16619264
69620,3381236,0.13,0.13,15.63,100.0,0.003913775199999999,0.16618764
69630,3381736,0.14,0.14,15.48,100.0,0.003912875199999999,0.16618264
69640,3382211,0.15,0.15,15.4,100.0,0.0039120202,0.16617789
69650,3382704,0.16,0.16,15.49,100.0,0.003911132799999999,0.16617295999999998
69660,3383204,0.15,0.15,15.42,100.0,0.003910232799999999,0.16616796
69670,3383704,0.13,0.13,15.42,100.0,0.003909332799999999,0.16616296
69680,3384188,0.12,0.12,15.42,100.0,0.0039084615999999996,0.16615812
69690,3384688,0.12,0.12,15.46,100.0,0.003907561599999999,0.16615312
69700,3385188,0.12,0.12,15.49,100.0,0.003906661599999999,0.16614812
69710,3385688,0.13,0.13,15.27,100.0,0.003905761599999999,0.16614312
69720,3386175,0.12,0.12,15.05,100.0,0.0039048849999999994,0.16613825
69730,3386669,0.15,0.15,15.06,100.0,0.0039039958,0.16613331
69740,3387141,0.13,0.13,15.23,100.0,0.003903146199999999,0.16612859
69750,3387629,0.13,0.13,15.33,100.0,0.0039022677999999995,0.16612371
69760,3388117,0.14,0.14,15.55,100.0,0.0039013894,0.16611883
69770,3388608,0.16,0.16,15.54,100.0,0.0039005055999999988,0.16611392
69780,3389108,0.19,0.19,15.15,100.0,0.003899605599999999,0.16610892
69790,3389608,0.18,0.18,15.15,100.0,0.003898705599999999,0.16610392000000002
69800,3390108,0.18,0.18,14.81,100.0,0.003897805599999999,0.16609891999999998
69810,3390597,0.16,0.16,14.48,100.0,0.003896925399999999,0.16609403
69820,3391076,0.17,0.17,14.44,100.0,0.003896063199999999,0.16608924
69830,3391555,0.17,0.17,14.22,100.0,0.003895200999999999,0.16608445
69840,3392015,0.19,0.19,14.18,100.0,0.0038943729999999996,0.16607985
69850,3392505,0.19,0.19,14.28,100.0,0.003893490999999999,0.16607495
69860,3393005,0.22,0.22,13.99,100.0,0.003892590999999999,0.16606995
69870,3393483,0.21,0.21,14.34,100.0,0.0038917305999999997,0.16606516999999998
69880,3393983,0.19,0.19,14.3,100.0,0.0038908306,0.16606017
69890,3394483,0.21,0.21,14.57,100.0,0.0038899306,0.16605517
69900,3394983,0.22,0.22,14.25,100.0,0.0038890306,0.16605017
69910,3395483,0.22,0.22,14.13,100.0,0.0038881305999999994,0.16604517
69920,3395950,0.22,0.22,13.7,100.0,0.00388729,0.1660405
69930,3396433,0.2,0.2,13.75,100.0,0.0038864206,0.16603567
69940,3396904,0.17,0.17,13.75,100.0,0.0038855727999999997,0.16603096
69950,3397404,0.16,0.16,13.75,100.0,0.0038846728,0.16602596
69960,3397904,0.11,0.11,13.75,100.0,0.0038837728,0.16602096
69970,3398395,0.12,0.12,13.86,100.0,0.0038828889999999996,0.16601605
69980,3398879,0.13,0.13,14.21,100.0,0.003882017799999999,0.16601121
69990,3399366,0.11,0.11,14.21,100.0,0.0038811411999999995,0.16600634
70000,3399851,0.09,0.09,14.21,100.0,0.0038802682,0.16600149
70010,3400340,0.09,0.09,14.46,100.0,0.0038793879999999992,0.1659966
70020,3400828,0.08,0.08,14.48,100.0,0.003878509599999999,0.16599172
70030,3401316,0.07,0.07,14.09,100.0,0.0038776311999999995,0.16598684
70040,3401806,0.09,0.09,14.01,100.0,0.0038767491999999997,0.16598194
70050,3402292,0.09,0.09,14.01,100.0,0.003875874399999999,0.16597708
70060,3402789,0.12,0.12,13.96,100.0,0.003874979799999999,0.16597211
70070,3403250,0.11,0.11,13.58,100.0,0.00387415,0.1659675
70080,3403750,0.1,0.1,13.71,100.0,0.00387325,0.1659625
70090,3404206,0.1,0.1,13.71,100.0,0.0038724291999999993,0.16595794
70100,3404689,0.13,0.13,13.76,100.0,0.0038715597999999995,0.16595311000000001
70110,3405189,0.14,0.14,13.81,100.0,0.0038706597999999997,0.16594810999999998
70120,3405689,0.14,0.14,13.91,100.0,0.003869759799999999,0.16594311
70130,3406138,0.14,0.14,13.77,100.0,0.003868951599999999,0.16593861999999998
70140,3406638,0.15,0.15,13.62,100.0,0.0038680515999999993,0.16593362
70150,3407118,0.15,0.15,13.62,100.0,0.0038671875999999996,0.16592882
70160,3407618,0.12,0.12,13.62,100.0,0.0038662875999999997,0.16592382
70170,3408118,0.12,0.12,13.76,100.0,0.0038653876,0.16591882
70180,3408609,0.12,0.12,13.63,100.0,0.0038645037999999994,0.16591391
70190,3409109,0.14,0.14,13.77,100.0,0.0038636037999999996,0.16590891
70200,3409593,0.15,0.15,14.12,100.0,0.003862732599999999,0.16590407000000001
70210,3410093,0.15,0.15,14.29,100.0,0.0038618325999999993,0.16589906999999998
70220,3410593,0.14,0.14,14.29,100.0,0.0038609325999999994,0.16589407
70230,3411093,0.13,0.13,14.29,100.0,0.0038600325999999996,0.16588907
70240,3411576,0.1,0.1,14.29,100.0,0.0038591631999999997,0.16588424000000002
70250,3412076,0.12,0.12,14.55,100.0,0.0038582632,0.16587923999999998
70260,3412555,0.12,0.12,14.55,100.0,0.003857401,0.16587445
70270,3413055,0.14,0.14,14.77,100.0,0.003856501,0.16586945
70280,3413540,0.15,0.15,14.54,100.0,0.003855628,0.1658646
70290,3414025,0.13,0.13,14.54,100.0,0.0038547549999999996,0.16585975
70300,3414525,0.09,0.09,14.54,100.0,0.0038538549999999998,0.16585475
70310,3415007,0.07,0.07,14.54,100.0,0.0038529873999999997,0.16584993
70320,3415485,0.12,0.12,13.99,100.0,0.0038521270000000003,0.16584515
70330,3415967,0.15,0.15,13.5,100.0,0.0038512594000000002,0.16584033
70340,3416457,0.16,0.16,13.92,100.0,0.0038503773999999996,0.16583543
70350,3416936,0.18,0.18,13.92,100.0,0.0038495151999999996,0.16583064
70360,3417411,0.21,0.21,13.91,100.0,0.0038486601999999995,0.16582589
70370,3417892,0.19,0.19,14.03,100.0,0.003847794399999999,0.16582108
70380,3418392,0.21,0.21,14.72,100.0,0.0038468943999999993,0.16581608
70390,3418867,0.24,0.24,14.67,100.0,0.0038460394,0.16581133
70400,3419367,0.26,0.26,15.08,100.0,0.0038451394,0.16580633
70410,3419833,0.26,0.26,15.08,100.0,0.0038443005999999995,0.16580167
70420,3420323,0.24,0.24,14.97,100.0,0.0038434185999999997,0.16579676999999998
70430,3420774,0.22,0.22,15.04,100.0,0.0038426067999999996,0.16579226
70440,3421274,0.24,0.24,14.46,100.0,0.003841706799999999,0.16578726
70450,3421774,0.24,0.24,14.99,100.0,0.003840806799999999,0.16578226000000001
70460,3422274,0.23,0.23,14.96,100.0,0.003839906799999999,0.16577725999999998
70470,3422765,0.26,0.26,14.97,100.0,0.0038390229999999996,0.16577235
70480,3423258,0.22,0.22,14.97,100.0,0.0038381355999999997,0.16576742
70490,3423741,0.2,0.2,14.99,100.0,0.003837266199999999,0.16576259
70500,3424241,0.19,0.19,14.99,100.0,0.003836366199999999,0.16575759
70510,3424740,0.19,0.19,14.99,100.0,0.003835468,0.1657526
70520,3425223,0.16,0.16,14.99,100.0,0.003834598599999999,0.16574777000000002
70530,3425698,0.18,0.18,15.58,100.0,0.0038337436,0.16574302000000002
70540,3426198,0.18,0.18,15.28,100.0,0.0038328436,0.16573801999999999
70550,3426698,0.16,0.16,15.56,100.0,0.0038319435999999993,0.16573302
70560,3427198,0.15,0.15,15.88,100.0,0.0038310435999999995,0.16572802
70570,3427698,0.13,0.13,15.48,100.0,0.0038301435999999996,0.16572302
70580,3428198,0.15,0.15,15.49,100.0,0.0038292435999999997,0.16571802
70590,3428693,0.18,0.18,15.21,100.0,0.0038283525999999995,0.16571307000000002
70600,3429190,0.2,0.2,15.32,100.0,0.0038274579999999997,0.1657081
70610,3429680,0.21,0.21,15.67,100.0,0.003826576,0.1657032
70620,3430180,0.22,0.22,15.67,100.0,0.003825676,0.16569820000000002
70630,3430647,0.22,0.22,15.72,100.0,0.0038248353999999997,0.16569353
70640,3431135,0.19,0.19,15.72,100.0,0.0038239569999999994,0.16568865
70650,3431602,0.18,0.18,15.39,100.0,0.003823116399999999,0.16568398
70660,3432102,0.18,0.18,15.32,100.0,0.003822216399999999,0.16567898
70670,3432602,0.17,0.17,15.45,100.0,0.0038213163999999992,0.16567398
70680,3433091,0.16,0.16,15.41,100.0,0.0038204362,0.16566909000000002
70690,3433587,0.12,0.12,15.41,100.0,0.003819543399999999,0.16566413
70700,3434071,0.09,0.09,15.41,100.0,0.0038186721999999987,0.16565929000000001
70710,3434550,0.09,0.09,15.44,100.0,0.0038178099999999996,0.16565449999999998
70720,3435048,0.1,0.1,15.3,100.0,0.0038169135999999992,0.16564952
70730,3435538,0.09,0.09,15.49,100.0,0.0038160315999999994,0.16564462
70740,3436037,0.11,0.11,15.3,100.0,0.0038151333999999993,0.16563962999999998
70750,3436537,0.14,0.14,15.47,100.0,0.0038142333999999995,0.16563463
70760,3437037,0.15,0.15,15.4,100.0,0.0038133333999999996,0.16562963
70770,3437529,0.16,0.16,15.75,100.0,0.0038124478000000003,0.16562471
70780,3437993,0.17,0.17,15.78,100.0,0.0038116126,0.16562007
70790,3438492,0.2,0.2,15.25,100.0,0.003810714399999999,0.16561508
70800,3438987,0.22,0.22,15.1,100.0,0.0038098233999999996,0.16561013
70810,3439487,0.22,0.22,14.87,100.0,0.0038089234,0.16560513
70820,3439987,0.2,0.2,14.87,100.0,0.0038080234,0.16560013
70830,3440479,0.19,0.19,14.89,100.0,0.003807137799999999,0.16559521
70840,3440972,0.17,0.17,14.89,100.0,0.0038062504,0.16559028
70850,3441472,0.16,0.16,15.02,100.0,0.0038053504,0.16558528
70860,3441930,0.16,0.16,15.23,100.0,0.003804525999999999,0.1655807
70870,3442396,0.16,0.16,15.05,100.0,0.0038036872,0.16557604
70880,3442894,0.16,0.16,15.08,100.0,0.003802790799999999,0.16557106
70890,3443394,0.15,0.15,15.01,100.0,0.003801890799999999,0.16556606000000001
70900,3443846,0.14,0.14,14.97,100.0,0.0038010772,0.16556154
70910,3444334,0.13,0.13,14.97,100.0,0.0038001987999999997,0.16555666
70920,3444834,0.15,0.15,15.21,100.0,0.0037992988,0.16555166
70930,3445318,0.15,0.15,15.56,100.0,0.0037984275999999994,0.16554681999999998
70940,3445817,0.15,0.15,15.56,100.0,0.0037975293999999993,0.16554183
70950,3446317,0.15,0.15,15.61,100.0,0.0037966293999999994,0.16553683
70960,3446797,0.15,0.15,16.06,100.0,0.0037957653999999997,0.16553203
70970,3447280,0.15,0.15,15.66,100.0,0.003794896,0.16552719999999999
70980,3447767,0.15,0.15,15.44,100.0,0.0037940193999999993,0.16552233
70990,3448249,0.15,0.15,14.95,100.0,0.0037931518,0.16551751
71000,3448731,0.15,0.15,14.92,100.0,0.0037922842,0.16551269000000002
71010,3449231,0.19,0.19,14.59,100.0,0.0037913842,0.16550768999999999
71020,3449722,0.22,0.22,14.34,100.0,0.0037905003999999997,0.16550278000000002
71030,3450222,0.21,0.21,14.34,100.0,0.0037896004,0.16549777999999998
71040,3450721,0.23,0.23,14.67,100.0,0.0037887021999999998,0.16549279
71050,3451211,0.25,0.25,14.34,100.0,0.003787820199999999,0.16548789
71060,3451711,0.24,0.24,14.06,100.0,0.0037869201999999992,0.16548289
71070,3452211,0.22,0.22,14.06,100.0,0.0037860201999999994,0.16547789000000002
71080,3452709,0.22,0.22,14.11,100.0,0.0037851238,0.16547291
71090,3453181,0.21,0.21,14.15,100.0,0.003784274199999999,0.16546819000000001
71100,3453681,0.23,0.23,14.45,100.0,0.003783374199999999,0.16546318999999998
71110,3454181,0.19,0.19,14.45,100.0,0.0037824741999999993,0.16545819
71120,3454681,0.18,0.18,14.09,100.0,0.0037815741999999994,0.16545319
71130,3455175,0.18,0.18,14.09,100.0,0.0037806849999999998,0.16544825000000002
71140,3455675,0.17,0.17,14.13,100.0,0.003779784999999999,0.16544325
71150,3456167,0.13,0.13,14.04,100.0,0.0037788993999999998,0.16543833
71160,3456645,0.14,0.14,14.12,100.0,0.0037780389999999995,0.16543354999999998
71170,3457120,0.14,0.14,14.12,100.0,0.0037771839999999994,0.1654288
71180,3457613,0.13,0.13,14.15,100.0,0.0037762965999999995,0.16542387
71190,3458113,0.13,0.13,14.19,100.0,0.0037753965999999996,0.16541887
71200,3458600,0.1,0.1,14.19,100.0,0.003774519999999999,0.165414
71210,3459081,0.11,0.11,14.15,100.0,0.0037736541999999996,0.16540918999999998
71220,3459573,0.08,0.08,14.14,100.0,0.0037727685999999995,0.16540427
71230,3460073,0.09,0.09,14.11,100.0,0.0037718685999999987,0.16539927
71240,3460554,0.09,0.09,14.13,100.0,0.0037710027999999993,0.16539446
71250,3461054,0.08,0.08,14.13,100.0,0.0037701027999999994,0.16538946
71260,3461554,0.07,0.07,14.11,100.0,0.0037692027999999995,0.16538446
71270,3462054,0.08,0.08,14.37,100.0,0.0037683027999999997,0.16537946
71280,3462550,0.07,0.07,14.37,100.0,0.0037674099999999997,0.1653745
71290,3463050,0.07,0.07,14.36,100.0,0.00376651,0.1653695
71300,3463550,0.08,0.08,14.36,100.0,0.003765609999999999,0.1653645
71310,3464045,0.09,0.09,14.37,100.0,0.0037647189999999997,0.16535955
71320,3464530,0.11,0.11,14.5,100.0,0.0037638459999999995,0.1653547
71330,3465013,0.1,0.1,14.5,100.0,0.0037629765999999997,0.16534987
71340,3465504,0.1,0.1,14.28,100.0,0.0037620928,0.16534495999999999
71350,3466000,0.11,0.11,14.74,100.0,0.0037611999999999993,0.16534
71360,3466488,0.12,0.12,14.51,100.0,0.0037603216,0.16533512
71370,3466965,0.13,0.13,14.84,100.0,0.0037594629999999993,0.16533035000000001
71380,3467450,0.15,0.15,14.82,100.0,0.003758589999999999,0.16532550000000001
71390,3467945,0.16,0.16,14.79,100.0,0.0037576989999999998,0.16532055
71400,3468445,0.16,0.16,14.8,100.0,0.003756799,0.16531555
71410,3468945,0.14,0.14,14.8,100.0,0.003755898999999999,0.16531055
71420,3469445,0.12,0.12,14.8,100.0,0.0037549989999999993,0.16530555
71430,3469945,0.17,0.17,14.51,100.0,0.0037540989999999995,0.16530055
71440,3470435,0.19,0.19,14.03,100.0,0.0037532169999999997,0.16529565000000002
71450,3470935,0.2,0.2,14.35,100.0,0.003752317,0.16529064999999998
71460,3471435,0.19,0.19,14.36,100.0,0.003751417,0.16528565
71470,3471935,0.2,0.2,14.91,100.0,0.003750517,0.16528065
71480,3472435,0.19,0.19,14.92,100.0,0.0037496169999999994,0.16527565
71490,3472935,0.17,0.17,14.92,100.0,0.0037487169999999995,0.16527065000000002
71500,3473426,0.18,0.18,14.66,100.0,0.003747833199999999,0.16526574
71510,3473926,0.21,0.21,14.09,100.0,0.0037469331999999992,0.16526074000000002
71520,3474418,0.21,0.21,13.66,100.0,0.003746047599999999,0.16525582
71530,3474902,0.19,0.19,13.85,100.0,0.0037451763999999986,0.16525098
71540,3475402,0.19,0.19,13.91,100.0,0.0037442763999999988,0.16524598000000001
71550,3475889,0.18,0.18,14.04,100.0,0.0037433998,0.16524111
71560,3476389,0.17,0.17,14.04,100.0,0.0037424998,0.16523611
71570,3476872,0.15,0.15,14.48,100.0,0.0037416304000000003,0.16523128
71580,3477354,0.17,0.17,14.38,100.0,0.0037407628,0.16522646000000002
71590,3477836,0.17,0.17,14.38,100.0,0.0037398951999999992,0.16522164
71600,3478309,0.16,0.16,13.93,100.0,0.0037390437999999995,0.16521691
71610,3478808,0.16,0.16,13.61,100.0,0.0037381455999999993,0.16521192
71620,3479304,0.15,0.15,13.61,100.0,0.0037372528,0.16520696
71630,3479793,0.13,0.13,13.2,100.0,0.0037363725999999993,0.16520207
71640,3480284,0.12,0.12,13.5,100.0,0.003735488799999999,0.16519716
71650,3480784,0.12,0.12,13.43,100.0,0.003734588799999999,0.16519216
71660,3481259,0.14,0.14,13.92,100.0,0.0037337337999999998,0.16518741
71670,3481724,0.14,0.14,13.93,100.0,0.0037328967999999997,0.16518275999999998
71680,3482224,0.12,0.12,14.36,100.0,0.0037319968,0.16517776
71690,3482724,0.16,0.16,14.46,100.0,0.0037310968,0.16517276
71700,3483224,0.16,0.16,14.47,100.0,0.0037301968,0.16516776
71710,3483692,0.14,0.14,14.41,100.0,0.0037293544,0.16516308000000002
71720,3484172,0.17,0.17,14.32,100.0,0.0037284903999999994,0.16515828
71730,3484672,0.19,0.19,14.18,100.0,0.0037275903999999995,0.16515328
71740,3485143,0.17,0.17,14.18,100.0,0.0037267425999999992,0.16514857
71750,3485643,0.18,0.18,14.45,100.0,0.0037258425999999994,0.16514357000000002
71760,3486142,0.17,0.17,14.52,100.0,0.0037249444,0.16513858
71770,3486631,0.17,0.17,14.68,100.0,0.0037240641999999992,0.16513369
71780,3487131,0.22,0.22,14.68,100.0,0.0037231641999999994,0.16512869
71790,3487618,0.18,0.18,14.68,100.0,0.0037222875999999997,0.16512382
71800,3488092,0.19,0.19,14.46,100.0,0.0037214343999999993,0.16511908
71810,3488581,0.21,0.21,14.19,100.0,0.0037205541999999992,0.16511419
71820,3489068,0.21,0.21,14.21,100.0,0.0037196775999999996,0.16510932
71830,3489568,0.2,0.2,14.2,100.0,0.003718777599999999,0.16510432
71840,3490053,0.2,0.2,14.2,100.0,0.0037179045999999995,0.16509947
71850,3490553,0.18,0.18,14.2,100.0,0.0037170045999999997,0.16509447
71860,3491053,0.17,0.17,14.2,100.0,0.003716104599999999,0.16508947000000002
71870,3491514,0.19,0.19,14.67,100.0,0.0037152747999999996,0.16508486
71880,3491997,0.15,0.15,14.92,100.0,0.0037144053999999998,0.16508003
71890,3492497,0.16,0.16,14.97,100.0,0.0037135054,0.16507503
71900,3492984,0.16,0.16,15.15,100.0,0.0037126287999999993,0.16507016
71910,3493463,0.16,0.16,15.03,100.0,0.0037117665999999994,0.16506537
71920,3493963,0.15,0.15,15.2,100.0,0.0037108665999999995,0.16506037
71930,3494449,0.15,0.15,15.05,100.0,0.0037099917999999996,0.16505551000000002
71940,3494935,0.17,0.17,14.88,100.0,0.0037091169999999996,0.16505065
71950,3495408,0.19,0.19,14.46,100.0,0.0037082656,0.16504592
71960,3495908,0.21,0.21,14.45,100.0,0.0037073656,0.16504092
71970,3496391,0.19,0.19,14.51,100.0,0.0037064962,0.16503609
71980,3496886,0.17,0.17,14.51,100.0,0.003705605199999999,0.16503114
71990,3497329,0.16,0.16,14.51,100.0,0.0037048077999999995,0.16502671
72000,3497829,0.17,0.17,14.35,100.0,0.0037039077999999996,0.16502171
72010,3498302,0.16,0.16,14.25,100.0,0.0037030564,0.16501698
72020,3498785,0.16,0.16,14.24,100.0,0.003702187,0.16501215
72030,3499285,0.14,0.14,14.24,100.0,0.003701287,0.16500715
72040,3499772,0.13,0.13,14.26,100.0,0.0037004103999999996,0.16500228
72050,3500272,0.12,0.12,14.2,100.0,0.0036995103999999997,0.16499728
72060,3500747,0.11,0.11,14.32,100.0,0.0036986553999999987,0.16499253
72070,3501247,0.12,0.12,14.57,100.0,0.003697755399999999,0.16498753
72080,3501744,0.15,0.15,14.52,100.0,0.003696860799999999,0.16498256
72090,3502229,0.18,0.18,14.68,100.0,0.0036959878,0.16497771
72100,3502713,0.15,0.15,14.68,100.0,0.0036951165999999994,0.16497287
72110,3503202,0.19,0.19,15.28,100.0,0.0036942363999999993,0.16496798000000001
72120,3503685,0.2,0.2,15.51,100.0,0.0036933669999999986,0.16496315
72130,3504171,0.23,0.23,15.36,100.0,0.0036924921999999995,0.16495829
72140,3504635,0.24,0.24,15.55,100.0,0.003691657,0.16495365
72150,3505121,0.24,0.24,15.21,100.0,0.0036907821999999993,0.16494879
72160,3505621,0.25,0.25,14.96,100.0,0.0036898821999999994,0.16494379
72170,3506119,0.25,0.25,15.04,100.0,0.0036889858,0.16493881
72180,3506617,0.26,0.26,15.0,100.0,0.0036880893999999987,0.16493383
72190,3507117,0.26,0.26,15.25,100.0,0.003687189399999999,0.16492883
72200,3507609,0.27,0.27,15.0,100.0,0.0036863037999999996,0.16492391
72210,3508103,0.23,0.23,14.71,100.0,0.003685414599999999,0.16491897
72220,3508590,0.21,0.21,14.35,100.0,0.0036845380000000002,0.1649141
72230,3509081,0.2,0.2,14.45,100.0,0.0036836542,0.16490918999999998
72240,3509575,0.19,0.19,14.7,100.0,0.003682765,0.16490425
72250,3510034,0.18,0.18,14.7,100.0,0.0036819387999999995,0.16489966
72260,3510534,0.23,0.23,15.27,100.0,0.0036810387999999996,0.16489466
72270,3511034,0.22,0.22,15.17,100.0,0.003680138799999999,0.16488966
72280,3511534,0.19,0.19,15.15,100.0,0.003679238799999999,0.16488466000000002
72290,3512033,0.17,0.17,15.13,100.0,0.0036783405999999998,0.16487967
72300,3512533,0.18,0.18,15.23,100.0,0.0036774406,0.16487467
72310,3513025,0.19,0.19,15.55,100.0,0.003676554999999999,0.16486974999999998
72320,3513507,0.18,0.18,15.55,100.0,0.003675687399999999,0.16486493
72330,3513986,0.16,0.16,15.55,100.0,0.0036748251999999997,0.16486014
72340,3514473,0.16,0.16,15.26,100.0,0.003673948599999999,0.16485527
72350,3514951,0.16,0.16,15.26,100.0,0.0036730881999999998,0.16485049000000002
72360,3515444,0.12,0.12,15.17,100.0,0.0036722008,0.16484556
72370,3515941,0.12,0.12,15.55,100.0,0.0036713061999999992,0.16484059
72380,3516417,0.15,0.15,16.78,100.0,0.0036704493999999994,0.16483583000000002
72390,3516907,0.15,0.15,16.73,100.0,0.0036695673999999987,0.16483093
72400,3517396,0.16,0.16,16.7,100.0,0.0036686871999999995,0.16482604
72410,3517877,0.15,0.15,17.12,100.0,0.0036678214,0.16482122999999999
72420,3518354,0.19,0.19,16.27,100.0,0.0036669627999999987,0.16481646
72430,3518840,0.2,0.2,15.94,100.0,0.0036660879999999996,0.1648116
72440,3519327,0.21,0.21,15.92,100.0,0.0036652114,0.16480673
72450,3519818,0.23,0.23,15.84,100.0,0.0036643275999999995,0.16480182
72460,3520302,0.22,0.22,15.81,100.0,0.003663456399999999,0.16479697999999998
72470,3520785,0.23,0.23,15.84,100.0,0.0036625869999999993,0.16479215
72480,3521283,0.21,0.21,15.94,100.0,0.0036616905999999998,0.16478716999999998
72490,3521783,0.25,0.25,16.11,100.0,0.003660790599999999,0.16478217
72500,3522283,0.24,0.24,16.15,100.0,0.003659890599999999,0.16477717
72510,3522783,0.24,0.24,15.98,100.0,0.0036589905999999993,0.16477217
72520,3523283,0.21,0.21,16.15,100.0,0.0036580905999999995,0.16476717000000002
72530,3523762,0.24,0.24,16.19,100.0,0.0036572284000000004,0.16476237999999999
72540,3524251,0.23,0.23,16.51,100.0,0.0036563481999999994,0.16475749
72550,3524698,0.25,0.25,16.84,100.0,0.003655543599999999,0.16475302
72560,3525169,0.26,0.26,16.55,100.0,0.003654695799999999,0.16474831
72570,3525640,0.24,0.24,16.55,100.0,0.0036538479999999995,0.1647436
72580,3526134,0.25,0.25,16.25,100.0,0.003652958799999999,0.16473865999999998
72590,3526634,0.22,0.22,16.02,100.0,0.003652058799999999,0.16473366
72600,3527134,0.24,0.24,16.25,100.0,0.0036511587999999992,0.16472866
72610,3527634,0.24,0.24,15.72,100.0,0.0036502587999999994,0.16472366
72620,3528133,0.27,0.27,15.95,100.0,0.0036493605999999993,0.16471867
72630,3528633,0.26,0.26,15.74,100.0,0.0036484605999999994,0.16471367
72640,3529127,0.28,0.28,15.81,100.0,0.003647571399999999,0.16470873
72650,3529627,0.27,0.27,15.94,100.0,0.003646671399999999,0.16470373
72660,3530121,0.25,0.25,15.95,100.0,0.0036457821999999994,0.16469878999999998
72670,3530621,0.26,0.26,15.91,100.0,0.0036448821999999995,0.16469379
72680,3531114,0.24,0.24,16.14,100.0,0.0036439947999999988,0.16468886
72690,3531603,0.23,0.23,15.75,100.0,0.0036431145999999996,0.16468397
72700,3532103,0.19,0.19,15.75,100.0,0.0036422145999999997,0.16467897
72710,3532603,0.2,0.2,16.11,100.0,0.003641314599999999,0.16467397
72720,3533099,0.17,0.17,16.11,100.0,0.003640421799999999,0.16466901
72730,3533587,0.14,0.14,16.11,100.0,0.0036395433999999987,0.16466413
72740,3534081,0.15,0.15,15.68,100.0,0.003638654199999999,0.16465919
72750,3534556,0.12,0.12,15.68,100.0,0.0036377992,0.16465444
72760,3535053,0.16,0.16,16.09,100.0,0.003636904599999999,0.16464947
72770,3535553,0.16,0.16,16.01,100.0,0.0036360045999999993,0.16464447
72780,3536053,0.16,0.16,16.14,100.0,0.0036351045999999995,0.16463947
72790,3536550,0.17,0.17,15.55,100.0,0.0036342099999999997,0.16463450000000002
72800,3537045,0.2,0.2,15.34,100.0,0.0036333189999999994,0.16462955
72810,3537526,0.17,0.17,15.34,100.0,0.0036324532,0.16462474
72820,3538017,0.17,0.17,15.36,100.0,0.0036315693999999996,0.16461983
72830,3538495,0.2,0.2,15.66,100.0,0.0036307089999999993,0.16461504999999998
72840,3538981,0.2,0.2,15.86,100.0,0.0036298341999999994,0.16461019
72850,3539481,0.24,0.24,15.44,100.0,0.0036289341999999995,0.16460519
72860,3539968,0.21,0.21,15.32,100.0,0.0036280576,0.16460032
72870,3540457,0.21,0.21,15.06,100.0,0.003627177399999999,0.16459543
72880,3540957,0.21,0.21,14.96,100.0,0.003626277399999999,0.16459043
72890,3541435,0.22,0.22,14.58,100.0,0.0036254169999999997,0.16458565
72900,3541923,0.22,0.22,14.3,100.0,0.0036245385999999994,0.16458077
72910,3542423,0.26,0.26,14.4,100.0,0.0036236385999999995,0.16457577
72920,3542904,0.26,0.26,14.4,100.0,0.003622772799999999,0.16457096
72930,3543402,0.23,0.23,14.4,100.0,0.0036218763999999997,0.16456598
72940,3543881,0.21,0.21,14.88,100.0,0.0036210141999999997,0.16456119
72950,3544381,0.18,0.18,14.9,100.0,0.0036201142,0.16455619
72960,3544881,0.17,0.17,14.96,100.0,0.0036192142,0.16455119
72970,3545381,0.17,0.17,14.63,100.0,0.0036183141999999993,0.16454618999999998
72980,3545870,0.17,0.17,14.64,100.0,0.003617434,0.1645413
72990,3546370,0.17,0.17,14.82,100.0,0.0036165340000000002,0.1645363
73000,3546870,0.22,0.22,14.11,100.0,0.0036156339999999995,0.1645313
73010,3547369,0.19,0.19,14.04,100.0,0.0036147357999999994,0.16452631
73020,3547863,0.2,0.2,14.47,100.0,0.0036138465999999998,0.16452137
73030,3548357,0.2,0.2,14.47,100.0,0.0036129574,0.16451643
73040,3548823,0.21,0.21,14.58,100.0,0.0036121185999999994,0.16451177
73050,3549323,0.2,0.2,14.58,100.0,0.0036112185999999996,0.16450677
73060,3549818,0.2,0.2,14.63,100.0,0.0036103275999999993,0.16450182
73070,3550292,0.2,0.2,14.65,100.0,0.0036094744,0.16449708
73080,3550792,0.21,0.21,14.94,100.0,0.0036085744,0.16449207999999998
73090,3551272,0.18,0.18,14.94,100.0,0.0036077104000000002,0.16448728
73100,3551756,0.11,0.11,15.21,100.0,0.0036068391999999998,0.16448244
73110,3552230,0.14,0.14,14.96,100.0,0.0036059859999999994,0.1644777
73120,3552724,0.13,0.13,15.21,100.0,0.0036050967999999997,0.16447276
73130,3553224,0.15,0.15,15.45,100.0,0.0036041968,0.16446776
73140,3553724,0.16,0.16,15.5,100.0,0.0036032968,0.16446275999999999
73150,3554224,0.17,0.17,15.47,100.0,0.0036023967999999993,0.16445776
73160,3554724,0.17,0.17,15.22,100.0,0.0036014967999999994,0.16445276
73170,3555219,0.16,0.16,15.22,100.0,0.003600605799999999,0.16444781
73180,3555701,0.17,0.17,15.37,100.0,0.003599738199999999,0.16444299
73190,3556184,0.18,0.18,15.37,100.0,0.0035988687999999993,0.16443816
73200,3556655,0.19,0.19,15.19,100.0,0.003598020999999999,0.16443344999999998
73210,3557135,0.19,0.19,15.0,100.0,0.0035971569999999993,0.16442865
73220,3557618,0.19,0.19,14.97,100.0,0.0035962875999999994,0.16442382
73230,3558097,0.18,0.18,14.99,100.0,0.0035954253999999995,0.16441903
73240,3558591,0.15,0.15,14.79,100.0,0.0035945362,0.16441409
73250,3559091,0.16,0.16,14.8,100.0,0.0035936362,0.16440909
73260,3559584,0.16,0.16,14.61,100.0,0.003592748799999999,0.16440416
73270,3560075,0.18,0.18,14.32,100.0,0.0035918649999999996,0.16439925
73280,3560563,0.17,0.17,14.4,100.0,0.0035909865999999993,0.16439437
73290,3561050,0.19,0.19,14.0,100.0,0.0035901099999999997,0.1643895
73300,3561550,0.18,0.18,14.01,100.0,0.00358921,0.1643845
73310,3562037,0.17,0.17,14.44,100.0,0.0035883333999999992,0.16437963
73320,3562514,0.18,0.18,14.39,100.0,0.0035874747999999996,0.16437486
73330,3563003,0.17,0.17,14.39,100.0,0.0035865945999999996,0.16436997
73340,3563491,0.18,0.18,14.13,100.0,0.0035857162,0.16436509
73350,3563978,0.19,0.19,14.01,100.0,0.0035848395999999996,0.16436022
73360,3564478,0.22,0.22,14.02,100.0,0.0035839395999999997,0.16435522
73370,3564955,0.21,0.21,14.02,100.0,0.0035830809999999992,0.16435044999999998
73380,3565451,0.19,0.19,14.02,100.0,0.0035821881999999992,0.16434548999999998
73390,3565913,0.16,0.16,14.02,100.0,0.0035813565999999993,0.16434087
73400,3566413,0.19,0.19,13.93,100.0,0.0035804565999999994,0.16433587
73410,3566905,0.17,0.17,13.76,100.0,0.0035795709999999993,0.16433095
73420,3567405,0.17,0.17,13.37,100.0,0.0035786709999999994,0.16432595
73430,3567886,0.18,0.18,13.18,100.0,0.003577805199999999,0.16432114
73440,3568370,0.16,0.16,13.18,100.0,0.0035769339999999995,0.1643163
73450,3568866,0.15,0.15,13.33,100.0,0.0035760411999999995,0.16431134
73460,3569366,0.18,0.18,13.42,100.0,0.0035751411999999996,0.16430634
73470,3569864,0.17,0.17,13.42,100.0,0.0035742448,0.16430136
73480,3570353,0.18,0.18,13.41,100.0,0.0035733645999999992,0.16429647
73490,3570853,0.19,0.19,13.16,100.0,0.0035724645999999994,0.16429147
73500,3571353,0.18,0.18,12.94,100.0,0.0035715645999999995,0.16428647
73510,3571853,0.19,0.19,13.21,100.0,0.0035706645999999996,0.16428146999999999
73520,3572353,0.18,0.18,13.41,100.0,0.0035697645999999998,0.16427647
73530,3572853,0.23,0.23,13.13,100.0,0.0035688646,0.16427147
73540,3573353,0.25,0.25,13.07,100.0,0.003567964599999999,0.16426647
73550,3573825,0.23,0.23,13.07,100.0,0.003567114999999999,0.16426174999999998
73560,3574320,0.17,0.17,13.17,100.0,0.003566223999999999,0.16425679999999998
73570,3574802,0.18,0.18,13.38,100.0,0.003565356399999999,0.16425198
73580,3575296,0.17,0.17,13.38,100.0,0.003564467199999999,0.16424704
73590,3575796,0.16,0.16,13.38,100.0,0.0035635671999999993,0.16424204
73600,3576279,0.14,0.14,13.37,100.0,0.0035626977999999995,0.16423721
73610,3576772,0.12,0.12,13.37,100.0,0.0035618103999999996,0.16423228
73620,3577272,0.14,0.14,13.65,100.0,0.003560910399999999,0.16422728
73630,3577753,0.1,0.1,13.95,100.0,0.0035600445999999994,0.16422247
73640,3578223,0.11,0.11,13.99,100.0,0.0035591985999999997,0.16421776999999999
73650,3578689,0.12,0.12,13.95,100.0,0.0035583598,0.16421311
73660,3579187,0.16,0.16,14.58,100.0,0.0035574633999999996,0.16420813
73670,3579680,0.15,0.15,14.58,100.0,0.0035565759999999997,0.1642032
73680,3580136,0.16,0.16,14.55,100.0,0.0035557552,0.16419864
73690,3580636,0.18,0.18,13.91,100.0,0.0035548552,0.16419364
73700,3581120,0.18,0.18,14.05,100.0,0.0035539839999999996,0.1641888
73710,3581620,0.2,0.2,14.15,100.0,0.0035530839999999998,0.1641838
73720,3582096,0.19,0.19,13.61,100.0,0.003552227199999999,0.16417904
73730,3582596,0.19,0.19,13.95,100.0,0.003551327199999999,0.16417404
73740,3583096,0.19,0.19,14.23,100.0,0.0035504271999999993,0.16416904
73750,3583574,0.2,0.2,14.35,100.0,0.0035495668,0.16416426
73760,3584044,0.17,0.17,14.32,100.0,0.0035487207999999994,0.16415955999999998
73770,3584529,0.2,0.2,14.26,100.0,0.003547847799999999,0.16415470999999998
73780,3585010,0.22,0.22,14.3,100.0,0.003546981999999999,0.1641499
73790,3585510,0.21,0.21,14.59,100.0,0.003546081999999999,0.16414489999999998
73800,3586002,0.2,0.2,14.59,100.0,0.0035451963999999997,0.16413998
73810,3586496,0.22,0.22,14.72,100.0,0.003544307199999999,0.16413504
73820,3586987,0.23,0.23,15.33,100.0,0.0035434233999999997,0.16413012999999999
73830,3587479,0.23,0.23,15.67,100.0,0.0035425377999999995,0.16412521
73840,3587979,0.23,0.23,15.69,100.0,0.0035416377999999997,0.16412021
73850,3588462,0.23,0.23,15.62,100.0,0.003540768399999999,0.16411538
73860,3588914,0.21,0.21,15.62,100.0,0.003539954799999999,0.16411086
73870,3589414,0.21,0.21,16.14,100.0,0.003539054799999999,0.16410586
73880,3589902,0.22,0.22,16.57,100.0,0.0035381764,0.16410098
73890,3590402,0.23,0.23,16.64,100.0,0.0035372764,0.16409598
73900,3590902,0.24,0.24,16.68,100.0,0.003536376399999999,0.16409098
73910,3591373,0.2,0.2,16.68,100.0,0.0035355286,0.16408627
73920,3591873,0.18,0.18,16.85,100.0,0.0035346286,0.16408127
73930,3592363,0.17,0.17,16.9,100.0,0.0035337465999999993,0.16407637
73940,3592863,0.15,0.15,17.0,100.0,0.0035328465999999994,0.16407137
73950,3593363,0.15,0.15,16.71,100.0,0.0035319465999999996,0.16406637
73960,3593860,0.15,0.15,16.71,100.0,0.003531052,0.1640614
73970,3594360,0.13,0.13,17.12,100.0,0.003530152,0.1640564
73980,3594860,0.11,0.11,17.49,100.0,0.003529251999999999,0.1640514
73990,3595360,0.09,0.09,17.49,100.0,0.0035283519999999994,0.16404639999999998
74000,3595847,0.08,0.08,17.49,100.0,0.0035274753999999997,0.16404153
74010,3596338,0.09,0.09,17.25,100.0,0.0035265915999999993,0.16403662
74020,3596837,0.11,0.11,17.57,100.0,0.003525693399999999,0.16403162999999998
74030,3597330,0.11,0.11,17.39,100.0,0.0035248059999999993,0.1640267
74040,3597805,0.13,0.13,17.43,100.0,0.003523950999999999,0.16402195
74050,3598305,0.13,0.13,17.27,100.0,0.0035230509999999993,0.16401695
74060,3598789,0.15,0.15,16.95,100.0,0.0035221797999999997,0.16401211
74070,3599289,0.17,0.17,16.78,100.0,0.0035212798,0.16400711
74080,3599776,0.19,0.19,17.05,100.0,0.0035204031999999993,0.16400224
74090,3600256,0.19,0.19,17.05,100.0,0.0035195391999999995,0.16399744
74100,3600756,0.2,0.2,17.07,100.0,0.0035186391999999997,0.16399244
74110,3601252,0.21,0.21,16.89,100.0,0.0035177463999999997,0.16398748
74120,3601752,0.2,0.2,16.74,100.0,0.0035168464,0.16398247999999999
74130,3602252,0.2,0.2,16.59,100.0,0.003515946399999999,0.16397748
74140,3602752,0.19,0.19,16.57,100.0,0.0035150463999999992,0.16397248
74150,3603243,0.2,0.2,16.5,100.0,0.0035141625999999997,0.16396757
74160,3603740,0.18,0.18,16.5,100.0,0.003513267999999999,0.1639626
74170,3604240,0.17,0.17,16.37,100.0,0.0035123679999999992,0.16395759999999998
74180,3604740,0.14,0.14,16.38,100.0,0.0035114679999999994,0.1639526
74190,3605240,0.15,0.15,16.8,100.0,0.0035105679999999995,0.1639476
74200,3605733,0.15,0.15,16.75,100.0,0.0035096805999999996,0.16394267
74210,3606233,0.16,0.16,17.25,100.0,0.0035087805999999997,0.16393767
74220,3606715,0.14,0.14,17.25,100.0,0.0035079129999999997,0.16393285
74230,3607214,0.13,0.13,17.25,100.0,0.0035070147999999987,0.16392785999999998
74240,3607714,0.11,0.11,17.25,100.0,0.003506114799999999,0.16392286
74250,3608203,0.11,0.11,17.31,100.0,0.0035052345999999996,0.16391797
74260,3608687,0.14,0.14,17.2,100.0,0.0035043634,0.16391313
74270,3609187,0.16,0.16,17.13,100.0,0.0035034634,0.16390812999999999
74280,3609687,0.16,0.16,17.04,100.0,0.0035025633999999995,0.16390313
74290,3610178,0.15,0.15,17.04,100.0,0.003501679599999999,0.16389821999999998
74300,3610678,0.15,0.15,17.01,100.0,0.003500779599999999,0.16389322
74310,3611140,0.13,0.13,17.16,100.0,0.0034999479999999993,0.1638886
74320,3611640,0.15,0.15,17.09,100.0,0.0034990479999999994,0.1638836
74330,3612124,0.17,0.17,17.48,100.0,0.0034981768,0.16387876
74340,3612624,0.18,0.18,17.47,100.0,0.0034972768,0.16387376
74350,3613124,0.16,0.16,17.06,100.0,0.0034963768,0.16386876
74360,3613619,0.14,0.14,16.95,100.0,0.003495485799999999,0.16386381
74370,3614119,0.11,0.11,17.09,100.0,0.003494585799999999,0.16385881
74380,3614601,0.11,0.11,17.19,100.0,0.003493718199999999,0.16385399
74390,3615101,0.12,0.12,17.22,100.0,0.003492818199999999,0.16384899
74400,3615574,0.12,0.12,17.16,100.0,0.0034919668000000003,0.16384426
74410,3616074,0.11,0.11,17.16,100.0,0.0034910667999999987,0.16383926
74420,3616574,0.09,0.09,17.16,100.0,0.003490166799999999,0.16383426
74430,3617074,0.1,0.1,17.03,100.0,0.003489266799999999,0.16382926
74440,3617564,0.09,0.09,17.03,100.0,0.0034883848,0.16382436
74450,3618064,0.1,0.1,17.76,100.0,0.0034874848,0.16381936
74460,3618541,0.1,0.1,17.58,100.0,0.003486626199999999,0.16381458999999998
74470,3619024,0.1,0.1,17.54,100.0,0.003485756799999999,0.16380976
74480,3619505,0.12,0.12,17.77,100.0,0.0034848909999999995,0.16380495
74490,3620005,0.13,0.13,17.61,100.0,0.0034839909999999997,0.16379995
74500,3620505,0.12,0.12,17.61,100.0,0.003483091,0.16379495
74510,3620976,0.15,0.15,17.09,100.0,0.0034822431999999995,0.16379024
74520,3621476,0.17,0.17,16.86,100.0,0.003481343199999999,0.16378524
74530,3621976,0.16,0.16,16.92,100.0,0.003480443199999999,0.16378024
74540,3622476,0.16,0.16,16.92,100.0,0.003479543199999999,0.16377524
74550,3622972,0.15,0.15,16.67,100.0,0.0034786504,0.16377028
74560,3623459,0.18,0.18,16.48,100.0,0.0034777737999999994,0.16376541
74570,3623959,0.2,0.2,16.33,100.0,0.0034768737999999995,0.16376041
74580,3624459,0.19,0.19,16.17,100.0,0.0034759737999999997,0.16375541
74590,3624959,0.17,0.17,16.17,100.0,0.0034750738,0.16375041
74600,3625459,0.19,0.19,16.06,100.0,0.0034741738,0.16374541
74610,3625949,0.2,0.2,15.66,100.0,0.0034732917999999993,0.16374051
74620,3626442,0.19,0.19,15.53,100.0,0.0034724043999999985,0.16373558
74630,3626919,0.19,0.19,15.44,100.0,0.003471545799999999,0.16373081
74640,3627419,0.2,0.2,15.16,100.0,0.003470645799999999,0.16372581
74650,3627919,0.21,0.21,15.12,100.0,0.003469745799999999,0.16372081
74660,3628402,0.17,0.17,15.12,100.0,0.0034688763999999993,0.16371597999999998
74670,3628902,0.15,0.15,15.5,100.0,0.0034679763999999995,0.16371098
74680,3629382,0.15,0.15,15.17,100.0,0.0034671123999999998,0.16370618
74690,3629880,0.16,0.16,15.23,100.0,0.0034662160000000003,0.1637012
74700,3630380,0.16,0.16,15.08,100.0,0.0034653159999999987,0.1636962
74710,3630880,0.13,0.13,15.51,100.0,0.003464415999999999,0.16369119999999998
74720,3631372,0.13,0.13,15.56,100.0,0.0034635303999999995,0.16368628
74730,3631849,0.16,0.16,16.14,100.0,0.0034626718,0.16368151
74740,3632349,0.17,0.17,15.99,100.0,0.003461771799999999,0.16367651
74750,3632849,0.2,0.2,16.53,100.0,0.0034608717999999993,0.16367151
74760,3633332,0.21,0.21,16.48,100.0,0.0034600023999999986,0.16366668
74770,3633832,0.22,0.22,16.6,100.0,0.0034591023999999988,0.16366168
74780,3634332,0.22,0.22,16.56,100.0,0.003458202399999999,0.16365668
74790,3634828,0.24,0.24,16.8,100.0,0.0034573095999999998,0.16365172
74800,3635328,0.23,0.23,16.9,100.0,0.0034564096,0.16364672
74810,3635802,0.24,0.24,16.4,100.0,0.0034555563999999987,0.16364198
74820,3636302,0.24,0.24,16.13,100.0,0.003454656399999999,0.16363698
74830,3636779,0.19,0.19,16.13,100.0,0.003453797799999999,0.16363221
74840,3637242,0.18,0.18,16.19,100.0,0.0034529643999999995,0.16362758
74850,3637703,0.16,0.16,15.5,100.0,0.0034521345999999993,0.16362297
74860,3638188,0.17,0.17,15.49,100.0,0.003451261599999999,0.16361812
74870,3638686,0.19,0.19,14.86,100.0,0.0034503651999999996,0.16361314
74880,3639186,0.17,0.17,14.86,100.0,0.0034494651999999997,0.16360814
74890,3639684,0.17,0.17,14.56,100.0,0.0034485687999999994,0.16360316
74900,3640167,0.16,0.16,14.56,100.0,0.0034476993999999987,0.16359833
74910,3640652,0.15,0.15,14.57,100.0,0.0034468264,0.16359348
74920,3641152,0.16,0.16,14.63,100.0,0.0034459263999999986,0.16358847999999998
74930,3641652,0.16,0.16,14.63,100.0,0.0034450263999999987,0.16358348
74940,3642152,0.18,0.18,14.92,100.0,0.003444126399999999,0.16357848
74950,3642652,0.16,0.16,14.66,100.0,0.003443226399999999,0.16357348
74960,3643143,0.15,0.15,14.64,100.0,0.0034423425999999995,0.16356857
74970,3643636,0.12,0.12,14.66,100.0,0.0034414551999999996,0.16356364
74980,3644106,0.14,0.14,14.89,100.0,0.0034406092,0.16355893999999999
74990,3644602,0.12,0.12,14.81,100.0,0.003439716399999999,0.16355398
75000,3645100,0.14,0.14,14.7,100.0,0.0034388199999999996,0.163549
75010,3645600,0.15,0.15,15.0,100.0,0.0034379199999999997,0.163544
75020,3646088,0.16,0.16,14.59,100.0,0.0034370415999999994,0.16353911999999998
75030,3646578,0.18,0.18,14.87,100.0,0.0034361595999999996,0.16353422
75040,3647051,0.15,0.15,14.87,100.0,0.003435308199999999,0.16352949
75050,3647522,0.15,0.15,14.67,100.0,0.0034344603999999987,0.16352477999999998
75060,3648009,0.15,0.15,14.76,100.0,0.0034335838,0.16351991
75070,3648509,0.16,0.16,14.81,100.0,0.0034326838,0.16351491
75080,3649006,0.15,0.15,14.74,100.0,0.0034317891999999994,0.16350994
75090,3649505,0.18,0.18,15.15,100.0,0.0034308909999999993,0.16350494999999998
75100,3650005,0.18,0.18,15.29,100.0,0.0034299909999999994,0.16349995
75110,3650491,0.18,0.18,15.35,100.0,0.0034291161999999995,0.16349509
75120,3650981,0.16,0.16,15.35,100.0,0.0034282341999999997,0.16349019
75130,3651464,0.15,0.15,15.4,100.0,0.0034273648,0.16348536
75140,3651960,0.19,0.19,15.42,100.0,0.003426471999999999,0.1634804
75150,3652449,0.19,0.19,15.13,100.0,0.0034255918,0.16347551
75160,3652944,0.21,0.21,14.77,100.0,0.0034247007999999987,0.16347056
75170,3653436,0.21,0.21,14.77,100.0,0.0034238151999999994,0.16346564
75180,3653936,0.24,0.24,15.24,100.0,0.0034229151999999995,0.16346064
75190,3654436,0.22,0.22,15.52,100.0,0.0034220151999999997,0.16345564
75200,3654915,0.21,0.21,15.81,100.0,0.003421152999999999,0.16345084999999998
75210,3655415,0.2,0.2,15.8,100.0,0.003420252999999999,0.16344585
75220,3655915,0.2,0.2,15.5,100.0,0.003419352999999999,0.16344085
75230,3656404,0.23,0.23,15.14,100.0,0.0034184728,0.16343596
75240,3656893,0.2,0.2,15.14,100.0,0.0034175926,0.16343107
75250,3657376,0.21,0.21,15.48,100.0,0.003416723199999999,0.16342624
75260,3657874,0.23,0.23,15.3,100.0,0.0034158267999999997,0.16342126
75270,3658366,0.24,0.24,15.33,100.0,0.0034149411999999995,0.16341634
75280,3658866,0.2,0.2,15.33,100.0,0.0034140411999999997,0.16341134
75290,3659323,0.22,0.22,15.36,100.0,0.0034132185999999993,0.16340677
75300,3659783,0.22,0.22,15.32,100.0,0.0034123905999999997,0.16340217
75310,3660283,0.24,0.24,14.71,100.0,0.0034114906,0.16339717
75320,3660783,0.25,0.25,14.72,100.0,0.003410590599999999,0.16339217
75330,3661268,0.27,0.27,14.82,100.0,0.0034097176,0.16338732
75340,3661747,0.28,0.28,14.58,100.0,0.003408855399999999,0.16338253
75350,3662241,0.27,0.27,14.46,100.0,0.0034079661999999993,0.16337759
75360,3662741,0.23,0.23,14.19,100.0,0.0034070661999999995,0.16337258999999998
75370,3663239,0.22,0.22,14.48,100.0,0.0034061698,0.16336761
75380,3663739,0.24,0.24,14.09,100.0,0.0034052698,0.16336261
75390,3664239,0.22,0.22,14.32,100.0,0.0034043697999999994,0.16335761
75400,3664710,0.21,0.21,14.32,100.0,0.003403522,0.1633529
75410,3665164,0.2,0.2,14.34,100.0,0.003402704799999999,0.16334836
75420,3665629,0.2,0.2,14.58,100.0,0.003401867799999999,0.16334371
75430,3666093,0.14,0.14,14.58,100.0,0.0034010325999999994,0.16333907
75440,3666587,0.13,0.13,14.56,100.0,0.0034001433999999997,0.16333413
75450,3667077,0.14,0.14,14.52,100.0,0.003399261399999999,0.16332923
75460,3667577,0.16,0.16,14.31,100.0,0.003398361399999999,0.16332423
75470,3668062,0.16,0.16,14.48,100.0,0.003397488399999999,0.16331938
75480,3668542,0.15,0.15,14.33,100.0,0.0033966243999999993,0.16331458
75490,3669028,0.15,0.15,13.94,100.0,0.0033957496,0.16330972
75500,3669525,0.18,0.18,14.19,100.0,0.0033948549999999996,0.16330475
75510,3670025,0.18,0.18,14.42,100.0,0.003393954999999999,0.16329975
75520,3670525,0.19,0.19,14.18,100.0,0.003393054999999999,0.16329475
75530,3671010,0.2,0.2,14.11,100.0,0.0033921819999999997,0.1632899
75540,3671510,0.2,0.2,14.36,100.0,0.003391281999999999,0.1632849
75550,3672005,0.19,0.19,14.02,100.0,0.0033903909999999995,0.16327995
75560,3672505,0.17,0.17,14.11,100.0,0.0033894909999999997,0.16327495
75570,3672993,0.16,0.16,14.14,100.0,0.0033886125999999994,0.16327007
75580,3673484,0.2,0.2,14.21,100.0,0.003387728799999999,0.16326516
75590,3673971,0.19,0.19,14.21,100.0,0.0033868522,0.16326029
75600,3674456,0.18,0.18,14.06,100.0,0.0033859792,0.16325544
75610,3674942,0.17,0.17,13.98,100.0,0.003385104399999999,0.16325058
75620,3675428,0.17,0.17,14.09,100.0,0.0033842295999999992,0.16324571999999998
75630,3675928,0.18,0.18,14.0,100.0,0.0033833295999999994,0.16324072
75640,3676423,0.17,0.17,14.0,100.0,0.0033824386,0.16323577
75650,3676917,0.19,0.19,14.43,100.0,0.0033815493999999995,0.16323083
75660,3677417,0.19,0.19,14.85,100.0,0.0033806493999999996,0.16322583
75670,3677911,0.19,0.19,14.86,100.0,0.0033797602,0.16322089
75680,3678411,0.16,0.16,14.73,100.0,0.0033788602,0.16321589
75690,3678909,0.15,0.15,14.73,100.0,0.003377963799999999,0.16321091
75700,3679406,0.13,0.13,14.73,100.0,0.003377069199999999,0.16320594
75710,3679888,0.12,0.12,14.73,100.0,0.003376201599999999,0.16320112
75720,3680383,0.11,0.11,14.79,100.0,0.0033753105999999996,0.16319617
75730,3680868,0.1,0.1,15.14,100.0,0.0033744375999999994,0.16319132
75740,3681368,0.13,0.13,15.37,100.0,0.0033735375999999996,0.16318632
75750,3681860,0.12,0.12,15.5,100.0,0.0033726519999999994,0.1631814
75760,3682306,0.12,0.12,15.32,100.0,0.003371849199999999,0.16317694
75770,3682806,0.13,0.13,15.48,100.0,0.003370949199999999,0.16317194
75780,3683281,0.13,0.13,15.65,100.0,0.0033700941999999998,0.16316719
75790,3683770,0.13,0.13,15.65,100.0,0.003369213999999999,0.16316229999999998
75800,3684270,0.13,0.13,15.65,100.0,0.003368313999999999,0.1631573
75810,3684770,0.13,0.13,15.65,100.0,0.003367413999999999,0.1631523
75820,3685254,0.13,0.13,15.69,100.0,0.0033665427999999996,0.16314746
75830,3685743,0.13,0.13,15.96,100.0,0.0033656625999999986,0.16314257
75840,3686243,0.16,0.16,15.97,100.0,0.0033647625999999988,0.16313757
75850,3686743,0.15,0.15,15.55,100.0,0.003363862599999999,0.16313257
75860,3687226,0.14,0.14,15.55,100.0,0.003362993199999999,0.16312774
75870,3687690,0.13,0.13,15.64,100.0,0.0033621579999999988,0.1631231
75880,3688186,0.11,0.11,15.64,100.0,0.0033612651999999996,0.16311814
75890,3688672,0.17,0.17,15.77,100.0,0.0033603903999999997,0.16311328
75900,3689141,0.18,0.18,16.12,100.0,0.003359546199999999,0.16310859
75910,3689641,0.18,0.18,16.12,100.0,0.003358646199999999,0.16310359
75920,3690115,0.17,0.17,16.12,100.0,0.0033577929999999995,0.16309885
75930,3690604,0.22,0.22,16.34,100.0,0.0033569127999999995,0.16309395999999998
75940,3691069,0.16,0.16,16.34,100.0,0.0033560757999999994,0.16308931
75950,3691569,0.17,0.17,16.71,100.0,0.0033551757999999996,0.16308431
75960,3692069,0.18,0.18,16.83,100.0,0.0033542757999999997,0.16307931
75970,3692561,0.18,0.18,16.84,100.0,0.0033533901999999996,0.16307439
75980,3693036,0.2,0.2,16.76,100.0,0.0033525351999999994,0.16306964
75990,3693517,0.16,0.16,16.72,100.0,0.003351669399999999,0.16306483
76000,3694007,0.15,0.15,16.72,100.0,0.0033507873999999993,0.16305993
76010,3694494,0.2,0.2,16.66,100.0,0.0033499107999999996,0.16305506
76020,3694976,0.19,0.19,16.66,100.0,0.0033490431999999995,0.16305024
76030,3695476,0.15,0.15,16.94,100.0,0.0033481431999999997,0.16304524
76040,3695976,0.16,0.16,17.27,100.0,0.003347243199999999,0.16304024
76050,3696459,0.17,0.17,17.53,100.0,0.003346373799999999,0.16303541
76060,3696959,0.18,0.18,17.6,100.0,0.0033454737999999993,0.16303041
76070,3697427,0.18,0.18,17.58,100.0,0.0033446314,0.16302573
76080,3697927,0.21,0.21,18.21,100.0,0.0033437314,0.16302073
76090,3698427,0.19,0.19,18.21,100.0,0.0033428313999999994,0.16301573
76100,3698927,0.22,0.22,18.17,100.0,0.0033419313999999995,0.16301073
76110,3699413,0.18,0.18,18.07,100.0,0.0033410565999999996,0.16300587
76120,3699913,0.19,0.19,17.78,100.0,0.003340156599999999,0.16300087
76130,3700372,0.18,0.18,17.48,100.0,0.003339330399999999,0.16299628
76140,3700862,0.2,0.2,17.85,100.0,0.0033384484,0.16299138
76150,3701362,0.18,0.18,17.97,100.0,0.0033375483999999993,0.16298638
76160,3701862,0.18,0.18,17.88,100.0,0.0033366483999999986,0.16298138
76170,3702356,0.2,0.2,17.76,100.0,0.0033357592,0.16297644
76180,3702846,0.16,0.16,17.81,100.0,0.003334877199999999,0.16297154
76190,3703336,0.17,0.17,17.37,100.0,0.0033339951999999994,0.16296664
76200,3703827,0.16,0.16,16.87,100.0,0.003333111399999999,0.16296173
76210,3704299,0.17,0.17,16.81,100.0,0.0033322618,0.16295701
76220,3704782,0.17,0.17,16.63,100.0,0.0033313924,0.16295218
76230,3705269,0.18,0.18,16.71,100.0,0.0033305157999999994,0.16294731
76240,3705769,0.18,0.18,16.26,100.0,0.0033296157999999996,0.16294231
76250,3706269,0.19,0.19,16.04,100.0,0.0033287157999999997,0.16293731
76260,3706769,0.19,0.19,16.12,100.0,0.0033278158,0.16293231
76270,3707269,0.18,0.18,15.85,100.0,0.003326915799999999,0.16292731
76280,3707763,0.2,0.2,16.2,100.0,0.0033260265999999995,0.16292236999999998
76290,3708258,0.2,0.2,16.17,100.0,0.0033251356,0.16291742
76300,3708748,0.21,0.21,15.51,100.0,0.0033242535999999994,0.16291252
76310,3709248,0.2,0.2,15.43,100.0,0.0033233535999999996,0.16290752
76320,3709743,0.21,0.21,15.6,100.0,0.0033224626,0.16290257
76330,3710194,0.19,0.19,15.6,100.0,0.003321650799999999,0.16289806
76340,3710676,0.17,0.17,15.6,100.0,0.003320783199999999,0.16289324
76350,3711176,0.17,0.17,15.23,100.0,0.0033198831999999992,0.16288824
76360,3711666,0.18,0.18,15.13,100.0,0.0033190011999999994,0.16288334
76370,3712150,0.18,0.18,15.24,100.0,0.003318129999999999,0.16287849999999998
76380,3712623,0.16,0.16,14.91,100.0,0.0033172785999999992,0.16287377
76390,3713107,0.16,0.16,15.12,100.0,0.0033164073999999997,0.16286893
76400,3713607,0.15,0.15,15.77,100.0,0.0033155074,0.16286393
76410,3714097,0.18,0.18,15.05,100.0,0.003314625399999999,0.16285903
76420,3714589,0.17,0.17,15.45,100.0,0.0033137398,0.16285411
76430,3715076,0.17,0.17,15.45,100.0,0.0033128631999999993,0.16284924
76440,3715562,0.17,0.17,15.39,100.0,0.0033119883999999994,0.16284438
76450,3716049,0.15,0.15,15.39,100.0,0.003311111799999999,0.16283951
76460,3716549,0.13,0.13,15.57,100.0,0.003310211799999999,0.16283451
76470,3717013,0.12,0.12,15.21,100.0,0.0033093765999999995,0.16282987
76480,3717497,0.13,0.13,15.63,100.0,0.003308505399999999,0.16282502999999998
76490,3717988,0.14,0.14,16.23,100.0,0.0033076215999999995,0.16282012
76500,3718488,0.16,0.16,15.85,100.0,0.0033067215999999997,0.16281512
76510,3718988,0.13,0.13,15.87,100.0,0.0033058216,0.16281012
76520,3719473,0.14,0.14,15.61,100.0,0.0033049485999999996,0.16280527
76530,3719972,0.14,0.14,15.61,100.0,0.0033040504000000004,0.16280028
76540,3720472,0.13,0.13,15.61,100.0,0.0033031503999999988,0.16279528
76550,3720957,0.16,0.16,15.57,100.0,0.0033022774000000003,0.16279042999999999
76560,3721450,0.15,0.15,15.57,100.0,0.0033013899999999995,0.1627855
76570,3721934,0.15,0.15,15.34,100.0,0.003300518799999999,0.16278066
76580,3722434,0.15,0.15,15.42,100.0,0.0032996187999999992,0.16277566
76590,3722914,0.14,0.14,15.4,100.0,0.0032987547999999995,0.16277086
76600,3723412,0.1,0.1,15.4,100.0,0.0032978584,0.16276588
76610,3723906,0.1,0.1,15.63,100.0,0.0032969691999999995,0.16276094
76620,3724406,0.09,0.09,15.64,100.0,0.0032960691999999996,0.16275594
76630,3724886,0.09,0.09,15.64,100.0,0.003295205199999999,0.16275114
76640,3725366,0.12,0.12,16.04,100.0,0.0032943411999999993,0.16274634
76650,3725865,0.11,0.11,16.26,100.0,0.003293443,0.16274135
76660,3726365,0.12,0.12,16.52,100.0,0.0032925429999999993,0.16273635
76670,3726849,0.14,0.14,16.68,100.0,0.0032916717999999998,0.16273151
76680,3727330,0.13,0.13,16.46,100.0,0.0032908059999999994,0.1627267
76690,3727826,0.15,0.15,16.19,100.0,0.0032899131999999994,0.16272174
76700,3728303,0.16,0.16,16.51,100.0,0.0032890546,0.16271697
76710,3728803,0.16,0.16,16.48,100.0,0.003288154599999999,0.16271196999999998
76720,3729293,0.17,0.17,16.41,100.0,0.0032872725999999993,0.16270707
76730,3729787,0.18,0.18,16.63,100.0,0.0032863833999999996,0.16270213
76740,3730269,0.16,0.16,16.43,100.0,0.0032855157999999995,0.16269730999999998
76750,3730742,0.17,0.17,16.51,100.0,0.003284664399999999,0.16269258
76760,3731241,0.19,0.19,16.58,100.0,0.003283766199999999,0.16268759
76770,3731715,0.19,0.19,16.86,100.0,0.0032829129999999993,0.16268285
76780,3732201,0.22,0.22,16.27,100.0,0.0032820381999999993,0.16267799
76790,3732701,0.21,0.21,16.36,100.0,0.0032811381999999995,0.16267299
76800,3733190,0.23,0.23,16.43,100.0,0.0032802579999999994,0.16266809999999998
76810,3733690,0.26,0.26,16.57,100.0,0.0032793579999999996,0.1626631
76820,3734163,0.28,0.28,16.76,100.0,0.0032785066,0.16265837
76830,3734663,0.28,0.28,17.1,100.0,0.0032776066,0.16265337
76840,3735163,0.29,0.29,16.99,100.0,0.0032767065999999992,0.16264837
76850,3735653,0.27,0.27,17.31,100.0,0.0032758245999999994,0.16264347
76860,3736153,0.26,0.26,17.38,100.0,0.0032749245999999996,0.16263847
76870,3736641,0.24,0.24,17.4,100.0,0.0032740461999999993,0.16263359
76880,3737134,0.22,0.22,17.17,100.0,0.0032731588000000002,0.16262866
76890,3737630,0.21,0.21,16.87,100.0,0.0032722659999999994,0.16262369999999998
76900,3738103,0.2,0.2,17.17,100.0,0.0032714145999999996,0.16261897
76910,3738584,0.18,0.18,17.41,100.0,0.0032705488,0.16261416
76920,3739068,0.15,0.15,17.18,100.0,0.0032696775999999997,0.16260932
76930,3739549,0.16,0.16,17.55,100.0,0.0032688118,0.16260451
76940,3740049,0.17,0.17,17.75,100.0,0.0032679117999999995,0.16259951
76950,3740544,0.17,0.17,17.82,100.0,0.0032670207999999992,0.16259456
76960,3741044,0.19,0.19,17.24,100.0,0.0032661207999999994,0.16258956
76970,3741544,0.18,0.18,17.24,100.0,0.0032652207999999995,0.16258456
76980,3742028,0.17,0.17,17.28,100.0,0.003264349599999999,0.16257971999999998
76990,3742513,0.19,0.19,17.7,100.0,0.003263476599999999,0.16257486999999998
77000,3742988,0.18,0.18,17.9,100.0,0.0032626215999999996,0.16257011999999998
77010,3743488,0.18,0.18,18.22,100.0,0.0032617215999999997,0.16256512
77020,3743988,0.17,0.17,18.22,100.0,0.0032608216,0.16256012
77030,3744462,0.17,0.17,17.65,100.0,0.0032599683999999995,0.16255538
77040,3744962,0.14,0.14,17.65,100.0,0.0032590683999999997,0.16255038
77050,3745462,0.13,0.13,17.65,100.0,0.0032581684,0.16254538
77060,3745962,0.12,0.12,17.25,100.0,0.0032572684,0.16254037999999998
77070,3746458,0.14,0.14,17.55,100.0,0.0032563756,0.16253541999999999
77080,3746926,0.16,0.16,17.45,100.0,0.0032555331999999998,0.16253074
77090,3747426,0.14,0.14,17.51,100.0,0.0032546332,0.16252574
77100,3747897,0.13,0.13,17.51,100.0,0.0032537853999999996,0.16252103
77110,3748395,0.13,0.13,17.1,100.0,0.0032528889999999993,0.16251605
77120,3748895,0.17,0.17,16.82,100.0,0.0032519889999999994,0.16251105
77130,3749391,0.17,0.17,17.22,100.0,0.0032510961999999994,0.16250609
77140,3749875,0.2,0.2,17.55,100.0,0.003250225,0.16250124999999999
77150,3750375,0.23,0.23,17.57,100.0,0.003249324999999999,0.16249625
77160,3750872,0.23,0.23,17.54,100.0,0.0032484303999999993,0.16249128
77170,3751372,0.22,0.22,17.39,100.0,0.0032475303999999995,0.16248627999999998
77180,3751872,0.2,0.2,17.68,100.0,0.0032466303999999996,0.16248128
77190,3752370,0.21,0.21,18.06,100.0,0.0032457339999999993,0.1624763
77200,3752870,0.23,0.23,18.31,100.0,0.0032448339999999994,0.16247129999999999
77210,3753353,0.24,0.24,17.81,100.0,0.0032439645999999996,0.16246647
77220,3753842,0.22,0.22,17.53,100.0,0.0032430843999999995,0.16246158
77230,3754327,0.21,0.21,17.09,100.0,0.0032422113999999993,0.16245673
77240,3754814,0.21,0.21,16.92,100.0,0.0032413347999999988,0.16245186
77250,3755306,0.23,0.23,16.38,100.0,0.0032404491999999995,0.16244693999999998
77260,3755803,0.23,0.23,15.97,100.0,0.0032395545999999997,0.16244197
77270,3756290,0.23,0.23,15.97,100.0,0.003238677999999999,0.1624371
77280,3756776,0.24,0.24,15.48,100.0,0.0032378031999999992,0.16243224
77290,3757260,0.23,0.23,15.42,100.0,0.0032369319999999997,0.1624274
77300,3757749,0.24,0.24,15.66,100.0,0.0032360517999999987,0.16242251
77310,3758245,0.26,0.25,16.14,100.0,0.0032351589999999996,0.16241755
77320,3758725,0.26,0.25,16.08,100.0,0.003234295,0.16241275
77330,3759225,0.27,0.26,15.89,100.0,0.003233394999999999,0.16240775
77340,3759699,0.26,0.25,15.86,100.0,0.0032325417999999988,0.16240301
77350,3760170,0.23,0.22,16.05,100.0,0.0032316939999999994,0.1623983
77360,3760663,0.22,0.21,15.93,100.0,0.0032308065999999995,0.16239336999999998
77370,3761150,0.25,0.24,15.65,100.0,0.0032299299999999998,0.1623885
77380,3761644,0.24,0.23,15.59,100.0,0.0032290407999999993,0.16238355999999998
77390,3762129,0.25,0.24,15.96,100.0,0.003228167799999999,0.16237870999999998
77400,3762619,0.25,0.24,15.94,100.0,0.0032272858,0.16237381
77410,3763119,0.2,0.2,15.94,100.0,0.0032263857999999994,0.16236881
77420,3763606,0.19,0.19,15.95,100.0,0.0032255091999999997,0.16236393999999998
77430,3764095,0.18,0.18,15.95,100.0,0.0032246289999999997,0.16235905
77440,3764572,0.19,0.19,15.57,100.0,0.003223770399999999,0.16235428
77450,3765072,0.18,0.18,15.94,100.0,0.0032228703999999993,0.16234927999999998
77460,3765551,0.19,0.19,15.47,100.0,0.0032220082000000002,0.16234449
77470,3766051,0.16,0.16,15.5,100.0,0.0032211081999999986,0.16233949
77480,3766540,0.16,0.16,15.96,100.0,0.0032202279999999995,0.1623346
77490,3767040,0.16,0.16,15.75,100.0,0.0032193279999999996,0.1623296
77500,3767540,0.14,0.14,15.89,100.0,0.0032184279999999997,0.16232459999999999
77510,3768029,0.2,0.2,16.31,100.0,0.0032175477999999997,0.16231971
77520,3768509,0.2,0.2,16.32,100.0,0.0032166838,0.16231491
77530,3769006,0.21,0.21,15.97,100.0,0.0032157892,0.16230993999999999
77540,3769492,0.2,0.2,16.03,100.0,0.0032149143999999994,0.16230508
77550,3769956,0.21,0.21,16.17,100.0,0.0032140792,0.16230044
77560,3770404,0.19,0.19,16.58,100.0,0.003213272799999999,0.16229596
77570,3770904,0.23,0.23,16.63,100.0,0.003212372799999999,0.16229095999999998
77580,3771399,0.23,0.23,16.6,100.0,0.0032114818,0.16228601
77590,3771886,0.24,0.24,16.77,100.0,0.0032106051999999993,0.16228114
77600,3772375,0.24,0.24,16.78,100.0,0.003209724999999999,0.16227625
77610,3772875,0.2,0.2,16.74,100.0,0.0032088249999999994,0.16227125
77620,3773375,0.2,0.2,16.61,100.0,0.0032079249999999995,0.16226625
77630,3773875,0.18,0.18,16.61,100.0,0.0032070249999999996,0.16226125
77640,3774369,0.17,0.17,16.85,100.0,0.003206135799999999,0.16225631
77650,3774852,0.16,0.16,16.86,100.0,0.0032052663999999993,0.16225148
77660,3775345,0.18,0.18,16.73,100.0,0.0032043789999999994,0.16224655
77670,3775845,0.18,0.18,16.84,100.0,0.0032034789999999995,0.16224155
77680,3776327,0.19,0.19,16.6,100.0,0.0032026113999999994,0.16223673
77690,3776827,0.17,0.17,16.41,100.0,0.0032017113999999996,0.16223173
77700,3777296,0.16,0.16,16.41,100.0,0.0032008671999999997,0.16222704
77710,3777796,0.16,0.16,16.58,100.0,0.0031999672,0.16222204
77720,3778284,0.17,0.17,16.15,100.0,0.0031990887999999995,0.16221716
77730,3778772,0.21,0.21,16.22,100.0,0.003198210399999999,0.16221228
77740,3779269,0.26,0.26,16.25,100.0,0.0031973157999999995,0.16220731
77750,3779718,0.27,0.27,16.37,100.0,0.003196507599999999,0.16220282
77760,3780213,0.26,0.26,16.26,100.0,0.0031956165999999994,0.16219787
77770,3780713,0.24,0.24,16.33,100.0,0.0031947165999999996,0.16219287
77780,3781193,0.23,0.23,16.23,100.0,0.0031938526,0.16218807
77790,3781693,0.25,0.25,16.32,100.0,0.0031929526,0.16218306999999998
77800,3782193,0.3,0.3,16.03,100.0,0.0031920526,0.16217807
77810,3782688,0.29,0.29,16.02,100.0,0.003191161599999999,0.16217312
77820,3783169,0.29,0.29,15.72,100.0,0.0031902957999999995,0.16216830999999998
77830,3783620,0.29,0.29,15.65,100.0,0.0031894840000000002,0.1621638
77840,3784087,0.24,0.24,15.77,100.0,0.0031886434,0.16215912999999998
77850,3784587,0.23,0.23,15.79,100.0,0.0031877434,0.16215413
77860,3785076,0.23,0.23,15.64,100.0,0.003186863199999999,0.16214924
77870,3785574,0.2,0.2,15.64,100.0,0.0031859667999999996,0.16214425999999998
77880,3786074,0.22,0.22,15.44,100.0,0.0031850667999999997,0.16213926
77890,3786574,0.2,0.2,15.48,100.0,0.0031841668,0.16213426
77900,3787074,0.17,0.17,15.55,100.0,0.003183266799999999,0.16212926
77910,3787566,0.18,0.18,15.18,100.0,0.0031823812,0.16212434
77920,3788054,0.19,0.19,15.04,100.0,0.0031815027999999995,0.16211946
77930,3788552,0.15,0.15,15.04,100.0,0.003180606399999999,0.16211448
77940,3789052,0.14,0.14,15.04,100.0,0.0031797063999999993,0.16210948
77950,3789536,0.14,0.14,15.05,100.0,0.0031788351999999997,0.16210464
77960,3790036,0.12,0.12,15.05,100.0,0.0031779352,0.16209964
77970,3790523,0.15,0.15,14.89,100.0,0.0031770585999999993,0.16209477
77980,3791009,0.13,0.13,14.96,100.0,0.0031761837999999994,0.16208991
77990,3791509,0.16,0.16,15.07,100.0,0.0031752837999999995,0.16208491
78000,3791998,0.17,0.17,14.37,100.0,0.0031744035999999995,0.16208002
78010,3792485,0.16,0.16,14.44,100.0,0.0031735269999999998,0.16207515
78020,3792967,0.17,0.17,14.09,100.0,0.0031726593999999997,0.16207032999999998
78030,3793463,0.19,0.19,13.94,100.0,0.003171766599999999,0.16206537
78040,3793943,0.22,0.22,13.71,100.0,0.003170902599999999,0.16206057
78050,3794431,0.22,0.22,14.06,100.0,0.0031700241999999997,0.16205569
78060,3794930,0.22,0.22,14.06,100.0,0.0031691259999999987,0.1620507
78070,3795425,0.21,0.21,14.18,100.0,0.0031682349999999993,0.16204575
78080,3795925,0.22,0.22,13.83,100.0,0.0031673349999999994,0.16204075
78090,3796425,0.19,0.19,13.84,100.0,0.0031664349999999996,0.16203575
78100,3796922,0.18,0.18,13.01,100.0,0.0031655404,0.16203077999999999
78110,3797422,0.19,0.19,13.33,100.0,0.0031646404,0.16202578
78120,3797922,0.17,0.17,13.32,100.0,0.0031637403999999992,0.16202078
78130,3798422,0.18,0.18,13.52,100.0,0.0031628403999999994,0.16201578
78140,3798915,0.19,0.19,13.11,100.0,0.0031619529999999995,0.16201084999999998
78150,3799392,0.19,0.19,13.54,100.0,0.0031610944,0.16200608
78160,3799891,0.19,0.19,13.54,100.0,0.003160196199999999,0.16200109
78170,3800376,0.2,0.2,13.25,100.0,0.0031593231999999995,0.16199624
78180,3800869,0.18,0.18,13.25,100.0,0.0031584357999999996,0.16199131
78190,3801364,0.18,0.18,13.53,100.0,0.0031575447999999994,0.16198636
78200,3801861,0.21,0.21,13.22,100.0,0.0031566501999999988,0.16198139
78210,3802312,0.2,0.2,13.61,100.0,0.0031558383999999995,0.16197688
78220,3802804,0.2,0.2,13.33,100.0,0.0031549527999999993,0.16197196
78230,3803304,0.18,0.18,13.46,100.0,0.0031540527999999995,0.16196696
78240,3803766,0.14,0.14,13.46,100.0,0.0031532211999999995,0.16196233999999998
78250,3804260,0.15,0.15,13.18,100.0,0.003152332,0.1619574
78260,3804726,0.17,0.17,12.94,100.0,0.003151493199999999,0.16195273999999998
78270,3805211,0.16,0.16,12.96,100.0,0.003150620199999999,0.16194788999999998
78280,3805702,0.19,0.19,13.44,100.0,0.0031497363999999986,0.16194298
78290,3806200,0.2,0.2,13.31,100.0,0.003148839999999999,0.161938
78300,3806700,0.16,0.16,13.32,100.0,0.0031479399999999992,0.161933
78310,3807200,0.17,0.17,13.25,100.0,0.0031470399999999994,0.161928
78320,3807651,0.17,0.17,13.22,100.0,0.0031462281999999992,0.16192349
78330,3808151,0.18,0.18,13.17,100.0,0.0031453281999999994,0.16191849
78340,3808651,0.21,0.21,13.0,100.0,0.0031444281999999995,0.16191349
78350,3809140,0.24,0.24,13.16,100.0,0.0031435479999999995,0.1619086
78360,3809636,0.24,0.24,12.76,100.0,0.0031426551999999995,0.16190364
78370,3810108,0.23,0.23,12.86,100.0,0.0031418055999999995,0.16189892
78380,3810597,0.2,0.2,12.86,100.0,0.0031409253999999994,0.16189403
78390,3811097,0.21,0.21,12.81,100.0,0.0031400253999999996,0.16188903
78400,3811578,0.24,0.24,13.25,100.0,0.003139159599999999,0.16188422
78410,3812078,0.25,0.25,13.76,100.0,0.0031382595999999994,0.16187922
78420,3812558,0.24,0.24,13.8,100.0,0.0031373955999999996,0.16187442
78430,3813036,0.23,0.23,14.09,100.0,0.0031365351999999994,0.16186963999999998
78440,3813518,0.21,0.21,14.04,100.0,0.0031356675999999993,0.16186482
78450,3814018,0.16,0.16,14.04,100.0,0.0031347675999999994,0.16185982
78460,3814506,0.16,0.16,14.41,100.0,0.0031338892,0.16185494
78470,3814995,0.16,0.16,14.66,100.0,0.003133009,0.16185005
78480,3815495,0.18,0.18,15.2,100.0,0.0031321089999999992,0.16184505
78490,3815974,0.17,0.17,15.44,100.0,0.0031312468,0.16184026
78500,3816420,0.16,0.16,15.69,100.0,0.0031304439999999996,0.1618358
78510,3816882,0.13,0.13,15.69,100.0,0.0031296123999999996,0.16183118
78520,3817382,0.15,0.15,15.31,100.0,0.003128712399999999,0.16182618
78530,3817858,0.16,0.16,15.36,100.0,0.003127855599999999,0.16182142
78540,3818358,0.15,0.15,15.36,100.0,0.003126955599999999,0.16181642
78550,3818849,0.17,0.17,15.54,100.0,0.0031260717999999988,0.16181151
78560,3819349,0.16,0.16,15.3,100.0,0.003125171799999999,0.16180651
78570,3819845,0.2,0.2,15.39,100.0,0.003124278999999999,0.16180155
78580,3820343,0.18,0.18,15.39,100.0,0.0031233825999999994,0.16179657
78590,3820843,0.19,0.19,16.08,100.0,0.0031224825999999995,0.16179157
78600,3821311,0.16,0.16,16.08,100.0,0.0031216401999999994,0.16178689
78610,3821791,0.16,0.16,16.08,100.0,0.0031207761999999997,0.16178209
78620,3822290,0.13,0.13,16.08,100.0,0.0031198779999999995,0.1617771
78630,3822750,0.14,0.14,15.55,100.0,0.00311905,0.16177249999999999
78640,3823234,0.16,0.16,15.71,100.0,0.0031181787999999995,0.16176766
78650,3823734,0.14,0.14,15.71,100.0,0.0031172787999999996,0.16176266
78660,3824234,0.15,0.15,15.69,100.0,0.003116378799999999,0.16175766
78670,3824731,0.12,0.12,16.14,100.0,0.003115484199999999,0.16175269
78680,3825213,0.14,0.14,16.39,100.0,0.003114616599999999,0.16174787
78690,3825713,0.13,0.13,15.91,100.0,0.0031137165999999992,0.16174286999999998
78700,3826180,0.15,0.15,15.68,100.0,0.003112875999999999,0.1617382
78710,3826680,0.17,0.17,15.68,100.0,0.003111975999999999,0.1617332
78720,3827164,0.19,0.19,15.53,100.0,0.0031111047999999994,0.16172836
78730,3827664,0.17,0.17,15.27,100.0,0.0031102047999999995,0.16172335999999998
78740,3828155,0.15,0.15,15.27,100.0,0.003109321,0.16171845
78750,3828629,0.19,0.19,15.11,100.0,0.0031084677999999996,0.16171371
78760,3829122,0.19,0.19,14.94,100.0,0.0031075803999999997,0.16170878
78770,3829612,0.17,0.17,14.94,100.0,0.003106698399999999,0.16170388
78780,3830085,0.18,0.18,15.05,100.0,0.003105847,0.16169915
78790,3830565,0.19,0.19,15.4,100.0,0.0031049829999999987,0.16169435
78800,3831041,0.2,0.2,15.67,100.0,0.0031041261999999997,0.16168959
78810,3831538,0.19,0.19,15.87,100.0,0.0031032316,0.16168462
78820,3832032,0.22,0.22,15.98,100.0,0.0031023423999999994,0.16167968
78830,3832532,0.21,0.21,15.98,100.0,0.0031014423999999995,0.16167468
78840,3833029,0.23,0.23,16.16,100.0,0.0031005477999999998,0.16166971
78850,3833523,0.2,0.2,16.35,100.0,0.0030996586,0.16166477
78860,3833985,0.22,0.22,15.56,100.0,0.003098827,0.16166015
78870,3834485,0.24,0.24,15.82,100.0,0.0030979269999999986,0.16165515
78880,3834971,0.22,0.22,15.75,100.0,0.0030970521999999995,0.16165029
78890,3835449,0.25,0.25,16.57,100.0,0.0030961917999999993,0.16164551
78900,3835949,0.24,0.24,17.01,100.0,0.0030952917999999994,0.16164051
78910,3836427,0.24,0.24,17.29,100.0,0.003094431399999999,0.16163573
78920,3836913,0.22,0.22,17.65,100.0,0.0030935565999999992,0.16163086999999998
78930,3837413,0.26,0.26,17.77,100.0,0.0030926565999999994,0.16162587
78940,3837913,0.26,0.26,17.75,100.0,0.0030917565999999995,0.16162087
78950,3838413,0.25,0.25,17.75,100.0,0.0030908565999999997,0.16161587
78960,3838893,0.22,0.22,17.79,100.0,0.0030899926,0.16161107
78970,3839380,0.25,0.25,17.58,100.0,0.0030891159999999994,0.1616062
78980,3839859,0.25,0.25,17.38,100.0,0.0030882537999999994,0.16160141
78990,3840335,0.22,0.22,17.44,100.0,0.0030873969999999987,0.16159665
79000,3840811,0.21,0.21,17.42,100.0,0.0030865401999999997,0.16159189
79010,3841295,0.21,0.21,17.54,100.0,0.0030856689999999992,0.16158705
79020,3841771,0.2,0.2,17.32,100.0,0.0030848121999999993,0.16158229
79030,3842271,0.17,0.17,17.45,100.0,0.0030839121999999995,0.16157728999999998
79040,3842766,0.15,0.15,17.45,100.0,0.0030830211999999992,0.16157233999999998
79050,3843259,0.17,0.17,17.11,100.0,0.0030821337999999993,0.16156741
79060,3843726,0.18,0.18,17.53,100.0,0.003081293199999999,0.16156273999999998
79070,3844194,0.15,0.15,17.45,100.0,0.0030804507999999987,0.16155806
79080,3844683,0.16,0.16,17.15,100.0,0.0030795705999999996,0.16155317
79090,3845183,0.16,0.16,17.61,100.0,0.0030786705999999997,0.16154817
79100,3845665,0.18,0.18,17.64,100.0,0.0030778029999999996,0.16154335
79110,3846164,0.18,0.18,17.67,100.0,0.0030769047999999986,0.16153836
79120,3846664,0.16,0.16,17.67,100.0,0.0030760047999999988,0.16153336
79130,3847153,0.17,0.17,17.38,100.0,0.0030751245999999996,0.16152847
79140,3847644,0.19,0.19,17.08,100.0,0.003074240799999999,0.16152356
79150,3848140,0.17,0.17,17.08,100.0,0.003073347999999999,0.1615186
79160,3848640,0.17,0.17,16.95,100.0,0.0030724479999999993,0.1615136
79170,3849140,0.18,0.18,17.45,100.0,0.0030715479999999995,0.1615086
79180,3849640,0.17,0.17,17.4,100.0,0.0030706479999999996,0.1615036
79190,3850119,0.16,0.16,17.48,100.0,0.0030697857999999988,0.16149881
79200,3850619,0.13,0.13,17.48,100.0,0.003068885799999999,0.16149381
79210,3851119,0.12,0.12,17.48,100.0,0.003067985799999999,0.16148880999999998
79220,3851619,0.14,0.14,17.36,100.0,0.003067085799999999,0.16148381
79230,3852116,0.13,0.13,17.36,100.0,0.0030661911999999994,0.16147884
79240,3852593,0.12,0.12,17.79,100.0,0.003065332599999999,0.16147407
79250,3853085,0.14,0.14,17.05,100.0,0.0030644469999999997,0.16146915
79260,3853583,0.14,0.14,17.07,100.0,0.0030635505999999993,0.16146417
79270,3854064,0.13,0.13,16.95,100.0,0.0030626848,0.16145936
79280,3854564,0.14,0.14,17.08,100.0,0.0030617848,0.16145436
79290,3855064,0.15,0.15,17.47,100.0,0.0030608847999999992,0.16144936
79300,3855546,0.17,0.17,17.04,100.0,0.003060017199999999,0.16144454
79310,3856046,0.2,0.2,17.26,100.0,0.0030591171999999993,0.16143954
79320,3856542,0.2,0.2,17.33,100.0,0.0030582243999999993,0.16143458
79330,3857042,0.19,0.19,17.33,100.0,0.0030573243999999994,0.16142958
79340,3857515,0.19,0.19,17.32,100.0,0.003056472999999999,0.16142485
79350,3858009,0.18,0.18,17.0,100.0,0.003055583799999999,0.16141991
79360,3858509,0.19,0.19,17.13,100.0,0.0030546837999999993,0.16141491
79370,3859009,0.2,0.2,16.56,100.0,0.0030537837999999994,0.16140991
79380,3859509,0.19,0.19,16.33,100.0,0.0030528837999999996,0.16140491
79390,3860009,0.17,0.17,16.19,100.0,0.0030519837999999997,0.16139991
79400,3860509,0.18,0.18,16.09,100.0,0.0030510838,0.16139491
79410,3861009,0.16,0.16,16.01,100.0,0.003050183799999999,0.16138991
79420,3861490,0.15,0.15,16.06,100.0,0.0030493179999999988,0.1613851
79430,3861990,0.16,0.16,15.84,100.0,0.003048417999999999,0.1613801
79440,3862482,0.17,0.17,15.9,100.0,0.0030475323999999996,0.16137518
79450,3862962,0.2,0.2,15.5,100.0,0.0030466684,0.16137038
79460,3863445,0.19,0.19,15.29,100.0,0.003045799,0.16136555
79470,3863901,0.18,0.18,14.95,100.0,0.0030449781999999995,0.16136098999999998
79480,3864396,0.18,0.18,14.93,100.0,0.003044087199999999,0.16135604
79490,3864869,0.18,0.18,14.8,100.0,0.0030432357999999986,0.16135131
79500,3865369,0.16,0.16,14.79,100.0,0.0030423357999999987,0.16134631
79510,3865869,0.16,0.16,14.85,100.0,0.003041435799999999,0.16134131
79520,3866362,0.18,0.18,14.56,100.0,0.0030405484,0.16133638
79530,3866862,0.18,0.18,14.67,100.0,0.0030396484,0.16133138
79540,3867346,0.16,0.16,14.67,100.0,0.0030387771999999995,0.16132654
79550,3867843,0.14,0.14,14.26,100.0,0.003037882599999999,0.16132157
79560,3868336,0.14,0.14,14.34,100.0,0.003036995199999999,0.16131664
79570,3868835,0.15,0.15,14.38,100.0,0.0030360969999999998,0.16131165
79580,3869331,0.18,0.18,14.33,100.0,0.0030352041999999997,0.16130669
79590,3869827,0.19,0.19,14.33,100.0,0.003034311399999999,0.16130173
79600,3870327,0.23,0.23,13.94,100.0,0.003033411399999999,0.16129673
79610,3870827,0.24,0.24,13.86,100.0,0.003032511399999999,0.16129173
79620,3871318,0.22,0.22,13.91,100.0,0.0030316275999999987,0.16128682
79630,3871818,0.24,0.24,12.78,100.0,0.003030727599999999,0.16128182
79640,3872318,0.27,0.27,12.78,100.0,0.003029827599999999,0.16127682
79650,3872817,0.27,0.27,12.51,100.0,0.003028929399999999,0.16127183
79660,3873317,0.27,0.27,12.65,100.0,0.003028029399999999,0.16126683
79670,3873815,0.26,0.26,12.72,100.0,0.0030271329999999996,0.16126184999999998
79680,3874315,0.22,0.22,12.72,100.0,0.0030262329999999997,0.16125685
79690,3874781,0.21,0.21,12.39,100.0,0.0030253942,0.16125219
79700,3875267,0.16,0.16,12.39,100.0,0.003024519399999999,0.16124733
79710,3875767,0.17,0.17,12.34,100.0,0.0030236193999999992,0.16124233
79720,3876267,0.18,0.18,12.77,100.0,0.0030227193999999994,0.16123733
79730,3876730,0.16,0.16,12.55,100.0,0.0030218859999999997,0.1612327
79740,3877214,0.14,0.14,12.88,100.0,0.0030210147999999992,0.16122786
79750,3877703,0.13,0.13,12.46,100.0,0.003020134599999999,0.16122297
79760,3878198,0.12,0.12,12.03,100.0,0.0030192436,0.16121802
79770,3878685,0.11,0.11,12.01,100.0,0.0030183669999999992,0.16121315
79780,3879178,0.11,0.11,12.01,100.0,0.0030174795999999993,0.16120822
79790,3879678,0.13,0.13,12.01,100.0,0.0030165795999999995,0.16120322
79800,3880178,0.15,0.15,12.11,100.0,0.0030156795999999987,0.16119822
79810,3880678,0.12,0.12,12.11,100.0,0.003014779599999999,0.16119322
79820,3881160,0.11,0.11,12.11,100.0,0.003013911999999999,0.1611884
79830,3881660,0.12,0.12,11.66,100.0,0.003013011999999999,0.1611834
79840,3882141,0.14,0.14,11.76,100.0,0.0030121461999999995,0.16117859
79850,3882641,0.15,0.15,11.94,100.0,0.0030112461999999996,0.16117359
79860,3883139,0.16,0.16,11.81,100.0,0.0030103497999999992,0.16116861
79870,3883639,0.16,0.16,11.84,100.0,0.0030094497999999994,0.16116361
79880,3884134,0.19,0.19,11.63,100.0,0.003008558799999999,0.16115866
79890,3884634,0.17,0.17,11.81,100.0,0.0030076587999999993,0.16115366
79900,3885123,0.16,0.16,11.7,100.0,0.0030067786,0.16114877
79910,3885613,0.17,0.17,11.68,100.0,0.0030058965999999994,0.16114387
79920,3886113,0.18,0.18,11.6,100.0,0.0030049965999999996,0.16113887
79930,3886613,0.18,0.18,11.18,100.0,0.0030040965999999997,0.16113387
79940,3887110,0.15,0.15,11.18,100.0,0.003003202,0.1611289
79950,3887610,0.14,0.14,11.39,100.0,0.0030023019999999992,0.1611239
79960,3888105,0.13,0.13,11.15,100.0,0.003001410999999999,0.16111894999999998
79970,3888603,0.13,0.13,11.21,100.0,0.0030005145999999995,0.16111397
79980,3889082,0.15,0.15,11.53,100.0,0.0029996523999999995,0.16110918
79990,3889571,0.15,0.15,11.58,100.0,0.0029987721999999994,0.16110428999999998
80000,3890071,0.16,0.16,11.59,100.0,0.0029978721999999996,0.16109929
80010,3890555,0.18,0.18,11.73,100.0,0.002997000999999999,0.16109445
80020,3891037,0.19,0.19,12.59,100.0,0.002996133399999999,0.16108962999999998
80030,3891537,0.21,0.21,12.82,100.0,0.002995233399999999,0.16108463
80040,3892016,0.22,0.22,12.81,100.0,0.0029943712,0.16107984
80050,3892516,0.22,0.22,12.97,100.0,0.0029934712000000002,0.16107484
80060,3893016,0.23,0.23,13.18,100.0,0.0029925711999999986,0.16106984
80070,3893516,0.24,0.24,13.17,100.0,0.0029916711999999988,0.16106484
80080,3894009,0.2,0.2,12.73,100.0,0.0029907837999999997,0.16105991
80090,3894509,0.21,0.21,13.31,100.0,0.0029898838,0.16105491
80100,3894991,0.2,0.2,13.29,100.0,0.0029890162,0.16105009
80110,3895435,0.18,0.18,13.38,100.0,0.0029882169999999996,0.16104564999999998
80120,3895911,0.15,0.15,13.38,100.0,0.002987360199999999,0.16104089
80130,3896411,0.15,0.15,13.34,100.0,0.002986460199999999,0.16103589
80140,3896911,0.18,0.18,13.68,100.0,0.002985560199999999,0.16103088999999998
80150,3897402,0.19,0.19,13.64,100.0,0.0029846763999999996,0.16102598
80160,3897899,0.2,0.2,13.47,100.0,0.002983781799999999,0.16102101
80170,3898399,0.21,0.21,14.04,100.0,0.002982881799999999,0.16101601
80180,3898898,0.22,0.22,14.11,100.0,0.002981983599999999,0.16101102
80190,3899398,0.21,0.21,14.14,100.0,0.002981083599999999,0.16100602
80200,3899898,0.21,0.21,14.17,100.0,0.0029801835999999993,0.16100102
80210,3900385,0.21,0.21,14.53,100.0,0.0029793069999999996,0.16099615
80220,3900878,0.22,0.22,14.43,100.0,0.0029784195999999997,0.16099122
80230,3901356,0.22,0.22,14.31,100.0,0.0029775591999999986,0.16098644
80240,3901856,0.19,0.19,14.72,100.0,0.0029766591999999988,0.16098144
80250,3902354,0.2,0.2,15.02,100.0,0.0029757627999999993,0.16097646
80260,3902831,0.19,0.19,15.05,100.0,0.0029749041999999996,0.16097169
80270,3903303,0.17,0.17,14.77,100.0,0.0029740545999999988,0.16096697
80280,3903803,0.17,0.17,14.49,100.0,0.002973154599999999,0.16096197
80290,3904303,0.18,0.18,14.46,100.0,0.002972254599999999,0.16095697
80300,3904803,0.17,0.17,14.46,100.0,0.002971354599999999,0.16095197
80310,3905303,0.17,0.17,14.46,100.0,0.0029704545999999993,0.16094697
80320,3905803,0.18,0.18,14.89,100.0,0.0029695545999999995,0.16094197
80330,3906303,0.16,0.16,14.53,100.0,0.0029686545999999996,0.16093697
80340,3906790,0.16,0.16,14.53,100.0,0.002967777999999999,0.1609321
80350,3907290,0.14,0.14,14.61,100.0,0.002966877999999999,0.1609271
80360,3907774,0.13,0.13,15.01,100.0,0.0029660067999999996,0.16092225999999998
80370,3908274,0.14,0.14,14.97,100.0,0.0029651067999999997,0.16091726
80380,3908774,0.13,0.13,15.24,100.0,0.0029642068,0.16091226
80390,3909264,0.13,0.13,15.22,100.0,0.0029633247999999992,0.16090736
80400,3909753,0.15,0.15,15.0,100.0,0.002962444599999999,0.16090247
80410,3910253,0.17,0.17,15.41,100.0,0.0029615445999999993,0.16089747
80420,3910753,0.15,0.15,15.41,100.0,0.0029606445999999995,0.16089247
80430,3911230,0.14,0.14,15.83,100.0,0.002959786,0.1608877
80440,3911722,0.13,0.13,15.83,100.0,0.002958900399999999,0.16088278
80450,3912209,0.14,0.14,15.99,100.0,0.0029580238,0.16087791
80460,3912709,0.15,0.15,15.92,100.0,0.0029571238,0.16087291
80470,3913209,0.14,0.14,15.94,100.0,0.0029562237999999985,0.16086791
80480,3913709,0.14,0.14,16.21,100.0,0.0029553237999999987,0.16086291
80490,3914184,0.13,0.13,16.16,100.0,0.0029544687999999994,0.16085816
80500,3914684,0.12,0.12,16.15,100.0,0.0029535687999999996,0.16085316
80510,3915184,0.11,0.11,16.08,100.0,0.0029526687999999997,0.16084816
80520,3915682,0.14,0.14,15.71,100.0,0.0029517724,0.16084318
80530,3916182,0.14,0.14,15.69,100.0,0.0029508723999999986,0.16083818
80540,3916674,0.16,0.16,15.64,100.0,0.0029499867999999993,0.16083326
80550,3917142,0.14,0.14,15.64,100.0,0.002949144399999999,0.16082858
80560,3917628,0.13,0.13,16.05,100.0,0.0029482695999999992,0.16082372
80570,3918128,0.12,0.12,16.05,100.0,0.0029473695999999994,0.16081872
80580,3918628,0.14,0.14,16.18,100.0,0.0029464695999999995,0.16081372
80590,3919128,0.14,0.14,16.19,100.0,0.0029455695999999996,0.16080872
80600,3919623,0.17,0.17,16.04,100.0,0.0029446785999999994,0.16080377
80610,3920123,0.15,0.15,16.04,100.0,0.0029437785999999995,0.16079877
80620,3920609,0.12,0.12,16.04,100.0,0.0029429037999999996,0.16079390999999998
80630,3921109,0.12,0.12,15.89,100.0,0.0029420037999999997,0.16078891
80640,3921609,0.12,0.12,15.9,100.0,0.0029411038,0.16078391
80650,3922109,0.13,0.13,15.99,100.0,0.0029402038,0.16077891
80660,3922601,0.17,0.17,15.51,100.0,0.002939318199999999,0.16077399
80670,3923089,0.17,0.17,15.51,100.0,0.0029384397999999987,0.16076911
80680,3923589,0.15,0.15,15.19,100.0,0.002937539799999999,0.16076411
80690,3924087,0.16,0.16,15.27,100.0,0.0029366433999999993,0.16075913
80700,3924587,0.15,0.15,15.11,100.0,0.0029357433999999995,0.16075413
80710,3925085,0.17,0.17,14.92,100.0,0.002934847,0.16074915
80720,3925585,0.21,0.21,14.8,100.0,0.002933947,0.16074415
80730,3926076,0.21,0.21,14.48,100.0,0.0029330631999999997,0.16073924
80740,3926576,0.19,0.19,14.48,100.0,0.0029321632,0.16073424
80750,3927076,0.2,0.2,14.13,100.0,0.0029312632,0.16072924
80760,3927568,0.16,0.16,14.06,100.0,0.002930377599999999,0.16072432
80770,3928066,0.2,0.2,13.42,100.0,0.0029294811999999995,0.16071934
80780,3928548,0.22,0.22,13.42,100.0,0.0029286135999999994,0.16071452
80790,3929044,0.22,0.22,13.65,100.0,0.0029277207999999994,0.16070956
80800,3929542,0.2,0.2,13.65,100.0,0.0029268244,0.16070457999999999
80810,3930021,0.19,0.19,13.63,100.0,0.002925962199999999,0.16069979
80820,3930519,0.18,0.18,12.81,100.0,0.0029250657999999995,0.16069481
80830,3931001,0.19,0.19,12.67,100.0,0.0029241981999999994,0.16068999
80840,3931484,0.2,0.2,12.6,100.0,0.0029233287999999996,0.16068516
80850,3931981,0.21,0.21,12.49,100.0,0.0029224342,0.16068019
80860,3932476,0.24,0.24,12.31,100.0,0.0029215431999999996,0.16067524
80870,3932970,0.23,0.23,11.9,100.0,0.002920653999999999,0.1606703
80880,3933459,0.23,0.23,12.45,100.0,0.002919773799999999,0.16066541
80890,3933924,0.22,0.22,12.46,100.0,0.0029189368,0.16066076
80900,3934409,0.21,0.21,12.46,100.0,0.0029180637999999997,0.16065591
80910,3934894,0.21,0.21,12.43,100.0,0.0029171907999999995,0.16065106
80920,3935394,0.21,0.21,12.68,100.0,0.0029162907999999996,0.16064606
80930,3935887,0.21,0.21,12.44,100.0,0.002915403399999999,0.16064113
80940,3936387,0.23,0.23,12.61,100.0,0.002914503399999999,0.16063613
80950,3936884,0.22,0.22,11.78,100.0,0.0029136087999999992,0.16063116
80960,3937354,0.19,0.19,11.81,100.0,0.0029127627999999996,0.16062646
80970,3937845,0.17,0.17,11.83,100.0,0.002911879,0.16062155
80980,3938327,0.14,0.14,11.83,100.0,0.0029110114,0.16061672999999999
80990,3938808,0.16,0.16,12.0,100.0,0.0029101455999999996,0.16061192
81000,3939295,0.17,0.17,12.44,100.0,0.002909269,0.16060705
81010,3939795,0.17,0.17,12.21,100.0,0.002908369,0.16060205
81020,3940280,0.16,0.16,12.25,100.0,0.002907496,0.1605972
81030,3940752,0.14,0.14,12.25,100.0,0.002906646399999999,0.16059247999999998
81040,3941244,0.14,0.13,11.63,100.0,0.0029057607999999997,0.16058756
81050,3941744,0.15,0.14,11.2,100.0,0.0029048608,0.16058255999999999
81060,3942235,0.16,0.15,11.26,100.0,0.0029039769999999994,0.16057765
81070,3942727,0.17,0.16,11.28,100.0,0.0029030914,0.16057273
81080,3943224,0.2,0.19,11.27,100.0,0.0029021967999999987,0.16056776
81090,3943724,0.17,0.16,11.27,100.0,0.002901296799999999,0.16056276
81100,3944224,0.21,0.2,11.8,100.0,0.002900396799999999,0.16055776
81110,3944724,0.23,0.22,11.43,100.0,0.002899496799999999,0.16055276
81120,3945218,0.23,0.22,11.12,100.0,0.0028986075999999994,0.16054782
81130,3945704,0.24,0.23,11.12,100.0,0.0028977327999999995,0.16054296
81140,3946204,0.23,0.23,11.22,100.0,0.0028968327999999996,0.16053796
81150,3946677,0.2,0.2,11.22,100.0,0.002895981399999999,0.16053323
81160,3947141,0.19,0.19,11.24,100.0,0.0028951461999999996,0.16052859
81170,3947641,0.18,0.18,11.21,100.0,0.002894246199999999,0.16052359
81180,3948137,0.16,0.16,11.59,100.0,0.0028933533999999997,0.16051863
81190,3948637,0.16,0.16,11.59,100.0,0.0028924534,0.16051363
81200,3949137,0.12,0.12,11.59,100.0,0.0028915534,0.16050862999999999
81210,3949637,0.11,0.11,11.63,100.0,0.0028906534,0.16050363
81220,3950098,0.11,0.11,11.51,100.0,0.002889823599999999,0.16049902
81230,3950593,0.12,0.12,11.23,100.0,0.0028889325999999996,0.16049407
81240,3951086,0.1,0.1,11.23,100.0,0.0028880451999999997,0.16048914
81250,3951586,0.1,0.1,11.23,100.0,0.002887145199999999,0.16048414
81260,3952086,0.1,0.1,11.25,100.0,0.002886245199999999,0.16047914
81270,3952586,0.12,0.12,11.96,100.0,0.0028853451999999993,0.16047414
81280,3953066,0.12,0.12,11.65,100.0,0.0028844811999999996,0.16046934
81290,3953552,0.13,0.13,12.02,100.0,0.0028836063999999988,0.16046448
81300,3954048,0.15,0.15,12.74,100.0,0.0028827135999999996,0.16045952
81310,3954531,0.15,0.15,12.71,100.0,0.002881844199999999,0.16045469
81320,3955020,0.13,0.13,12.71,100.0,0.002880963999999999,0.1604498
81330,3955507,0.13,0.13,12.97,100.0,0.0028800874,0.16044492999999999
81340,3956007,0.14,0.14,12.96,100.0,0.0028791873999999985,0.16043993
81350,3956507,0.15,0.15,12.94,100.0,0.0028782873999999986,0.16043493
81360,3957000,0.15,0.15,12.95,100.0,0.0028773999999999996,0.16043
81370,3957495,0.14,0.14,13.02,100.0,0.002876509,0.16042505
81380,3957978,0.15,0.15,13.05,100.0,0.0028756395999999995,0.16042022
81390,3958478,0.15,0.15,13.4,100.0,0.0028747395999999988,0.16041522
81400,3958978,0.14,0.14,13.48,100.0,0.002873839599999999,0.16041022
81410,3959478,0.13,0.13,13.48,100.0,0.002872939599999999,0.16040522
81420,3959965,0.16,0.16,13.57,100.0,0.0028720630000000002,0.16040035
81430,3960458,0.14,0.14,13.57,100.0,0.0028711755999999995,0.16039542
81440,3960958,0.16,0.16,14.08,100.0,0.0028702755999999996,0.16039042
81450,3961458,0.18,0.18,14.83,100.0,0.0028693755999999997,0.16038542
81460,3961948,0.17,0.17,14.83,100.0,0.002868493599999999,0.16038052
81470,3962401,0.16,0.16,15.01,100.0,0.0028676781999999994,0.16037599
81480,3962890,0.15,0.15,14.63,100.0,0.0028667979999999994,0.1603711
81490,3963383,0.15,0.15,14.96,100.0,0.0028659105999999995,0.16036617
81500,3963860,0.14,0.14,15.31,100.0,0.002865051999999999,0.1603614
81510,3964348,0.14,0.14,15.67,100.0,0.0028641735999999996,0.16035652
81520,3964835,0.13,0.13,15.7,100.0,0.002863297,0.16035165
81530,3965313,0.14,0.14,15.37,100.0,0.0028624365999999997,0.16034687
81540,3965749,0.11,0.11,15.37,100.0,0.002861651799999999,0.16034251
81550,3966249,0.09,0.09,15.35,100.0,0.0028607517999999993,0.16033751
81560,3966749,0.11,0.11,15.56,100.0,0.0028598517999999995,0.16033250999999998
81570,3967249,0.11,0.11,15.52,100.0,0.0028589517999999996,0.16032751
81580,3967749,0.1,0.1,15.52,100.0,0.0028580517999999997,0.16032251
81590,3968228,0.12,0.12,15.42,100.0,0.0028571895999999998,0.16031772
81600,3968714,0.13,0.13,15.35,100.0,0.0028563148,0.16031286
81610,3969214,0.18,0.18,16.36,100.0,0.0028554148,0.16030786
81620,3969699,0.17,0.17,16.36,100.0,0.0028545417999999998,0.16030301
81630,3970194,0.18,0.18,16.44,100.0,0.0028536507999999986,0.16029806
81640,3970694,0.21,0.21,16.48,100.0,0.002852750799999999,0.16029306
81650,3971173,0.2,0.2,16.48,100.0,0.0028518885999999997,0.16028827
81660,3971654,0.21,0.21,15.86,100.0,0.0028510227999999993,0.16028346
81670,3972141,0.21,0.21,15.89,100.0,0.002850146199999999,0.16027859
81680,3972625,0.22,0.22,16.23,100.0,0.002849274999999999,0.16027375
81690,3973125,0.2,0.2,16.17,100.0,0.0028483749999999993,0.16026875
81700,3973605,0.2,0.2,16.02,100.0,0.0028475109999999996,0.16026395
81710,3974105,0.17,0.17,16.79,100.0,0.0028466109999999998,0.16025895
81720,3974605,0.19,0.19,16.49,100.0,0.002845711,0.16025395
81730,3975103,0.2,0.2,16.83,100.0,0.0028448145999999995,0.16024897
81740,3975591,0.17,0.17,16.83,100.0,0.0028439361999999992,0.16024409
81750,3976091,0.2,0.2,16.95,100.0,0.0028430361999999994,0.16023909
81760,3976591,0.18,0.18,17.02,100.0,0.0028421361999999995,0.16023409
81770,3977071,0.17,0.17,17.02,100.0,0.0028412722,0.16022929
81780,3977571,0.2,0.2,16.93,100.0,0.0028403722,0.16022429
81790,3978071,0.2,0.2,17.26,100.0,0.002839472199999999,0.16021929
81800,3978571,0.19,0.19,17.27,100.0,0.0028385721999999993,0.16021428999999998
81810,3979071,0.16,0.16,17.27,100.0,0.0028376721999999995,0.16020929
81820,3979558,0.15,0.15,17.59,100.0,0.002836795599999999,0.16020442
81830,3980038,0.12,0.12,17.59,100.0,0.002835931599999999,0.16019962
81840,3980538,0.16,0.16,17.56,100.0,0.0028350315999999993,0.16019462
81850,3981038,0.14,0.14,17.18,100.0,0.0028341315999999995,0.16018962
81860,3981520,0.16,0.16,17.17,100.0,0.0028332639999999994,0.1601848
81870,3982016,0.18,0.18,17.23,100.0,0.0028323711999999994,0.16017984
81880,3982516,0.18,0.18,17.46,100.0,0.0028314711999999995,0.16017483999999999
81890,3983010,0.18,0.18,17.14,100.0,0.002830581999999999,0.1601699
81900,3983506,0.19,0.19,17.21,100.0,0.002829689199999999,0.16016494
81910,3983990,0.21,0.21,16.52,100.0,0.0028288179999999994,0.1601601
81920,3984490,0.21,0.21,16.37,100.0,0.0028279179999999996,0.1601551
81930,3984990,0.23,0.23,16.81,100.0,0.0028270179999999997,0.1601501
81940,3985479,0.21,0.21,16.34,100.0,0.002826137799999999,0.16014520999999998
81950,3985964,0.2,0.2,16.34,100.0,0.0028252647999999995,0.16014035999999998
81960,3986449,0.19,0.19,16.39,100.0,0.0028243917999999993,0.16013550999999998
81970,3986949,0.19,0.19,16.38,100.0,0.0028234917999999994,0.16013051
81980,3987449,0.16,0.16,16.37,100.0,0.0028225917999999987,0.16012551
81990,3987929,0.16,0.16,16.65,100.0,0.002821727799999999,0.16012071
82000,3988419,0.15,0.15,16.66,100.0,0.002820845799999999,0.16011581
82010,3988919,0.14,0.14,16.27,100.0,0.0028199457999999993,0.16011081
82020,3989419,0.14,0.14,16.29,100.0,0.0028190457999999995,0.16010581
82030,3989910,0.13,0.13,16.32,100.0,0.002818162,0.1601009
82040,3990402,0.12,0.12,16.09,100.0,0.002817276399999999,0.16009598
82050,3990900,0.13,0.13,16.15,100.0,0.0028163799999999994,0.16009099999999998
82060,3991377,0.12,0.12,16.19,100.0,0.0028155214,0.16008623
82070,3991841,0.11,0.11,16.18,100.0,0.0028146861999999995,0.16008159
82080,3992341,0.12,0.12,16.04,100.0,0.0028137861999999996,0.16007659
82090,3992841,0.11,0.11,16.04,100.0,0.0028128861999999998,0.16007158999999999
82100,3993340,0.11,0.11,15.9,100.0,0.0028119879999999988,0.1600666
82110,3993820,0.11,0.11,15.6,100.0,0.002811123999999999,0.1600618
82120,3994320,0.1,0.1,15.19,100.0,0.002810223999999999,0.1600568
82130,3994820,0.11,0.11,15.38,100.0,0.0028093239999999993,0.1600518
82140,3995320,0.11,0.11,15.09,100.0,0.0028084239999999995,0.1600468
82150,3995820,0.11,0.11,15.08,100.0,0.0028075239999999996,0.1600418
82160,3996320,0.12,0.12,15.02,100.0,0.0028066239999999998,0.1600368
82170,3996820,0.11,0.11,15.02,100.0,0.002805724,0.1600318
82180,3997304,0.1,0.1,15.02,100.0,0.0028048527999999994,0.16002696
82190,3997804,0.1,0.1,15.02,100.0,0.0028039527999999996,0.16002196
82200,3998297,0.1,0.1,15.14,100.0,0.002803065399999999,0.16001703
82210,3998794,0.12,0.12,15.21,100.0,0.002802170799999999,0.16001206
82220,3999294,0.12,0.12,14.99,100.0,0.002801270799999999,0.16000706
82230,3999793,0.12,0.12,15.05,100.0,0.0028003726,0.16000207
82240,4000291,0.12,0.12,15.16,100.0,0.0027994761999999987,0.15999709
82250,4000791,0.14,0.14,15.01,100.0,0.002798576199999999,0.15999209
82260,4001291,0.14,0.14,14.57,100.0,0.002797676199999999,0.15998709
82270,4001764,0.16,0.16,14.17,100.0,0.0027968247999999992,0.15998236
82280,4002264,0.15,0.15,14.17,100.0,0.0027959247999999994,0.15997736
82290,4002764,0.16,0.16,14.01,100.0,0.0027950247999999995,0.15997236
82300,4003264,0.16,0.16,13.74,100.0,0.002794124799999999,0.15996736
82310,4003764,0.14,0.14,14.02,100.0,0.002793224799999999,0.15996236
82320,4004262,0.14,0.14,14.38,100.0,0.0027923283999999994,0.15995737999999998
82330,4004762,0.12,0.12,14.38,100.0,0.0027914283999999996,0.15995238
82340,4005261,0.12,0.12,14.58,100.0,0.0027905301999999995,0.15994739
82350,4005744,0.09,0.09,14.58,100.0,0.0027896607999999996,0.15994256
82360,4006238,0.09,0.09,14.83,100.0,0.0027887716,0.15993762
82370,4006738,0.09,0.09,14.61,100.0,0.0027878715999999993,0.15993262
82380,4007235,0.11,0.11,14.56,100.0,0.0027869769999999995,0.15992765
82390,4007716,0.11,0.11,14.54,100.0,0.002786111199999999,0.15992284
82400,4008216,0.1,0.1,14.54,100.0,0.0027852111999999993,0.15991784
82410,4008715,0.1,0.1,14.26,100.0,0.002784312999999999,0.15991285
82420,4009200,0.1,0.1,14.28,100.0,0.002783439999999999,0.159908
82430,4009700,0.12,0.12,14.62,100.0,0.002782539999999999,0.159903
82440,4010200,0.13,0.13,14.05,100.0,0.0027816399999999993,0.15989799999999998
82450,4010700,0.16,0.16,14.16,100.0,0.0027807399999999994,0.159893
82460,4011200,0.17,0.17,14.61,100.0,0.0027798399999999996,0.159888
82470,4011700,0.17,0.17,14.06,100.0,0.002778939999999999,0.159883
82480,4012196,0.17,0.17,14.32,100.0,0.002778047199999999,0.15987804
82490,4012696,0.19,0.19,14.17,100.0,0.002777147199999999,0.15987304
82500,4013191,0.21,0.21,13.83,100.0,0.0027762561999999996,0.15986809
82510,4013691,0.23,0.23,14.11,100.0,0.0027753561999999997,0.15986308999999999
82520,4014191,0.27,0.27,14.41,100.0,0.0027744562,0.15985809
82530,4014691,0.28,0.28,14.33,100.0,0.002773556199999999,0.15985309
82540,4015191,0.26,0.26,14.33,100.0,0.0027726561999999993,0.15984809
82550,4015691,0.25,0.25,14.39,100.0,0.0027717561999999994,0.15984309
82560,4016191,0.25,0.25,13.88,100.0,0.0027708561999999996,0.15983809
82570,4016691,0.23,0.23,13.88,100.0,0.0027699561999999997,0.15983309
82580,4017191,0.21,0.21,13.88,100.0,0.0027690562,0.15982809
82590,4017687,0.18,0.18,13.88,100.0,0.0027681634,0.15982313
82600,4018187,0.17,0.17,13.87,100.0,0.0027672634,0.15981813
82610,4018687,0.15,0.15,13.67,100.0,0.0027663633999999993,0.15981313
82620,4019180,0.11,0.11,13.65,100.0,0.0027654759999999994,0.1598082
82630,4019662,0.09,0.09,13.63,100.0,0.0027646083999999993,0.15980338
82640,4020162,0.1,0.1,13.61,100.0,0.0027637083999999994,0.15979838
82650,4020649,0.08,0.08,13.61,100.0,0.0027628317999999997,0.15979351
82660,4021149,0.07,0.07,13.62,100.0,0.002761931799999999,0.15978851
82670,4021634,0.09,0.09,13.37,100.0,0.0027610587999999997,0.15978366
82680,4022118,0.13,0.13,13.29,100.0,0.0027601875999999992,0.15977882
82690,4022603,0.14,0.14,13.3,100.0,0.002759314599999999,0.15977397
82700,4023094,0.15,0.15,13.32,100.0,0.0027584307999999995,0.15976906
82710,4023564,0.16,0.16,13.58,100.0,0.002757584799999999,0.15976436
82720,4024064,0.16,0.16,13.6,100.0,0.002756684799999999,0.15975936
82730,4024564,0.16,0.16,13.49,100.0,0.0027557847999999992,0.15975435999999998
82740,4025055,0.17,0.17,13.79,100.0,0.002754900999999999,0.15974945
82750,4025551,0.18,0.18,14.01,100.0,0.0027540081999999997,0.15974449
82760,4026035,0.18,0.18,13.92,100.0,0.0027531369999999993,0.15973965
82770,4026510,0.18,0.18,14.02,100.0,0.002752282,0.1597349
82780,4027010,0.17,0.17,14.03,100.0,0.002751382,0.1597299
82790,4027510,0.17,0.17,13.63,100.0,0.0027504819999999985,0.1597249
82800,4028001,0.16,0.16,13.74,100.0,0.0027495982,0.15971999
82810,4028501,0.16,0.16,14.06,100.0,0.002748698199999999,0.15971499
82820,4028999,0.16,0.16,14.05,100.0,0.0027478017999999996,0.15971001
82830,4029495,0.16,0.16,14.01,100.0,0.0027469089999999988,0.15970505
82840,4029995,0.16,0.16,13.49,100.0,0.002746008999999999,0.15970004999999998
82850,4030495,0.17,0.17,13.26,100.0,0.002745108999999999,0.15969505
82860,4030979,0.15,0.15,13.26,100.0,0.0027442377999999995,0.15969021
82870,4031475,0.14,0.14,13.09,100.0,0.0027433449999999995,0.15968525
82880,4031975,0.13,0.13,13.23,100.0,0.0027424449999999996,0.15968025
82890,4032475,0.13,0.13,13.26,100.0,0.0027415449999999997,0.15967525
82900,4032965,0.14,0.14,13.3,100.0,0.002740662999999999,0.15967035
82910,4033451,0.15,0.15,13.22,100.0,0.002739788199999999,0.15966549
82920,4033918,0.15,0.15,13.22,100.0,0.0027389475999999987,0.15966081999999998
82930,4034418,0.14,0.14,13.22,100.0,0.002738047599999999,0.15965582
82940,4034918,0.17,0.17,13.21,100.0,0.002737147599999999,0.15965082
82950,4035398,0.16,0.16,13.15,100.0,0.0027362835999999993,0.15964602
82960,4035898,0.18,0.18,13.67,100.0,0.0027353835999999994,0.15964102
82970,4036394,0.21,0.21,12.67,100.0,0.0027344907999999994,0.15963606
82980,4036855,0.19,0.19,12.67,100.0,0.002733661,0.15963145
82990,4037349,0.22,0.22,12.96,100.0,0.0027327717999999996,0.15962651
83000,4037847,0.21,0.21,12.93,100.0,0.002731875399999999,0.15962153
83010,4038344,0.18,0.18,12.93,100.0,0.0027309807999999994,0.15961656
83020,4038826,0.21,0.21,13.63,100.0,0.0027301131999999994,0.15961174
83030,4039326,0.21,0.21,13.63,100.0,0.0027292131999999995,0.15960674
83040,4039807,0.19,0.19,13.42,100.0,0.002728347399999999,0.15960193
83050,4040303,0.19,0.19,13.24,100.0,0.002727454599999999,0.15959697
83060,4040801,0.21,0.21,13.33,100.0,0.0027265581999999997,0.15959199
83070,4041301,0.18,0.18,13.16,100.0,0.0027256582,0.15958698999999998
83080,4041783,0.19,0.19,13.15,100.0,0.0027247905999999997,0.15958217
83090,4042270,0.18,0.18,13.59,100.0,0.002723913999999999,0.1595773
83100,4042762,0.18,0.18,13.62,100.0,0.0027230284,0.15957238
83110,4043262,0.21,0.21,13.78,100.0,0.002722128399999999,0.15956737999999998
83120,4043754,0.17,0.17,13.78,100.0,0.0027212428,0.15956246
83130,4044222,0.19,0.19,14.08,100.0,0.002720400399999999,0.15955777999999998
83140,4044706,0.17,0.17,13.7,100.0,0.0027195291999999992,0.15955294
83150,4045170,0.17,0.17,13.73,100.0,0.002718693999999999,0.1595483
83160,4045659,0.17,0.17,13.96,100.0,0.0027178137999999998,0.15954341
83170,4046145,0.17,0.17,13.52,100.0,0.002716939,0.15953855
83180,4046645,0.17,0.17,13.56,100.0,0.002716039,0.15953355
83190,4047145,0.15,0.15,13.54,100.0,0.002715139,0.15952855
83200,4047637,0.15,0.15,13.99,100.0,0.002714253399999999,0.15952363
83210,4048132,0.14,0.14,13.93,100.0,0.0027133623999999997,0.15951868
83220,4048618,0.14,0.14,13.93,100.0,0.0027124875999999997,0.15951382
83230,4049085,0.14,0.14,14.37,100.0,0.0027116469999999993,0.15950915
83240,4049585,0.15,0.15,14.69,100.0,0.0027107469999999995,0.15950415
83250,4050085,0.15,0.15,14.68,100.0,0.0027098469999999996,0.15949915
83260,4050585,0.14,0.14,14.89,100.0,0.0027089469999999997,0.15949415
83270,4051049,0.16,0.16,15.54,100.0,0.0027081117999999994,0.15948951
83280,4051549,0.18,0.18,15.9,100.0,0.0027072117999999996,0.15948451
83290,4052049,0.17,0.17,15.9,100.0,0.0027063117999999997,0.15947951
83300,4052521,0.18,0.18,15.9,100.0,0.0027054621999999997,0.15947479
83310,4053021,0.17,0.17,15.58,100.0,0.002704562199999999,0.15946979
83320,4053521,0.19,0.19,15.57,100.0,0.002703662199999999,0.15946479
83330,4054021,0.2,0.2,15.33,100.0,0.0027027621999999992,0.15945979
83340,4054518,0.18,0.18,15.33,100.0,0.0027018675999999995,0.15945482
83350,4055018,0.22,0.21,14.87,100.0,0.0027009675999999988,0.15944982
83360,4055490,0.19,0.18,14.87,100.0,0.0027001179999999996,0.1594451
83370,4055985,0.18,0.17,14.68,100.0,0.0026992270000000002,0.15944015
83380,4056463,0.16,0.15,15.15,100.0,0.002698366599999999,0.15943537
83390,4056963,0.16,0.15,15.15,100.0,0.0026974665999999993,0.15943037
83400,4057456,0.14,0.13,15.15,100.0,0.0026965791999999994,0.15942544
83410,4057956,0.13,0.12,15.15,100.0,0.0026956791999999995,0.15942044
83420,4058444,0.13,0.12,15.4,100.0,0.002694800799999999,0.15941556
83430,4058932,0.12,0.11,15.92,100.0,0.002693922399999999,0.15941068
83440,4059432,0.13,0.12,15.9,100.0,0.002693022399999999,0.15940568
83450,4059932,0.09,0.09,15.81,100.0,0.002692122399999999,0.15940068
83460,4060421,0.1,0.1,15.79,100.0,0.002691242199999999,0.15939578999999998
83470,4060907,0.1,0.1,16.35,100.0,0.002690367399999999,0.15939093
83480,4061400,0.1,0.1,16.74,100.0,0.0026894799999999993,0.159386
83490,4061900,0.1,0.1,16.74,100.0,0.0026885799999999994,0.159381
83500,4062387,0.12,0.12,16.74,100.0,0.002687703399999999,0.15937613
83510,4062877,0.13,0.13,16.81,100.0,0.0026868214,0.15937123
83520,4063339,0.11,0.11,16.81,100.0,0.002685989799999999,0.15936661
83530,4063839,0.1,0.1,16.79,100.0,0.0026850897999999993,0.15936161
83540,4064330,0.13,0.13,17.01,100.0,0.0026842059999999997,0.1593567
83550,4064823,0.14,0.14,16.7,100.0,0.002683318599999999,0.15935177
83560,4065321,0.13,0.13,16.7,100.0,0.0026824221999999995,0.15934679
83570,4065821,0.16,0.16,17.56,100.0,0.0026815221999999996,0.15934178999999998
83580,4066321,0.17,0.17,17.5,100.0,0.0026806221999999998,0.15933679
83590,4066821,0.2,0.2,17.62,100.0,0.0026797222,0.15933179
83600,4067321,0.22,0.22,17.13,100.0,0.0026788222,0.15932679
83610,4067810,0.21,0.21,17.13,100.0,0.002677941999999999,0.1593219
83620,4068295,0.23,0.23,17.52,100.0,0.002677068999999999,0.15931705
83630,4068795,0.24,0.24,17.52,100.0,0.002676168999999999,0.15931204999999998
83640,4069295,0.22,0.22,17.7,100.0,0.0026752689999999992,0.15930705
83650,4069795,0.22,0.22,17.7,100.0,0.0026743689999999994,0.15930205
83660,4070295,0.23,0.23,17.59,100.0,0.0026734689999999995,0.15929705
83670,4070795,0.22,0.22,17.24,100.0,0.0026725689999999996,0.15929205
83680,4071287,0.24,0.24,17.1,100.0,0.0026716833999999995,0.15928713
83690,4071787,0.22,0.22,17.46,100.0,0.0026707833999999996,0.15928213
83700,4072287,0.2,0.2,17.46,100.0,0.0026698833999999998,0.15927713
83710,4072784,0.2,0.2,17.46,100.0,0.0026689888,0.15927216
83720,4073284,0.19,0.19,17.55,100.0,0.0026680887999999993,0.15926716
83730,4073784,0.2,0.2,16.89,100.0,0.0026671887999999994,0.15926215999999999
83740,4074218,0.18,0.18,16.89,100.0,0.0026664075999999993,0.15925782
83750,4074697,0.17,0.17,16.89,100.0,0.0026655453999999993,0.15925303
83760,4075186,0.17,0.17,16.87,100.0,0.0026646651999999993,0.15924813999999998
83770,4075668,0.14,0.14,16.78,100.0,0.002663797599999999,0.15924332
83780,4076157,0.13,0.13,16.67,100.0,0.002662917399999999,0.15923843
83790,4076652,0.12,0.12,16.67,100.0,0.002662026399999999,0.15923347999999998
83800,4077152,0.13,0.13,17.4,100.0,0.002661126399999999,0.15922848
83810,4077646,0.15,0.15,16.81,100.0,0.0026602371999999994,0.15922354
83820,4078146,0.18,0.18,17.24,100.0,0.0026593371999999987,0.15921854
83830,4078646,0.16,0.16,17.26,100.0,0.002658437199999999,0.15921354
83840,4079139,0.17,0.17,16.85,100.0,0.0026575497999999998,0.15920861
83850,4079631,0.18,0.18,17.01,100.0,0.0026566641999999988,0.15920369
83860,4080127,0.17,0.17,17.01,100.0,0.0026557713999999996,0.15919873
83870,4080627,0.2,0.2,16.75,100.0,0.0026548713999999998,0.15919373
83880,4081118,0.19,0.19,17.04,100.0,0.0026539875999999985,0.15918882
83890,4081598,0.2,0.2,17.28,100.0,0.0026531235999999988,0.15918401999999998
83900,4082098,0.18,0.18,16.89,100.0,0.002652223599999999,0.15917902
83910,4082598,0.18,0.18,16.81,100.0,0.002651323599999999,0.15917402
83920,4083071,0.14,0.14,16.81,100.0,0.0026504722,0.15916929
83930,4083571,0.13,0.13,16.81,100.0,0.0026495721999999994,0.15916428999999999
83940,4084056,0.16,0.16,16.7,100.0,0.0026486992,0.15915943999999999
83950,4084556,0.18,0.18,17.3,100.0,0.0026477992000000002,0.15915444
83960,4085056,0.19,0.19,17.28,100.0,0.0026468991999999986,0.15914944
83970,4085527,0.15,0.15,17.28,100.0,0.0026460513999999992,0.15914473
83980,4086018,0.14,0.14,17.33,100.0,0.002645167599999999,0.15913982
83990,4086518,0.14,0.14,17.29,100.0,0.002644267599999999,0.15913482
84000,4086972,0.17,0.17,17.84,100.0,0.0026434503999999996,0.15913028
84010,4087472,0.16,0.16,17.41,100.0,0.0026425503999999997,0.15912528
84020,4087972,0.16,0.16,17.41,100.0,0.002641650399999999,0.15912028
84030,4088462,0.16,0.16,17.41,100.0,0.002640768399999999,0.15911538
84040,4088962,0.13,0.13,17.3,100.0,0.0026398683999999993,0.15911038
84050,4089457,0.1,0.1,17.3,100.0,0.002638977399999999,0.15910543
84060,4089957,0.11,0.11,17.02,100.0,0.0026380773999999992,0.15910043
84070,4090445,0.13,0.13,17.02,100.0,0.002637199,0.15909555
84080,4090945,0.14,0.14,16.37,100.0,0.002636298999999999,0.15909055
84090,4091435,0.15,0.15,15.85,100.0,0.0026354169999999993,0.15908565
84100,4091935,0.11,0.11,15.85,100.0,0.0026345169999999994,0.15908065
84110,4092435,0.12,0.12,15.85,100.0,0.0026336169999999996,0.15907565
84120,4092928,0.13,0.13,15.75,100.0,0.002632729599999999,0.15907072
84130,4093428,0.15,0.15,15.75,100.0,0.002631829599999999,0.15906572
84140,4093912,0.14,0.14,15.75,100.0,0.0026309583999999994,0.15906088
84150,4094409,0.15,0.15,16.1,100.0,0.0026300637999999996,0.15905591
84160,4094898,0.14,0.14,16.12,100.0,0.0026291835999999987,0.15905102
84170,4095398,0.14,0.14,16.43,100.0,0.002628283599999999,0.15904602
84180,4095889,0.15,0.15,16.42,100.0,0.0026273998,0.15904110999999999
84190,4096389,0.13,0.13,16.42,100.0,0.0026264997999999994,0.15903611
84200,4096888,0.15,0.15,16.8,100.0,0.0026256015999999993,0.15903112
84210,4097388,0.15,0.15,16.45,100.0,0.0026247015999999995,0.15902612
84220,4097888,0.16,0.16,16.48,100.0,0.0026238015999999996,0.15902112
84230,4098388,0.17,0.17,16.69,100.0,0.002622901599999999,0.15901611999999998
84240,4098887,0.17,0.17,16.69,100.0,0.0026220033999999996,0.15901113
84250,4099387,0.17,0.17,16.37,100.0,0.0026211033999999998,0.15900613
84260,4099886,0.17,0.17,16.0,100.0,0.0026202051999999997,0.15900113999999999
84270,4100386,0.17,0.17,15.96,100.0,0.0026193052,0.15899614
84280,4100886,0.16,0.16,15.59,100.0,0.002618405199999999,0.15899114
84290,4101386,0.19,0.19,15.36,100.0,0.002617505199999999,0.15898614
84300,4101874,0.22,0.22,15.35,100.0,0.0026166267999999998,0.15898126
84310,4102374,0.2,0.2,15.35,100.0,0.0026157268,0.15897626
84320,4102874,0.18,0.18,15.35,100.0,0.002614826799999999,0.15897126
84330,4103374,0.16,0.16,15.33,100.0,0.0026139267999999993,0.15896626
84340,4103862,0.16,0.16,15.33,100.0,0.0026130484,0.15896137999999999
84350,4104362,0.16,0.16,15.39,100.0,0.0026121484,0.15895638
84360,4104862,0.19,0.19,15.2,100.0,0.0026112483999999993,0.15895138
84370,4105362,0.2,0.2,15.52,100.0,0.0026103483999999995,0.15894638
84380,4105862,0.19,0.19,15.28,100.0,0.0026094483999999987,0.15894138
84390,4106362,0.19,0.19,16.11,100.0,0.002608548399999999,0.15893638
84400,4106843,0.14,0.14,16.11,100.0,0.0026076825999999994,0.15893157
84410,4107343,0.18,0.18,16.26,100.0,0.0026067825999999995,0.15892657
84420,4107843,0.21,0.21,15.45,100.0,0.0026058825999999997,0.15892157
84430,4108343,0.23,0.23,15.73,100.0,0.0026049826,0.15891657
84440,4108843,0.23,0.23,15.73,100.0,0.0026040826,0.15891157
84450,4109324,0.22,0.22,15.7,100.0,0.0026032167999999996,0.15890676
84460,4109824,0.19,0.19,15.73,100.0,0.002602316799999999,0.15890176
84470,4110324,0.16,0.16,15.73,100.0,0.002601416799999999,0.15889676
84480,4110820,0.16,0.16,15.9,100.0,0.002600523999999999,0.1588918
84490,4111304,0.15,0.15,16.1,100.0,0.0025996527999999994,0.15888696
84500,4111804,0.18,0.18,16.01,100.0,0.0025987527999999996,0.15888196
84510,4112304,0.15,0.15,16.17,100.0,0.0025978527999999997,0.15887696
84520,4112798,0.13,0.13,16.39,100.0,0.0025969636,0.15887202
84530,4113296,0.11,0.11,16.13,100.0,0.002596067199999999,0.15886704
84540,4113796,0.12,0.12,16.13,100.0,0.002595167199999999,0.15886203999999998
84550,4114296,0.11,0.11,16.13,100.0,0.002594267199999999,0.15885704
84560,4114796,0.11,0.11,16.28,100.0,0.0025933671999999993,0.15885204
84570,4115296,0.16,0.16,16.13,100.0,0.0025924671999999994,0.15884704
84580,4115795,0.17,0.17,16.48,100.0,0.0025915689999999993,0.15884205
84590,4116295,0.16,0.16,16.48,100.0,0.0025906689999999994,0.15883705
84600,4116795,0.16,0.16,16.36,100.0,0.0025897689999999996,0.15883205
84610,4117295,0.15,0.15,16.36,100.0,0.002588868999999999,0.15882705
84620,4117795,0.14,0.14,16.36,100.0,0.002587968999999999,0.15882205
84630,4118289,0.14,0.14,16.35,100.0,0.0025870797999999993,0.15881710999999998
84640,4118772,0.15,0.15,16.61,100.0,0.0025862103999999995,0.15881228
84650,4119272,0.16,0.16,16.38,100.0,0.0025853103999999997,0.15880728
84660,4119772,0.19,0.19,16.1,100.0,0.0025844104,0.15880228
84670,4120268,0.14,0.14,16.1,100.0,0.002583517599999999,0.15879732
84680,4120768,0.13,0.13,15.74,100.0,0.002582617599999999,0.15879232
84690,4121268,0.16,0.16,15.4,100.0,0.002581717599999999,0.15878732
84700,4121749,0.14,0.14,15.8,100.0,0.002580851799999999,0.15878251
84710,4122249,0.2,0.2,16.3,100.0,0.002579951799999999,0.15877751
84720,4122749,0.22,0.22,16.16,100.0,0.002579051799999999,0.15877251
84730,4123249,0.23,0.23,16.59,100.0,0.0025781517999999993,0.15876751
84740,4123747,0.23,0.23,15.85,100.0,0.0025772554,0.15876253
84750,4124230,0.23,0.23,15.84,100.0,0.002576386,0.1587577
84760,4124730,0.21,0.21,15.54,100.0,0.002575486,0.1587527
84770,4125228,0.21,0.21,15.54,100.0,0.002574589599999999,0.15874771999999998
84780,4125728,0.23,0.23,15.3,100.0,0.002573689599999999,0.15874272
84790,4126209,0.23,0.23,14.47,100.0,0.0025728237999999995,0.15873790999999998
84800,4126687,0.23,0.23,14.9,100.0,0.0025719633999999993,0.15873313
84810,4127187,0.19,0.19,15.32,100.0,0.0025710633999999994,0.15872813
84820,4127687,0.18,0.18,15.3,100.0,0.0025701633999999996,0.15872313
84830,4128187,0.18,0.18,15.04,100.0,0.0025692633999999997,0.15871813
84840,4128687,0.18,0.18,15.23,100.0,0.0025683634,0.15871313
84850,4129187,0.18,0.18,15.54,100.0,0.002567463399999999,0.15870813
84860,4129687,0.21,0.21,16.06,100.0,0.0025665633999999993,0.15870313
84870,4130187,0.23,0.23,16.35,100.0,0.0025656633999999994,0.15869813
84880,4130687,0.2,0.2,16.35,100.0,0.0025647633999999996,0.15869313
84890,4131169,0.16,0.16,16.35,100.0,0.0025638957999999995,0.15868831
84900,4131669,0.16,0.16,16.39,100.0,0.0025629957999999996,0.15868331
84910,4132169,0.17,0.17,16.3,100.0,0.0025620957999999997,0.15867831
84920,4132669,0.17,0.17,16.24,100.0,0.0025611958,0.15867331
84930,4133154,0.17,0.17,15.98,100.0,0.0025603227999999997,0.15866846
84940,4133654,0.15,0.15,15.98,100.0,0.0025594228,0.15866346
84950,4134154,0.14,0.14,15.98,100.0,0.002558522799999999,0.15865846
84960,4134638,0.1,0.1,16.23,100.0,0.0025576515999999995,0.15865362
84970,4135138,0.11,0.11,15.86,100.0,0.0025567515999999997,0.15864862
84980,4135638,0.12,0.12,15.89,100.0,0.0025558516,0.15864361999999999
84990,4136125,0.12,0.12,15.89,100.0,0.0025549749999999993,0.15863875
85000,4136625,0.12,0.12,15.49,100.0,0.0025540749999999994,0.15863375
85010,4137097,0.12,0.12,15.22,100.0,0.0025532253999999994,0.15862903
85020,4137597,0.13,0.13,14.44,100.0,0.0025523253999999995,0.15862403
85030,4138087,0.11,0.11,14.44,100.0,0.0025514433999999997,0.15861913
85040,4138587,0.12,0.12,14.41,100.0,0.002550543399999999,0.15861413
85050,4139087,0.15,0.15,14.12,100.0,0.002549643399999999,0.15860913
85060,4139587,0.15,0.15,14.27,100.0,0.0025487433999999993,0.15860413
85070,4140087,0.13,0.13,14.22,100.0,0.0025478433999999994,0.15859913
85080,4140587,0.13,0.13,14.28,100.0,0.0025469433999999996,0.15859413
85090,4141087,0.14,0.14,13.97,100.0,0.0025460433999999997,0.15858913
85100,4141587,0.13,0.13,13.97,100.0,0.0025451434,0.15858413
85110,4142087,0.1,0.1,13.97,100.0,0.0025442434,0.15857913
85120,4142587,0.09,0.09,14.39,100.0,0.0025433434,0.15857413
85130,4143087,0.1,0.1,14.51,100.0,0.0025424433999999994,0.15856913
85140,4143587,0.1,0.1,14.53,100.0,0.0025415433999999987,0.15856413
85150,4144087,0.07,0.07,14.53,100.0,0.002540643399999999,0.15855913
85160,4144587,0.06,0.06,14.53,100.0,0.002539743399999999,0.15855413
85170,4145087,0.06,0.06,14.48,100.0,0.002538843399999999,0.15854912999999998
85180,4145587,0.06,0.06,14.32,100.0,0.0025379433999999992,0.15854413
85190,4146071,0.08,0.08,13.97,100.0,0.002537072199999999,0.15853929
85200,4146554,0.08,0.08,13.97,100.0,0.002536202799999999,0.15853446
85210,4147046,0.11,0.11,14.14,100.0,0.0025353171999999997,0.15852954
85220,4147546,0.11,0.11,13.89,100.0,0.0025344172,0.15852454
85230,4148029,0.1,0.1,13.89,100.0,0.0025335478,0.15851971
85240,4148529,0.09,0.09,13.89,100.0,0.0025326477999999993,0.15851471
85250,4149029,0.11,0.11,13.86,100.0,0.0025317477999999994,0.15850971
85260,4149529,0.12,0.12,13.88,100.0,0.0025308477999999987,0.15850471
85270,4150029,0.13,0.13,14.06,100.0,0.002529947799999999,0.15849971
85280,4150525,0.13,0.13,14.26,100.0,0.0025290549999999997,0.15849475
85290,4151025,0.12,0.12,14.54,100.0,0.002528155,0.15848974999999998
85300,4151525,0.13,0.13,14.09,100.0,0.002527255,0.15848475
85310,4152009,0.11,0.11,14.28,100.0,0.0025263837999999995,0.15847991
85320,4152509,0.12,0.12,13.81,100.0,0.0025254837999999996,0.15847491
85330,4153009,0.16,0.16,14.29,100.0,0.0025245838,0.15846991
85340,4153509,0.2,0.2,14.46,100.0,0.002523683799999999,0.15846491
85350,4153987,0.19,0.19,14.74,100.0,0.002522823399999999,0.15846013
85360,4154467,0.2,0.2,15.06,100.0,0.002521959399999999,0.15845533
85370,4154956,0.2,0.2,15.39,100.0,0.002521079199999999,0.15845044
85380,4155441,0.2,0.2,15.38,100.0,0.002520206199999999,0.15844559
85390,4155932,0.2,0.2,14.98,100.0,0.0025193223999999993,0.15844068
85400,4156432,0.2,0.2,14.98,100.0,0.0025184223999999995,0.15843568
85410,4156932,0.2,0.2,15.33,100.0,0.0025175223999999996,0.15843068
85420,4157429,0.2,0.2,14.95,100.0,0.002516627799999999,0.15842571
85430,4157929,0.17,0.17,14.92,100.0,0.002515727799999999,0.15842071
85440,4158429,0.15,0.15,14.84,100.0,0.0025148277999999993,0.15841571
85450,4158920,0.16,0.16,14.47,100.0,0.0025139439999999997,0.1584108
85460,4159420,0.15,0.15,14.55,100.0,0.002513044,0.15840579999999999
85470,4159916,0.19,0.19,15.23,100.0,0.002512151199999999,0.15840084
85480,4160416,0.2,0.2,15.42,100.0,0.002511251199999999,0.15839584
85490,4160898,0.22,0.22,14.96,100.0,0.002510383599999999,0.15839102
85500,4161386,0.23,0.23,14.57,100.0,0.0025095051999999987,0.15838614
85510,4161886,0.25,0.25,14.87,100.0,0.002508605199999999,0.15838114
85520,4162376,0.25,0.25,14.6,100.0,0.0025077232,0.15837624
85530,4162876,0.26,0.26,14.46,100.0,0.0025068232,0.15837124
85540,4163368,0.25,0.25,14.78,100.0,0.002505937599999999,0.15836632
85550,4163868,0.28,0.28,14.39,100.0,0.0025050375999999992,0.15836132
85560,4164368,0.28,0.28,14.4,100.0,0.0025041375999999994,0.15835632
85570,4164868,0.23,0.23,14.38,100.0,0.0025032375999999995,0.15835132
85580,4165368,0.24,0.24,14.52,100.0,0.0025023375999999996,0.15834631999999998
85590,4165868,0.24,0.24,14.98,100.0,0.0025014376,0.15834132
85600,4166368,0.26,0.26,15.14,100.0,0.0025005376,0.15833632
85610,4166868,0.26,0.26,15.66,100.0,0.002499637599999999,0.15833132
85620,4167368,0.26,0.26,15.6,100.0,0.0024987375999999993,0.15832632
85630,4167868,0.25,0.25,15.62,100.0,0.0024978375999999995,0.15832132
85640,4168368,0.26,0.26,15.91,100.0,0.0024969375999999996,0.15831632
85650,4168868,0.24,0.24,15.98,100.0,0.002496037599999999,0.15831132
85660,4169368,0.24,0.24,15.94,100.0,0.002495137599999999,0.15830632
85670,4169868,0.23,0.23,15.94,100.0,0.002494237599999999,0.15830132
85680,4170368,0.23,0.23,16.15,100.0,0.0024933375999999993,0.15829632
85690,4170847,0.19,0.19,16.15,100.0,0.0024924754,0.15829153
85700,4171347,0.16,0.16,16.06,100.0,0.0024915753999999986,0.15828652999999998
85710,4171844,0.14,0.14,15.68,100.0,0.002490680799999999,0.15828156
85720,4172344,0.12,0.12,15.68,100.0,0.002489780799999999,0.15827656
85730,4172844,0.12,0.12,15.28,100.0,0.002488880799999999,0.15827156
85740,4173330,0.11,0.11,15.26,100.0,0.002488005999999999,0.15826669999999998
85750,4173830,0.09,0.09,15.57,100.0,0.0024871059999999993,0.1582617
85760,4174330,0.08,0.08,15.57,100.0,0.0024862059999999995,0.1582567
85770,4174830,0.1,0.1,15.65,100.0,0.0024853059999999996,0.1582517
85780,4175330,0.09,0.09,15.72,100.0,0.0024844059999999998,0.1582467
85790,4175813,0.09,0.09,15.72,100.0,0.0024835366,0.15824187
85800,4176313,0.09,0.09,15.36,100.0,0.002482636599999999,0.15823687
85810,4176813,0.1,0.1,15.16,100.0,0.0024817365999999993,0.15823187
85820,4177313,0.11,0.11,15.62,100.0,0.0024808365999999986,0.15822687
85830,4177813,0.11,0.11,15.55,100.0,0.0024799365999999988,0.15822187
85840,4178313,0.13,0.13,15.62,100.0,0.002479036599999999,0.15821687
85850,4178813,0.14,0.14,15.36,100.0,0.002478136599999999,0.15821187
85860,4179306,0.16,0.16,15.07,100.0,0.0024772492,0.15820694
85870,4179806,0.17,0.17,15.65,100.0,0.0024763491999999993,0.15820193999999999
85880,4180306,0.19,0.19,15.53,100.0,0.0024754491999999994,0.15819694
85890,4180786,0.2,0.2,15.28,100.0,0.002474585199999999,0.15819213999999998
85900,4181286,0.22,0.22,15.47,100.0,0.002473685199999999,0.15818714
85910,4181783,0.24,0.24,15.18,100.0,0.0024727905999999992,0.15818217
85920,4182283,0.26,0.26,15.11,100.0,0.0024718905999999994,0.15817717
85930,4182779,0.26,0.26,15.4,100.0,0.0024709977999999994,0.15817221
85940,4183279,0.24,0.24,15.64,100.0,0.0024700977999999995,0.15816721
85950,4183779,0.23,0.23,15.31,100.0,0.0024691977999999988,0.15816221
85960,4184272,0.21,0.21,15.31,100.0,0.0024683103999999997,0.15815728
85970,4184772,0.2,0.2,15.42,100.0,0.002467410399999999,0.15815228
85980,4185272,0.19,0.19,16.1,100.0,0.002466510399999999,0.15814728
85990,4185761,0.19,0.19,16.06,100.0,0.002465630199999999,0.15814239
86000,4186257,0.17,0.17,16.41,100.0,0.002464737399999999,0.15813743
86010,4186745,0.14,0.14,16.3,100.0,0.0024638589999999997,0.15813254999999998
86020,4187245,0.14,0.14,15.64,100.0,0.002462958999999999,0.15812755
86030,4187741,0.14,0.14,15.65,100.0,0.0024620662,0.15812259
86040,4188234,0.13,0.13,15.65,100.0,0.002461178799999999,0.15811766
86050,4188731,0.14,0.14,16.07,100.0,0.0024602841999999993,0.15811269
86060,4189231,0.16,0.16,15.8,100.0,0.0024593841999999994,0.15810769
86070,4189731,0.16,0.16,15.98,100.0,0.0024584841999999996,0.15810269
86080,4190231,0.15,0.15,16.29,100.0,0.0024575841999999997,0.15809769
86090,4190731,0.18,0.18,16.07,100.0,0.0024566842,0.15809269
86100,4191222,0.18,0.18,16.07,100.0,0.0024558003999999994,0.15808778
86110,4191722,0.19,0.19,16.26,100.0,0.0024549003999999996,0.15808278
86120,4192222,0.16,0.16,16.26,100.0,0.0024540003999999997,0.15807778
86130,4192721,0.16,0.16,16.24,100.0,0.0024531021999999996,0.15807279
86140,4193221,0.16,0.16,16.24,100.0,0.0024522021999999997,0.15806778999999999
86150,4193700,0.15,0.15,16.06,100.0,0.002451339999999999,0.158063
86160,4194173,0.13,0.13,16.06,100.0,0.002450488599999999,0.15805827
86170,4194656,0.13,0.13,15.6,100.0,0.0024496191999999993,0.15805344
86180,4195156,0.11,0.11,15.6,100.0,0.0024487191999999994,0.15804844
86190,4195656,0.09,0.09,15.73,100.0,0.0024478191999999996,0.15804344
86200,4196124,0.08,0.08,15.73,100.0,0.0024469767999999994,0.15803876
86210,4196604,0.07,0.07,15.96,100.0,0.0024461127999999997,0.15803396
86220,4197091,0.1,0.1,16.19,100.0,0.002445236199999999,0.15802908999999998
86230,4197571,0.1,0.1,16.1,100.0,0.0024443721999999994,0.15802429
86240,4198060,0.14,0.14,16.48,100.0,0.0024434919999999994,0.1580194
86250,4198556,0.14,0.14,16.83,100.0,0.0024425991999999994,0.15801444
86260,4199056,0.16,0.16,16.5,100.0,0.0024416991999999995,0.15800944
86270,4199556,0.15,0.15,16.46,100.0,0.0024407991999999996,0.15800444
86280,4200056,0.16,0.16,16.44,100.0,0.0024398991999999998,0.15799944
86290,4200556,0.17,0.17,15.96,100.0,0.0024389992,0.15799444
86300,4201038,0.18,0.18,15.99,100.0,0.002438131599999999,0.15798962
86310,4201538,0.2,0.2,16.56,100.0,0.002437231599999999,0.15798462
86320,4202026,0.18,0.18,16.43,100.0,0.0024363531999999997,0.15797974
86330,4202526,0.2,0.2,16.5,100.0,0.0024354532,0.15797474
86340,4203026,0.16,0.16,16.5,100.0,0.002434553199999999,0.15796974
86350,4203526,0.16,0.16,16.31,100.0,0.0024336531999999992,0.15796474
86360,4204026,0.15,0.15,16.73,100.0,0.0024327531999999994,0.15795974
86370,4204526,0.15,0.15,16.7,100.0,0.0024318531999999995,0.15795473999999998
86380,4205026,0.16,0.16,16.67,100.0,0.0024309531999999997,0.15794974
86390,4205526,0.16,0.16,17.08,100.0,0.002430053199999999,0.15794474
86400,4206023,0.19,0.19,16.8,100.0,0.002429158599999999,0.15793977
86410,4206523,0.17,0.17,16.78,100.0,0.0024282585999999993,0.15793477
86420,4207018,0.17,0.17,16.91,100.0,0.002427367599999999,0.15792982
86430,4207518,0.14,0.14,16.91,100.0,0.002426467599999999,0.15792482
86440,4208018,0.18,0.18,16.09,100.0,0.0024255675999999993,0.15791982
86450,4208510,0.19,0.19,15.85,100.0,0.002424682,0.1579149
86460,4209009,0.18,0.18,15.85,100.0,0.002423783799999999,0.15790991
86470,4209493,0.2,0.2,15.98,100.0,0.0024229125999999986,0.15790506999999998
86480,4209993,0.21,0.21,15.08,100.0,0.0024220125999999988,0.15790007
86490,4210493,0.2,0.2,15.28,100.0,0.002421112599999999,0.15789507
86500,4210993,0.18,0.18,15.31,100.0,0.002420212599999999,0.15789007
86510,4211471,0.18,0.18,15.25,100.0,0.0024193521999999997,0.15788529
86520,4211953,0.2,0.2,15.0,100.0,0.0024184845999999996,0.15788047
86530,4212445,0.21,0.21,15.02,100.0,0.0024175989999999986,0.15787555
86540,4212929,0.2,0.2,14.8,100.0,0.002416727799999999,0.15787071
86550,4213425,0.19,0.19,14.82,100.0,0.002415834999999999,0.15786575
86560,4213925,0.2,0.2,15.12,100.0,0.002414934999999999,0.15786075
86570,4214423,0.19,0.19,15.49,100.0,0.0024140385999999996,0.15785577
86580,4214923,0.16,0.16,15.49,100.0,0.0024131385999999998,0.15785077
86590,4215410,0.18,0.18,15.35,100.0,0.0024122619999999992,0.15784589999999998
86600,4215891,0.18,0.18,14.98,100.0,0.0024113961999999997,0.15784109
86610,4216391,0.2,0.2,15.37,100.0,0.0024104962,0.15783608999999998
86620,4216891,0.18,0.18,15.08,100.0,0.0024095962,0.15783109
86630,4217375,0.18,0.18,15.06,100.0,0.0024087249999999996,0.15782625
86640,4217873,0.16,0.16,14.94,100.0,0.0024078286,0.15782127
86650,4218373,0.19,0.19,15.54,100.0,0.0024069285999999985,0.15781626999999998
86660,4218873,0.19,0.19,15.43,100.0,0.0024060285999999986,0.15781127
86670,4219358,0.18,0.18,15.57,100.0,0.0024051555999999984,0.15780642
86680,4219845,0.18,0.18,15.57,100.0,0.0024042789999999996,0.15780155
86690,4220317,0.15,0.15,15.57,100.0,0.0024034293999999987,0.15779683
86700,4220817,0.13,0.13,15.57,100.0,0.002402529399999999,0.15779183
86710,4221306,0.1,0.1,15.57,100.0,0.002401649199999999,0.15778694
86720,4221794,0.13,0.13,15.41,100.0,0.0024007707999999994,0.15778206
86730,4222294,0.14,0.14,15.12,100.0,0.0023998707999999995,0.15777706
86740,4222794,0.15,0.15,15.48,100.0,0.002398970799999999,0.15777206
86750,4223272,0.13,0.13,15.59,100.0,0.0023981103999999994,0.15776728
86760,4223748,0.16,0.16,15.55,100.0,0.0023972535999999996,0.15776252
86770,4224244,0.15,0.15,15.55,100.0,0.0023963607999999996,0.15775756
86780,4224744,0.17,0.17,15.52,100.0,0.002395460799999999,0.15775256
86790,4225244,0.16,0.16,15.52,100.0,0.002394560799999999,0.15774756
86800,4225741,0.18,0.18,15.37,100.0,0.0023936661999999992,0.15774259
86810,4226241,0.2,0.2,14.87,100.0,0.0023927661999999994,0.15773758999999998
86820,4226741,0.17,0.17,14.89,100.0,0.0023918661999999995,0.15773259
86830,4227230,0.16,0.16,15.32,100.0,0.0023909859999999995,0.1577277
86840,4227730,0.14,0.14,15.32,100.0,0.0023900859999999987,0.1577227
86850,4228230,0.15,0.15,14.93,100.0,0.002389185999999999,0.1577177
86860,4228730,0.12,0.12,15.04,100.0,0.002388285999999999,0.15771269999999998
86870,4229230,0.13,0.13,15.08,100.0,0.002387385999999999,0.1577077
86880,4229696,0.15,0.15,14.8,100.0,0.0023865471999999993,0.15770304
86890,4230184,0.16,0.16,14.82,100.0,0.002385668799999999,0.15769816
86900,4230684,0.18,0.18,14.6,100.0,0.002384768799999999,0.15769316
86910,4231184,0.18,0.18,14.16,100.0,0.0023838687999999993,0.15768816
86920,4231679,0.18,0.18,14.21,100.0,0.0023829778,0.15768321
86930,4232179,0.2,0.2,14.12,100.0,0.0023820778,0.15767820999999999
86940,4232660,0.22,0.22,14.23,100.0,0.0023812119999999997,0.1576734
86950,4233149,0.22,0.22,13.87,100.0,0.0023803317999999997,0.15766850999999998
86960,4233649,0.21,0.21,13.87,100.0,0.0023794318,0.15766351
86970,4234143,0.23,0.23,13.76,100.0,0.0023785425999999993,0.15765857
86980,4234624,0.2,0.2,13.59,100.0,0.002377676799999999,0.15765376
86990,4235124,0.2,0.2,13.59,100.0,0.002376776799999999,0.15764876
87000,4235624,0.2,0.2,13.64,100.0,0.0023758767999999993,0.15764376
87010,4236117,0.2,0.2,13.54,100.0,0.0023749893999999994,0.15763883
87020,4236617,0.2,0.2,13.83,100.0,0.0023740893999999995,0.15763383
87030,4237104,0.19,0.19,13.84,100.0,0.0023732128,0.15762895999999998
87040,4237586,0.19,0.19,14.19,100.0,0.0023723451999999997,0.15762414
87050,4238062,0.17,0.17,14.16,100.0,0.002371488399999999,0.15761938
87060,4238562,0.2,0.2,14.19,100.0,0.002370588399999999,0.15761438
87070,4239060,0.2,0.2,14.89,100.0,0.0023696919999999996,0.1576094
87080,4239543,0.21,0.21,14.61,100.0,0.002368822599999999,0.15760457
87090,4240043,0.2,0.2,14.61,100.0,0.002367922599999999,0.15759957
87100,4240543,0.18,0.18,14.74,100.0,0.002367022599999999,0.15759457
87110,4241041,0.17,0.17,14.8,100.0,0.0023661261999999997,0.15758959
87120,4241541,0.19,0.19,14.9,100.0,0.0023652262,0.15758459
87130,4242017,0.18,0.18,14.88,100.0,0.002364369399999999,0.15757983
87140,4242512,0.17,0.17,14.87,100.0,0.0023634783999999997,0.15757488
87150,4243012,0.18,0.18,15.45,100.0,0.0023625784,0.15756988
87160,4243512,0.17,0.17,15.25,100.0,0.0023616784,0.15756488
87170,4244012,0.14,0.14,15.25,100.0,0.0023607783999999993,0.15755987999999999
87180,4244472,0.14,0.14,14.44,100.0,0.002359950399999999,0.15755528
87190,4244972,0.14,0.14,14.44,100.0,0.002359050399999999,0.15755028
87200,4245472,0.13,0.13,14.47,100.0,0.002358150399999999,0.15754528
87210,4245968,0.12,0.12,14.47,100.0,0.002357257599999999,0.15754032
87220,4246468,0.09,0.09,14.47,100.0,0.0023563575999999992,0.15753532
87230,4246957,0.1,0.1,14.31,100.0,0.002355477399999999,0.15753043
87240,4247457,0.12,0.12,14.62,100.0,0.0023545773999999993,0.15752543
87250,4247957,0.11,0.11,14.19,100.0,0.0023536773999999995,0.15752043
87260,4248444,0.11,0.11,14.05,100.0,0.002352800799999999,0.15751556
87270,4248940,0.11,0.11,14.05,100.0,0.0023519079999999998,0.1575106
87280,4249423,0.11,0.11,14.24,100.0,0.002351038599999999,0.15750577
87290,4249923,0.13,0.13,14.17,100.0,0.0023501385999999992,0.15750077
87300,4250423,0.13,0.13,13.86,100.0,0.0023492385999999994,0.15749577
87310,4250919,0.15,0.15,13.84,100.0,0.0023483457999999985,0.15749080999999998
87320,4251419,0.19,0.19,13.84,100.0,0.0023474457999999986,0.15748581
87330,4251911,0.19,0.19,13.9,100.0,0.0023465601999999993,0.15748088999999998
87340,4252401,0.18,0.18,14.06,100.0,0.0023456781999999995,0.15747599
87350,4252891,0.19,0.19,13.73,100.0,0.0023447961999999998,0.15747109
87360,4253391,0.2,0.2,14.32,100.0,0.002343896199999999,0.15746609
87370,4253891,0.24,0.24,14.95,100.0,0.002342996199999999,0.15746109
87380,4254352,0.22,0.22,14.95,100.0,0.002342166399999999,0.15745648
87390,4254852,0.21,0.21,14.93,100.0,0.002341266399999999,0.15745148
87400,4255349,0.22,0.22,15.3,100.0,0.0023403717999999993,0.15744650999999998
87410,4255849,0.22,0.22,15.57,100.0,0.0023394717999999995,0.15744151
87420,4256330,0.2,0.2,15.3,100.0,0.002338606,0.15743669999999998
87430,4256830,0.19,0.19,15.25,100.0,0.0023377059999999993,0.1574317
87440,4257318,0.19,0.19,14.82,100.0,0.0023368276,0.15742682
87450,4257804,0.19,0.19,14.8,100.0,0.002335952799999999,0.15742196
87460,4258269,0.18,0.18,15.09,100.0,0.002335115799999999,0.15741731
87470,4258761,0.14,0.14,15.09,100.0,0.0023342301999999997,0.15741239
87480,4259261,0.16,0.16,15.16,100.0,0.0023333302,0.15740739
87490,4259759,0.16,0.16,15.27,100.0,0.0023324337999999986,0.15740241
87500,4260259,0.14,0.14,15.27,100.0,0.0023315337999999988,0.15739741
87510,4260759,0.12,0.12,15.27,100.0,0.002330633799999999,0.15739240999999998
87520,4261241,0.12,0.12,15.31,100.0,0.002329766199999999,0.15738759
87530,4261723,0.14,0.14,15.56,100.0,0.0023288985999999996,0.15738277
87540,4262208,0.15,0.15,15.83,100.0,0.0023280255999999994,0.15737792
87550,4262695,0.14,0.14,16.21,100.0,0.002327148999999999,0.15737305
87560,4263195,0.13,0.13,15.99,100.0,0.002326248999999999,0.15736804999999998
87570,4263673,0.15,0.15,15.88,100.0,0.0023253885999999996,0.15736327
87580,4264173,0.15,0.15,15.86,100.0,0.002324488599999999,0.15735827
87590,4264667,0.15,0.15,16.09,100.0,0.0023235994,0.15735333
87600,4265137,0.16,0.16,16.06,100.0,0.0023227533999999996,0.15734863
87610,4265637,0.17,0.17,16.01,100.0,0.0023218533999999997,0.15734363
87620,4266137,0.16,0.16,15.58,100.0,0.0023209534,0.15733863
87630,4266636,0.14,0.14,15.76,100.0,0.0023200551999999998,0.15733364
87640,4267136,0.14,0.14,16.23,100.0,0.002319155199999999,0.15732864
87650,4267636,0.14,0.14,16.39,100.0,0.002318255199999999,0.15732364
87660,4268136,0.18,0.18,16.91,100.0,0.0023173551999999993,0.15731864
87670,4268636,0.18,0.18,16.64,100.0,0.0023164551999999995,0.15731364
87680,4269136,0.16,0.16,16.64,100.0,0.0023155551999999996,0.15730864
87690,4269636,0.2,0.2,16.57,100.0,0.0023146551999999997,0.15730364
87700,4270136,0.21,0.21,16.77,100.0,0.002313755199999999,0.15729864
87710,4270629,0.2,0.2,16.77,100.0,0.002312867799999999,0.15729371
87720,4271129,0.2,0.2,16.69,100.0,0.0023119677999999992,0.15728871
87730,4271617,0.21,0.21,17.0,100.0,0.0023110894,0.15728383
87740,4272117,0.2,0.2,17.02,100.0,0.002310189399999999,0.15727882999999998
87750,4272605,0.22,0.22,17.31,100.0,0.0023093109999999997,0.15727395
87760,4273105,0.2,0.2,17.52,100.0,0.002308411,0.15726895
87770,4273605,0.22,0.22,17.35,100.0,0.002307511,0.15726394999999999
87780,4274099,0.23,0.23,17.45,100.0,0.0023066217999999994,0.15725901
87790,4274595,0.19,0.19,17.39,100.0,0.0023057289999999994,0.15725405
87800,4275095,0.18,0.18,17.48,100.0,0.0023048289999999996,0.15724905
87810,4275595,0.19,0.19,17.45,100.0,0.0023039289999999997,0.15724405
87820,4276066,0.2,0.2,17.37,100.0,0.0023030811999999994,0.15723934
87830,4276553,0.19,0.19,17.07,100.0,0.002302204599999999,0.15723447
87840,4277051,0.19,0.19,17.1,100.0,0.0023013081999999994,0.15722949
87850,4277547,0.17,0.17,17.29,100.0,0.0023004153999999994,0.15722453
87860,4278047,0.18,0.18,17.1,100.0,0.0022995153999999995,0.15721953
87870,4278547,0.14,0.14,17.1,100.0,0.0022986153999999996,0.15721453
87880,4279047,0.15,0.15,17.52,100.0,0.002297715399999999,0.15720953
87890,4279534,0.19,0.19,17.5,100.0,0.0022968387999999992,0.15720466
87900,4280034,0.2,0.2,17.52,100.0,0.0022959387999999994,0.15719966
87910,4280526,0.21,0.21,17.16,100.0,0.0022950531999999992,0.15719474
87920,4281026,0.2,0.2,17.08,100.0,0.0022941531999999994,0.15718974
87930,4281526,0.22,0.22,16.81,100.0,0.0022932531999999995,0.15718474
87940,4282020,0.22,0.22,17.08,100.0,0.002292363999999999,0.15717979999999998
87950,4282520,0.24,0.24,16.67,100.0,0.002291463999999999,0.1571748
87960,4283020,0.2,0.2,16.67,100.0,0.0022905639999999993,0.1571698
87970,4283518,0.23,0.23,16.48,100.0,0.002289667599999999,0.15716481999999998
87980,4284015,0.23,0.23,16.0,100.0,0.002288772999999999,0.15715985
87990,4284508,0.2,0.2,15.73,100.0,0.0022878855999999993,0.15715492
88000,4285008,0.23,0.23,16.1,100.0,0.0022869855999999994,0.15714992
88010,4285491,0.24,0.24,16.16,100.0,0.0022861161999999987,0.15714509
88020,4285991,0.25,0.25,16.44,100.0,0.002285216199999999,0.15714009
88030,4286491,0.24,0.24,16.13,100.0,0.002284316199999999,0.15713509
88040,4286991,0.25,0.25,16.35,100.0,0.002283416199999999,0.15713009
88050,4287490,0.23,0.23,16.37,100.0,0.002282518,0.1571251
88060,4287990,0.23,0.23,16.37,100.0,0.002281617999999999,0.15712009999999998
88070,4288490,0.21,0.21,16.31,100.0,0.0022807179999999993,0.1571151
88080,4288972,0.22,0.22,15.99,100.0,0.0022798504,0.15711028
88090,4289467,0.2,0.2,15.99,100.0,0.002278959399999999,0.15710533
88100,4289961,0.18,0.18,15.62,100.0,0.0022780701999999993,0.15710039
88110,4290461,0.15,0.15,15.62,100.0,0.0022771701999999994,0.15709539
88120,4290949,0.14,0.14,15.65,100.0,0.002276291799999999,0.15709051
88130,4291443,0.15,0.15,15.75,100.0,0.0022754025999999995,0.15708557
88140,4291924,0.14,0.14,16.01,100.0,0.0022745368,0.15708075999999999
88150,4292415,0.15,0.15,16.17,100.0,0.0022736529999999996,0.15707585
88160,4292892,0.17,0.17,16.34,100.0,0.0022727944,0.15707108
88170,4293392,0.19,0.19,16.29,100.0,0.0022718944,0.15706608
88180,4293892,0.17,0.17,16.33,100.0,0.0022709943999999985,0.15706108
88190,4294392,0.2,0.2,16.43,100.0,0.0022700943999999987,0.15705608
88200,4294892,0.18,0.18,16.19,100.0,0.002269194399999999,0.15705108
88210,4295392,0.19,0.19,16.56,100.0,0.002268294399999999,0.15704608
88220,4295892,0.2,0.2,16.17,100.0,0.002267394399999999,0.15704108
88230,4296392,0.19,0.19,16.13,100.0,0.0022664943999999992,0.15703608
88240,4296884,0.18,0.18,16.11,100.0,0.002265608799999999,0.15703116
88250,4297376,0.16,0.16,16.11,100.0,0.002264723199999999,0.15702623999999998
88260,4297866,0.15,0.15,16.1,100.0,0.002263841199999999,0.15702134
88270,4298366,0.12,0.12,16.1,100.0,0.0022629411999999993,0.15701634
88280,4298866,0.11,0.11,16.1,100.0,0.0022620411999999994,0.15701134
88290,4299341,0.1,0.1,16.02,100.0,0.0022611861999999993,0.15700659
88300,4299841,0.14,0.14,15.75,100.0,0.0022602861999999994,0.15700159
88310,4300339,0.14,0.14,15.71,100.0,0.002259389799999999,0.15699660999999998
88320,4300839,0.15,0.15,15.6,100.0,0.002258489799999999,0.15699161
88330,4301339,0.13,0.13,15.6,100.0,0.0022575897999999994,0.15698661
88340,4301823,0.14,0.14,15.3,100.0,0.002256718599999999,0.15698177
88350,4302315,0.15,0.15,15.25,100.0,0.0022558329999999996,0.15697685
88360,4302815,0.16,0.16,15.39,100.0,0.0022549329999999998,0.15697185
88370,4303261,0.17,0.17,15.41,100.0,0.0022541301999999992,0.15696738999999998
88380,4303761,0.18,0.18,15.73,100.0,0.0022532301999999994,0.15696239
88390,4304249,0.16,0.16,15.73,100.0,0.002252351799999999,0.15695751
88400,4304708,0.13,0.13,15.43,100.0,0.0022515255999999992,0.15695292
88410,4305208,0.12,0.12,15.43,100.0,0.0022506255999999994,0.15694792
88420,4305707,0.11,0.11,15.64,100.0,0.0022497274,0.15694293
88430,4306207,0.12,0.12,15.56,100.0,0.0022488273999999985,0.15693793
88440,4306707,0.11,0.11,15.66,100.0,0.0022479273999999987,0.15693293
88450,4307207,0.11,0.11,16.08,100.0,0.002247027399999999,0.15692793
88460,4307707,0.1,0.1,16.35,100.0,0.002246127399999999,0.15692293
88470,4308207,0.11,0.11,15.99,100.0,0.002245227399999999,0.15691792999999998
88480,4308707,0.13,0.13,16.27,100.0,0.0022443273999999992,0.15691293
88490,4309207,0.16,0.16,16.04,100.0,0.0022434273999999994,0.15690793
88500,4309707,0.15,0.15,16.24,100.0,0.0022425273999999995,0.15690293
88510,4310190,0.17,0.17,16.28,100.0,0.0022416579999999997,0.15689809999999998
88520,4310690,0.17,0.17,16.1,100.0,0.002240758,0.1568931
88530,4311185,0.17,0.17,16.49,100.0,0.0022398669999999987,0.15688815
88540,4311683,0.18,0.18,16.45,100.0,0.002238970599999999,0.15688317
88550,4312183,0.18,0.18,16.67,100.0,0.0022380705999999993,0.15687816999999998
88560,4312683,0.17,0.17,16.67,100.0,0.0022371705999999995,0.15687317
88570,4313183,0.16,0.16,16.72,100.0,0.0022362705999999996,0.15686817
88580,4313668,0.14,0.14,16.59,100.0,0.0022353975999999994,0.15686332
88590,4314163,0.14,0.14,16.96,100.0,0.0022345066,0.15685837
88600,4314660,0.15,0.15,16.65,100.0,0.0022336119999999994,0.1568534
88610,4315160,0.13,0.13,16.65,100.0,0.0022327119999999987,0.1568484
88620,4315642,0.11,0.11,16.65,100.0,0.0022318443999999995,0.15684357999999998
88630,4316113,0.13,0.13,16.26,100.0,0.0022309966,0.15683887
88640,4316593,0.13,0.13,16.13,100.0,0.0022301325999999986,0.15683407
88650,4317093,0.14,0.14,16.49,100.0,0.0022292325999999987,0.15682907
88660,4317593,0.15,0.15,16.51,100.0,0.002228332599999999,0.15682406999999998
88670,4318093,0.16,0.16,16.73,100.0,0.002227432599999999,0.15681907
88680,4318573,0.15,0.15,16.73,100.0,0.0022265685999999993,0.15681427
88690,4319042,0.14,0.14,16.97,100.0,0.0022257243999999994,0.15680958
88700,4319542,0.17,0.17,16.46,100.0,0.0022248243999999995,0.15680458
88710,4320042,0.2,0.2,16.67,100.0,0.002223924399999999,0.15679958
88720,4320542,0.23,0.23,16.93,100.0,0.002223024399999999,0.15679458
88730,4321018,0.21,0.21,16.85,100.0,0.0022221676,0.15678982
88740,4321518,0.19,0.19,16.85,100.0,0.0022212676,0.15678482
88750,4322012,0.19,0.19,16.77,100.0,0.0022203783999999996,0.15677987999999998
88760,4322512,0.18,0.18,16.77,100.0,0.0022194783999999997,0.15677488
88770,4323012,0.16,0.16,16.77,100.0,0.002218578399999999,0.15676988
88780,4323512,0.19,0.19,17.44,100.0,0.002217678399999999,0.15676488
88790,4324012,0.19,0.19,17.41,100.0,0.0022167783999999992,0.15675988
88800,4324512,0.16,0.16,17.43,100.0,0.0022158783999999994,0.15675487999999999
88810,4325012,0.2,0.2,17.8,100.0,0.0022149783999999995,0.15674988
88820,4325512,0.18,0.18,17.69,100.0,0.002214078399999999,0.15674488
88830,4325999,0.19,0.19,17.81,100.0,0.0022132018,0.15674000999999999
88840,4326499,0.2,0.2,17.47,100.0,0.0022123018,0.15673501
88850,4326999,0.19,0.19,17.54,100.0,0.0022114017999999985,0.15673001
88860,4327497,0.21,0.21,17.59,100.0,0.002210505399999999,0.15672503
88870,4327997,0.26,0.26,17.16,100.0,0.002209605399999999,0.15672003
88880,4328497,0.23,0.23,17.16,100.0,0.0022087053999999993,0.15671503
88890,4328979,0.22,0.22,17.39,100.0,0.0022078377999999992,0.15671021
88900,4329474,0.22,0.22,17.64,100.0,0.0022069468,0.15670526
88910,4329960,0.16,0.16,18.05,100.0,0.002206071999999999,0.1567004
88920,4330460,0.19,0.19,18.55,100.0,0.002205171999999999,0.15669539999999998
88930,4330960,0.21,0.21,17.78,100.0,0.0022042719999999993,0.1566904
88940,4331455,0.21,0.21,18.21,100.0,0.002203380999999999,0.15668545
88950,4331942,0.2,0.2,18.21,100.0,0.0022025043999999994,0.15668058
88960,4332442,0.18,0.18,18.21,100.0,0.0022016043999999986,0.15667557999999998
88970,4332942,0.16,0.16,18.19,100.0,0.0022007043999999988,0.15667058
88980,4333442,0.17,0.17,18.17,100.0,0.002199804399999999,0.15666558
88990,4333942,0.16,0.16,18.17,100.0,0.002198904399999999,0.15666058
89000,4334422,0.15,0.15,17.81,100.0,0.0021980403999999993,0.15665578
89010,4334922,0.17,0.17,17.57,100.0,0.0021971403999999995,0.15665078
89020,4335414,0.17,0.17,18.0,100.0,0.0021962547999999993,0.15664586
89030,4335914,0.14,0.14,18.27,100.0,0.0021953547999999986,0.15664086
89040,4336402,0.14,0.14,17.83,100.0,0.0021944764,0.15663598
89050,4336902,0.14,0.14,17.83,100.0,0.0021935763999999984,0.15663098
89060,4337402,0.14,0.14,17.83,100.0,0.0021926763999999986,0.15662598
89070,4337898,0.13,0.13,17.91,100.0,0.0021917835999999994,0.15662102
89080,4338398,0.18,0.18,18.01,100.0,0.0021908835999999996,0.15661602
89090,4338880,0.19,0.19,17.97,100.0,0.0021900159999999995,0.1566112
89100,4339380,0.19,0.19,18.13,100.0,0.0021891159999999996,0.1566062
89110,4339879,0.22,0.22,17.97,100.0,0.0021882177999999995,0.15660121
89120,4340373,0.19,0.19,18.3,100.0,0.0021873286,0.15659626999999998
89130,4340873,0.2,0.2,18.02,100.0,0.0021864285999999983,0.15659127
89140,4341355,0.21,0.21,18.34,100.0,0.002185560999999999,0.15658645
89150,4341834,0.23,0.23,18.33,100.0,0.002184698799999999,0.15658166
89160,4342325,0.23,0.23,18.33,100.0,0.0021838149999999987,0.15657675
89170,4342825,0.24,0.24,19.03,100.0,0.002182914999999999,0.15657175
89180,4343315,0.2,0.2,19.65,100.0,0.002182033,0.15656685
89190,4343815,0.21,0.21,20.17,100.0,0.002181133,0.15656185
89200,4344315,0.24,0.24,19.95,100.0,0.0021802329999999984,0.15655685
89210,4344804,0.19,0.19,19.93,100.0,0.0021793527999999993,0.15655196
89220,4345304,0.18,0.18,19.93,100.0,0.0021784527999999994,0.15654696
89230,4345804,0.18,0.18,19.87,100.0,0.0021775527999999995,0.15654196
89240,4346304,0.17,0.17,19.95,100.0,0.0021766527999999997,0.15653696
89250,4346795,0.17,0.17,19.93,100.0,0.0021757689999999993,0.15653205
89260,4347295,0.19,0.19,19.93,100.0,0.0021748689999999994,0.15652705
89270,4347795,0.18,0.18,19.77,100.0,0.0021739689999999996,0.15652205
89280,4348291,0.18,0.18,19.85,100.0,0.0021730761999999987,0.15651709
89290,4348791,0.17,0.17,20.2,100.0,0.002172176199999999,0.15651209
89300,4349276,0.16,0.16,20.06,100.0,0.0021713031999999986,0.15650724
89310,4349776,0.17,0.17,20.28,100.0,0.0021704031999999988,0.15650224
89320,4350258,0.18,0.18,19.91,100.0,0.0021695355999999996,0.15649742
89330,4350758,0.18,0.18,19.79,100.0,0.0021686355999999997,0.15649242
89340,4351251,0.2,0.2,19.48,100.0,0.0021677482,0.15648749
89350,4351751,0.19,0.19,19.49,100.0,0.0021668482,0.15648249
89360,4352251,0.17,0.17,19.49,100.0,0.0021659482,0.15647749
89370,4352751,0.16,0.16,19.37,100.0,0.0021650481999999985,0.15647249
89380,4353251,0.14,0.14,19.37,100.0,0.0021641481999999986,0.15646749
89390,4353751,0.14,0.14,19.29,100.0,0.0021632481999999988,0.15646249
89400,4354251,0.11,0.11,19.29,100.0,0.002162348199999999,0.15645749
89410,4354751,0.11,0.11,19.36,100.0,0.002161448199999999,0.15645249
89420,4355251,0.12,0.12,19.54,100.0,0.002160548199999999,0.15644749
89430,4355732,0.11,0.11,19.3,100.0,0.0021596823999999997,0.15644268
89440,4356228,0.1,0.1,19.3,100.0,0.0021587896000000006,0.15643772
89450,4356728,0.1,0.1,19.01,100.0,0.002157889599999999,0.15643272
89460,4357228,0.1,0.1,19.01,100.0,0.002156989599999999,0.15642772
89470,4357726,0.1,0.1,18.98,100.0,0.0021560931999999988,0.15642274
89480,4358226,0.1,0.1,18.98,100.0,0.002155193199999999,0.15641774
89490,4358726,0.1,0.1,18.92,100.0,0.002154293199999999,0.15641274
89500,4359226,0.14,0.14,19.03,100.0,0.002153393199999999,0.15640774
89510,4359726,0.16,0.16,19.11,100.0,0.0021524931999999993,0.15640273999999998
89520,4360226,0.15,0.15,18.91,100.0,0.0021515931999999995,0.15639774
89530,4360721,0.16,0.16,18.89,100.0,0.0021507021999999983,0.15639279
89540,4361221,0.14,0.14,18.89,100.0,0.0021498021999999985,0.15638779
89550,4361721,0.19,0.19,18.16,100.0,0.0021489021999999986,0.15638279
89560,4362221,0.22,0.22,18.06,100.0,0.0021480021999999988,0.15637779
89570,4362721,0.23,0.23,17.64,100.0,0.002147102199999999,0.15637278999999998
89580,4363221,0.25,0.25,17.53,100.0,0.002146202199999999,0.15636779
89590,4363721,0.26,0.26,17.6,100.0,0.002145302199999999,0.15636279
89600,4364221,0.24,0.24,18.1,100.0,0.0021444021999999993,0.15635779
89610,4364711,0.23,0.23,18.33,100.0,0.0021435201999999987,0.15635289
89620,4365209,0.22,0.22,18.33,100.0,0.0021426238,0.15634791
89630,4365709,0.2,0.2,18.33,100.0,0.0021417238,0.15634291
89640,4366184,0.21,0.21,18.23,100.0,0.002140868799999999,0.15633816
89650,4366684,0.15,0.15,18.23,100.0,0.0021399687999999993,0.15633316
89660,4367184,0.15,0.15,17.96,100.0,0.0021390687999999995,0.15632816
89670,4367680,0.16,0.16,18.37,100.0,0.0021381760000000003,0.1563232
89680,4368164,0.18,0.18,18.02,100.0,0.0021373048,0.15631836
89690,4368647,0.18,0.18,18.23,100.0,0.002136435399999999,0.15631353
89700,4369131,0.18,0.18,17.93,100.0,0.0021355641999999987,0.15630869
89710,4369631,0.16,0.16,17.7,100.0,0.002134664199999999,0.15630369
89720,4370131,0.2,0.2,18.07,100.0,0.002133764199999999,0.15629869
89730,4370631,0.2,0.2,18.07,100.0,0.002132864199999999,0.15629368999999999
89740,4371124,0.2,0.2,18.19,100.0,0.0021319767999999992,0.15628876
89750,4371611,0.23,0.23,18.84,100.0,0.0021311001999999996,0.15628388999999998
89760,4372111,0.22,0.22,19.22,100.0,0.0021302001999999997,0.15627889
89770,4372611,0.2,0.2,18.92,100.0,0.0021293002,0.15627389
89780,4373099,0.18,0.18,18.77,100.0,0.0021284218000000004,0.15626900999999999
89790,4373599,0.17,0.17,18.72,100.0,0.002127521799999999,0.15626401
89800,4374099,0.19,0.19,17.5,100.0,0.002126621799999999,0.15625901
89810,4374599,0.2,0.2,17.57,100.0,0.002125721799999999,0.15625401
89820,4375099,0.19,0.19,17.29,100.0,0.0021248217999999992,0.15624901
89830,4375599,0.22,0.22,17.46,100.0,0.0021239217999999994,0.15624401
89840,4376099,0.21,0.21,17.46,100.0,0.0021230217999999995,0.15623901
89850,4376590,0.19,0.19,17.7,100.0,0.002122137999999999,0.1562341
89860,4377090,0.18,0.18,17.65,100.0,0.0021212379999999992,0.1562291
89870,4377590,0.18,0.18,17.72,100.0,0.0021203379999999994,0.1562241
89880,4378090,0.17,0.17,17.46,100.0,0.0021194379999999995,0.1562191
89890,4378590,0.17,0.17,17.47,100.0,0.0021185379999999997,0.1562141
89900,4379083,0.14,0.14,17.38,100.0,0.0021176505999999998,0.15620917
89910,4379583,0.12,0.12,17.38,100.0,0.002116750599999998,0.15620417
89920,4380083,0.1,0.1,17.35,100.0,0.0021158505999999983,0.15619917
89930,4380583,0.09,0.09,17.36,100.0,0.0021149505999999985,0.15619417
89940,4381083,0.11,0.11,17.15,100.0,0.0021140505999999986,0.15618917
89950,4381583,0.14,0.14,17.3,100.0,0.0021131505999999987,0.15618417
89960,4382083,0.13,0.13,17.3,100.0,0.002112250599999999,0.15617917
89970,4382579,0.13,0.13,17.43,100.0,0.0021113577999999997,0.15617421
89980,4383079,0.13,0.13,17.82,100.0,0.0021104578,0.15616921
89990,4383579,0.13,0.13,18.26,100.0,0.0021095577999999983,0.15616421
90000,4384077,0.12,0.12,18.26,100.0,0.0021086613999999997,0.15615922999999998
90010,4384574,0.14,0.14,18.29,100.0,0.002107766799999999,0.15615426
90020,4385074,0.13,0.13,18.29,100.0,0.002106866799999999,0.15614926
90030,4385574,0.11,0.11,18.29,100.0,0.0021059667999999993,0.15614426
90040,4386070,0.09,0.09,18.29,100.0,0.0021050739999999984,0.15613929999999998
90050,4386570,0.05,0.05,18.29,100.0,0.0021041739999999986,0.1561343
90060,4387070,0.08,0.08,18.14,100.0,0.0021032739999999987,0.1561293
90070,4387570,0.11,0.11,18.32,100.0,0.002102373999999999,0.1561243
90080,4388070,0.11,0.11,18.31,100.0,0.002101473999999999,0.1561193
90090,4388570,0.12,0.12,18.64,100.0,0.002100573999999999,0.15611429999999998
90100,4389056,0.13,0.13,18.87,100.0,0.002099699199999999,0.15610944
90110,4389556,0.12,0.12,18.51,100.0,0.0020987991999999994,0.15610444
90120,4390056,0.14,0.14,18.85,100.0,0.0020978991999999995,0.15609944
90130,4390553,0.16,0.16,18.56,100.0,0.002097004599999999,0.15609446999999999
90140,4391053,0.17,0.17,18.33,100.0,0.002096104599999999,0.15608947
90150,4391553,0.19,0.19,18.33,100.0,0.002095204599999999,0.15608447
90160,4392047,0.17,0.17,18.36,100.0,0.0020943153999999995,0.15607953
90170,4392547,0.17,0.17,19.28,100.0,0.0020934153999999996,0.15607453
90180,4393047,0.18,0.18,19.78,100.0,0.0020925154,0.15606953
90190,4393531,0.18,0.18,19.51,100.0,0.0020916441999999993,0.15606469
90200,4394027,0.17,0.17,19.51,100.0,0.0020907514,0.15605973
90210,4394488,0.16,0.16,19.51,100.0,0.002089921599999999,0.15605512
90220,4394988,0.18,0.18,19.61,100.0,0.0020890215999999993,0.15605012
90230,4395488,0.17,0.17,19.89,100.0,0.0020881215999999994,0.15604511999999998
90240,4395988,0.18,0.18,19.99,100.0,0.0020872215999999996,0.15604012
90250,4396488,0.18,0.18,19.95,100.0,0.0020863215999999997,0.15603512
90260,4396988,0.2,0.2,19.39,100.0,0.0020854216,0.15603012
90270,4397488,0.17,0.17,18.97,100.0,0.0020845216,0.15602512
90280,4397988,0.16,0.16,18.69,100.0,0.0020836216,0.15602011999999998
90290,4398488,0.16,0.16,18.8,100.0,0.0020827216000000003,0.15601512
90300,4398988,0.16,0.16,18.8,100.0,0.0020818216000000004,0.15601012
90310,4399488,0.19,0.19,18.33,100.0,0.0020809216000000005,0.15600512
90320,4399988,0.17,0.17,18.55,100.0,0.002080021599999999,0.15600012
90330,4400488,0.2,0.2,18.7,100.0,0.002079121599999999,0.15599512
90340,4400988,0.2,0.2,18.7,100.0,0.0020782215999999992,0.15599012
90350,4401488,0.18,0.18,18.7,100.0,0.0020773215999999994,0.15598512
90360,4401985,0.15,0.15,18.7,100.0,0.0020764269999999987,0.15598014999999998
90370,4402469,0.15,0.15,18.7,100.0,0.0020755558,0.15597531
90380,4402950,0.15,0.15,18.67,100.0,0.002074689999999999,0.1559705
90390,4403450,0.14,0.14,18.51,100.0,0.002073789999999999,0.1559655
90400,4403932,0.14,0.14,18.51,100.0,0.0020729223999999997,0.15596068
90410,4404424,0.11,0.11,18.51,100.0,0.0020720367999999996,0.15595576
90420,4404924,0.12,0.12,18.05,100.0,0.0020711367999999997,0.15595076
90430,4405406,0.09,0.09,17.82,100.0,0.0020702691999999988,0.15594594
90440,4405906,0.07,0.07,17.82,100.0,0.002069369199999999,0.15594094
90450,4406406,0.09,0.09,18.11,100.0,0.002068469199999999,0.15593594
90460,4406906,0.1,0.1,17.69,100.0,0.002067569199999999,0.15593094
90470,4407406,0.11,0.11,17.54,100.0,0.0020666691999999993,0.15592593999999999
90480,4407901,0.11,0.11,17.42,100.0,0.0020657781999999982,0.15592098999999998
90490,4408401,0.11,0.11,17.33,100.0,0.0020648781999999984,0.15591599
90500,4408901,0.12,0.12,17.74,100.0,0.0020639781999999985,0.15591099
90510,4409393,0.13,0.13,17.98,100.0,0.0020630926,0.15590607
90520,4409893,0.12,0.12,18.16,100.0,0.0020621926000000002,0.15590107
90530,4410393,0.14,0.14,18.53,100.0,0.0020612925999999986,0.15589607
90540,4410893,0.15,0.15,18.79,100.0,0.0020603925999999988,0.15589107
90550,4411375,0.13,0.13,18.79,100.0,0.0020595249999999996,0.15588625
90560,4411875,0.13,0.13,18.52,100.0,0.0020586249999999997,0.15588125
90570,4412358,0.12,0.12,18.5,100.0,0.002057755599999999,0.15587642
90580,4412858,0.14,0.14,18.71,100.0,0.002056855599999999,0.15587141999999998
90590,4413344,0.13,0.13,18.71,100.0,0.002055980799999999,0.15586656
90600,4413844,0.16,0.16,18.47,100.0,0.0020550807999999993,0.15586156
90610,4414344,0.16,0.16,18.3,100.0,0.0020541807999999995,0.15585656
90620,4414844,0.15,0.15,18.31,100.0,0.0020532807999999996,0.15585156
90630,4415344,0.14,0.14,18.49,100.0,0.0020523807999999998,0.15584656
90640,4415844,0.15,0.15,17.76,100.0,0.0020514808,0.15584156
90650,4416344,0.16,0.16,17.83,100.0,0.0020505808,0.15583656
90660,4416844,0.15,0.15,17.83,100.0,0.0020496808,0.15583156
90670,4417344,0.18,0.18,17.82,100.0,0.0020487807999999986,0.15582656
90680,4417844,0.16,0.16,18.07,100.0,0.0020478807999999987,0.15582156
90690,4418344,0.16,0.16,18.07,100.0,0.002046980799999999,0.15581656
90700,4418843,0.13,0.13,17.85,100.0,0.0020460825999999988,0.15581157
90710,4419343,0.14,0.14,17.1,100.0,0.002045182599999999,0.15580657
90720,4419843,0.16,0.16,17.03,100.0,0.002044282599999999,0.15580157
90730,4420343,0.18,0.18,17.14,100.0,0.002043382599999999,0.15579657
90740,4420842,0.19,0.19,17.09,100.0,0.002042484399999999,0.15579157999999999
90750,4421341,0.19,0.19,17.11,100.0,0.002041586199999999,0.15578659
90760,4421841,0.21,0.21,17.5,100.0,0.002040686199999999,0.15578159
90770,4422341,0.18,0.18,17.7,100.0,0.0020397861999999992,0.15577659
90780,4422816,0.21,0.21,17.68,100.0,0.0020389312,0.15577184
90790,4423316,0.23,0.23,18.09,100.0,0.0020380312,0.15576684
90800,4423797,0.22,0.22,18.09,100.0,0.002037165399999999,0.15576203
90810,4424297,0.21,0.21,18.02,100.0,0.002036265399999999,0.15575703
90820,4424797,0.2,0.2,17.68,100.0,0.002035365399999999,0.15575202999999999
90830,4425289,0.17,0.17,17.34,100.0,0.002034479799999999,0.15574711
90840,4425773,0.17,0.17,17.0,100.0,0.0020336085999999986,0.15574227
90850,4426273,0.19,0.19,16.56,100.0,0.0020327085999999987,0.15573726999999998
90860,4426773,0.19,0.19,17.03,100.0,0.002031808599999999,0.15573227
90870,4427262,0.19,0.19,17.04,100.0,0.0020309283999999997,0.15572738
90880,4427762,0.15,0.15,17.04,100.0,0.0020300284,0.15572238
90890,4428262,0.14,0.14,17.28,100.0,0.0020291284,0.15571738
90900,4428742,0.14,0.14,17.28,100.0,0.0020282643999999985,0.15571258
90910,4429242,0.15,0.15,17.12,100.0,0.0020273643999999987,0.15570758
90920,4429742,0.14,0.14,17.13,100.0,0.002026464399999999,0.15570258
90930,4430229,0.14,0.14,17.13,100.0,0.002025587799999999,0.15569771
90940,4430729,0.12,0.12,17.12,100.0,0.0020246877999999992,0.15569271
90950,4431216,0.09,0.09,17.12,100.0,0.0020238111999999996,0.15568784
90960,4431716,0.07,0.07,17.12,100.0,0.0020229111999999997,0.15568284
90970,4432216,0.08,0.08,16.82,100.0,0.0020220112,0.15567784
90980,4432716,0.1,0.1,16.9,100.0,0.0020211112,0.15567284
90990,4433216,0.1,0.1,16.91,100.0,0.0020202112,0.15566784
91000,4433716,0.1,0.1,16.91,100.0,0.0020193112000000003,0.15566284
91010,4434216,0.1,0.1,16.69,100.0,0.0020184111999999987,0.15565784
91020,4434698,0.09,0.09,16.69,100.0,0.0020175435999999995,0.15565302
91030,4435198,0.09,0.09,17.11,100.0,0.0020166435999999996,0.15564802
91040,4435698,0.1,0.1,16.87,100.0,0.0020157435999999997,0.15564302
91050,4436198,0.11,0.11,16.85,100.0,0.0020148436,0.15563802
91060,4436698,0.11,0.11,16.85,100.0,0.0020139436,0.15563302
91070,4437198,0.1,0.1,17.14,100.0,0.0020130436,0.15562802
91080,4437698,0.08,0.08,17.14,100.0,0.0020121435999999986,0.15562302
91090,4438197,0.08,0.08,17.06,100.0,0.0020112454,0.15561803
91100,4438697,0.09,0.09,16.96,100.0,0.0020103454000000003,0.15561302999999999
91110,4439183,0.08,0.08,16.59,100.0,0.0020094705999999986,0.15560817
91120,4439683,0.09,0.09,16.55,100.0,0.002008570599999999,0.15560317
91130,4440183,0.12,0.12,16.91,100.0,0.002007670599999999,0.15559817
91140,4440683,0.12,0.12,16.78,100.0,0.002006770599999999,0.15559317
91150,4441183,0.12,0.12,17.06,100.0,0.002005870599999999,0.15558817
91160,4441681,0.13,0.13,17.06,100.0,0.002004974199999999,0.15558318999999998
91170,4442181,0.13,0.13,17.45,100.0,0.002004074199999999,0.15557819
91180,4442681,0.14,0.14,17.19,100.0,0.002003174199999999,0.15557319
91190,4443169,0.15,0.15,16.88,100.0,0.0020022957999999997,0.15556831
91200,4443669,0.14,0.14,16.88,100.0,0.0020013958,0.15556331
91210,4444169,0.16,0.16,17.0,100.0,0.0020004958,0.15555831
91220,4444665,0.16,0.16,17.03,100.0,0.001999602999999999,0.15555335
91230,4445165,0.14,0.14,16.57,100.0,0.0019987029999999992,0.15554835
91240,4445665,0.14,0.14,16.39,100.0,0.0019978029999999994,0.15554335
91250,4446165,0.14,0.14,16.04,100.0,0.0019969029999999995,0.15553835
91260,4446652,0.14,0.14,16.31,100.0,0.0019960264,0.15553348
91270,4447152,0.18,0.18,16.48,100.0,0.0019951264,0.15552848
91280,4447652,0.18,0.18,16.23,100.0,0.0019942263999999984,0.15552348
91290,4448140,0.17,0.17,15.89,100.0,0.001993347999999999,0.1555186
91300,4448640,0.2,0.2,16.77,100.0,0.001992447999999999,0.1555136
91310,4449140,0.17,0.17,16.77,100.0,0.0019915479999999992,0.1555086
91320,4449640,0.16,0.16,16.77,100.0,0.0019906479999999994,0.1555036
91330,4450140,0.17,0.17,17.13,100.0,0.0019897479999999995,0.1554986
91340,4450640,0.16,0.16,16.77,100.0,0.0019888479999999997,0.1554936
91350,4451140,0.18,0.18,17.27,100.0,0.001987948,0.1554886
91360,4451640,0.2,0.2,17.38,100.0,0.001987048,0.1554836
91370,4452140,0.15,0.15,17.38,100.0,0.001986148,0.1554786
91380,4452635,0.17,0.17,17.43,100.0,0.001985256999999999,0.15547365
91390,4453135,0.22,0.22,17.81,100.0,0.001984356999999999,0.15546864999999999
91400,4453627,0.2,0.2,17.84,100.0,0.001983471399999999,0.15546373
91410,4454123,0.23,0.23,17.39,100.0,0.0019825786,0.15545877
91420,4454623,0.24,0.24,17.55,100.0,0.0019816786,0.15545377
91430,4455123,0.23,0.23,17.44,100.0,0.0019807785999999983,0.15544877
91440,4455623,0.22,0.22,17.44,100.0,0.0019798785999999985,0.15544376999999998
91450,4456110,0.23,0.23,16.49,100.0,0.001979001999999999,0.1554389
91460,4456610,0.2,0.2,16.49,100.0,0.001978101999999999,0.1554339
91470,4457091,0.22,0.22,16.72,100.0,0.0019772361999999995,0.15542909
91480,4457577,0.2,0.2,16.78,100.0,0.0019763613999999995,0.15542423
91490,4458077,0.16,0.16,16.32,100.0,0.0019754613999999997,0.15541923
91500,4458577,0.17,0.17,16.14,100.0,0.001974561399999998,0.15541423
91510,4459077,0.15,0.15,16.19,100.0,0.0019736613999999982,0.15540923
91520,4459577,0.16,0.16,16.12,100.0,0.0019727613999999984,0.15540423
91530,4460077,0.16,0.16,16.18,100.0,0.0019718613999999985,0.15539923
91540,4460577,0.17,0.17,16.49,100.0,0.0019709613999999986,0.15539423
91550,4461077,0.14,0.14,16.77,100.0,0.0019700613999999988,0.15538923
91560,4461577,0.15,0.15,17.02,100.0,0.001969161399999999,0.15538423
91570,4462077,0.15,0.15,17.03,100.0,0.001968261399999999,0.15537923
91580,4462571,0.14,0.14,17.03,100.0,0.0019673721999999994,0.15537429
91590,4463048,0.14,0.14,17.08,100.0,0.001966513599999999,0.15536951999999998
91600,4463542,0.13,0.13,17.12,100.0,0.0019656243999999993,0.15536458
91610,4464042,0.12,0.12,17.12,100.0,0.0019647243999999994,0.15535958
91620,4464542,0.12,0.12,17.18,100.0,0.0019638243999999996,0.15535458
91630,4465031,0.11,0.11,17.5,100.0,0.0019629441999999987,0.15534968999999998
91640,4465531,0.12,0.12,17.59,100.0,0.001962044199999999,0.15534469
91650,4466031,0.14,0.14,18.1,100.0,0.001961144199999999,0.15533969
91660,4466531,0.17,0.17,17.91,100.0,0.001960244199999999,0.15533469
91670,4467031,0.15,0.15,17.91,100.0,0.0019593441999999992,0.15532969
91680,4467523,0.17,0.17,17.93,100.0,0.001958458599999999,0.15532477
91690,4468022,0.15,0.15,17.93,100.0,0.001957560399999999,0.15531978
91700,4468522,0.16,0.16,17.79,100.0,0.001956660399999999,0.15531477999999999
91710,4469018,0.17,0.17,17.78,100.0,0.0019557675999999982,0.15530982
91720,4469518,0.18,0.18,17.88,100.0,0.0019548675999999984,0.15530482
91730,4470018,0.2,0.2,17.59,100.0,0.0019539675999999985,0.15529982
91740,4470518,0.19,0.19,17.23,100.0,0.0019530675999999986,0.15529482
91750,4471008,0.17,0.17,17.25,100.0,0.0019521855999999997,0.15528992
91760,4471502,0.14,0.14,17.0,100.0,0.0019512964,0.15528498
91770,4472002,0.15,0.15,16.83,100.0,0.0019503964000000002,0.15527997999999998
91780,4472498,0.13,0.13,16.83,100.0,0.0019495035999999993,0.15527501999999999
91790,4472998,0.15,0.15,16.46,100.0,0.0019486035999999995,0.15527002
91800,4473498,0.16,0.16,16.32,100.0,0.0019477035999999996,0.15526502
91810,4473998,0.15,0.15,16.32,100.0,0.0019468035999999998,0.15526002
91820,4474484,0.13,0.13,16.41,100.0,0.001945928799999998,0.15525516
91830,4474984,0.1,0.1,16.41,100.0,0.0019450287999999982,0.15525016
91840,4475484,0.1,0.1,16.74,100.0,0.0019441287999999984,0.15524516
91850,4475975,0.11,0.11,16.84,100.0,0.0019432449999999997,0.15524025
91860,4476463,0.14,0.14,16.99,100.0,0.0019423665999999985,0.15523536999999998
91870,4476963,0.14,0.14,17.01,100.0,0.0019414665999999987,0.15523037
91880,4477462,0.15,0.15,17.37,100.0,0.0019405684000000003,0.15522538
91890,4477944,0.14,0.14,17.35,100.0,0.0019397007999999993,0.15522056
91900,4478410,0.12,0.12,17.24,100.0,0.0019388619999999995,0.1552159
91910,4478910,0.14,0.14,17.59,100.0,0.0019379619999999997,0.15521089999999998
91920,4479408,0.17,0.17,17.81,100.0,0.0019370655999999993,0.15520592
91930,4479908,0.17,0.17,17.81,100.0,0.0019361655999999994,0.15520092
91940,4480408,0.17,0.17,17.65,100.0,0.0019352655999999996,0.15519592
91950,4480888,0.16,0.16,17.28,100.0,0.0019344015999999999,0.15519112
91960,4481388,0.13,0.13,16.91,100.0,0.0019335016,0.15518611999999998
91970,4481884,0.15,0.15,16.93,100.0,0.0019326087999999991,0.15518115999999998
91980,4482384,0.15,0.15,16.94,100.0,0.0019317087999999993,0.15517616
91990,4482884,0.16,0.16,16.81,100.0,0.0019308087999999994,0.15517116
92000,4483370,0.17,0.17,16.38,100.0,0.0019299339999999995,0.1551663
92010,4483870,0.15,0.15,16.38,100.0,0.0019290339999999996,0.1551613
92020,4484365,0.11,0.11,16.38,100.0,0.0019281429999999985,0.15515635
92030,4484865,0.11,0.11,16.38,100.0,0.0019272429999999986,0.15515135
92040,4485360,0.11,0.11,16.57,100.0,0.0019263519999999992,0.1551464
92050,4485854,0.11,0.11,17.01,100.0,0.0019254627999999996,0.15514146
92060,4486354,0.1,0.1,17.01,100.0,0.0019245627999999997,0.15513646
92070,4486854,0.08,0.08,16.62,100.0,0.0019236627999999999,0.15513146
92080,4487354,0.07,0.07,16.62,100.0,0.0019227628,0.15512646
92090,4487854,0.06,0.06,16.86,100.0,0.0019218627999999984,0.15512146
92100,4488354,0.07,0.07,17.01,100.0,0.0019209627999999986,0.15511646
92110,4488852,0.08,0.08,16.86,100.0,0.0019200664,0.15511148
92120,4489352,0.09,0.09,17.02,100.0,0.0019191664,0.15510648
92130,4489852,0.11,0.11,16.41,100.0,0.0019182664000000002,0.15510148
92140,4490352,0.13,0.13,17.34,100.0,0.0019173663999999986,0.15509647999999998
92150,4490852,0.14,0.14,17.82,100.0,0.0019164663999999988,0.15509148
92160,4491352,0.15,0.15,17.8,100.0,0.001915566399999999,0.15508648
92170,4491852,0.16,0.16,17.97,100.0,0.001914666399999999,0.15508148
92180,4492352,0.18,0.18,18.27,100.0,0.0019137663999999992,0.15507648
92190,4492852,0.17,0.17,18.27,100.0,0.0019128663999999993,0.15507147999999998
92200,4493352,0.14,0.14,18.27,100.0,0.0019119663999999995,0.15506648
92210,4493852,0.15,0.15,17.83,100.0,0.0019110663999999996,0.15506148
92220,4494352,0.16,0.16,17.96,100.0,0.0019101663999999997,0.15505648
92230,4494852,0.16,0.16,18.0,100.0,0.0019092663999999999,0.15505148
92240,4495351,0.13,0.13,18.0,100.0,0.001908368199999998,0.15504648999999998
92250,4495840,0.13,0.13,18.29,100.0,0.0019074879999999989,0.1550416
92260,4496334,0.12,0.12,18.29,100.0,0.0019065987999999992,0.15503666
92270,4496816,0.12,0.12,18.09,100.0,0.0019057311999999983,0.15503184
92280,4497316,0.11,0.11,18.31,100.0,0.0019048311999999984,0.15502684
92290,4497816,0.12,0.12,18.44,100.0,0.0019039311999999985,0.15502184
92300,4498308,0.14,0.14,18.09,100.0,0.0019030456000000001,0.15501692
92310,4498808,0.13,0.13,17.91,100.0,0.0019021455999999985,0.15501192
92320,4499300,0.13,0.13,17.61,100.0,0.00190126,0.155007
92330,4499800,0.11,0.11,17.61,100.0,0.0019003600000000002,0.155002
92340,4500288,0.14,0.14,17.05,100.0,0.001899481599999999,0.15499712
92350,4500788,0.14,0.14,17.36,100.0,0.0018985815999999992,0.15499212
92360,4501288,0.17,0.17,17.25,100.0,0.0018976815999999994,0.15498712
92370,4501776,0.16,0.16,17.43,100.0,0.0018968032,0.15498224
92380,4502276,0.17,0.17,17.47,100.0,0.0018959031999999983,0.15497724
92390,4502757,0.18,0.18,18.14,100.0,0.0018950373999999989,0.15497243
92400,4503257,0.17,0.17,18.07,100.0,0.001894137399999999,0.15496743
92410,4503747,0.18,0.18,17.76,100.0,0.0018932553999999983,0.15496253
92420,4504214,0.17,0.17,17.65,100.0,0.0018924147999999988,0.15495786
92430,4504714,0.18,0.18,17.95,100.0,0.001891514799999999,0.15495286
92440,4505214,0.16,0.16,18.31,100.0,0.001890614799999999,0.15494786
92450,4505706,0.17,0.17,18.55,100.0,0.001889729199999999,0.15494294
92460,4506206,0.15,0.15,18.82,100.0,0.001888829199999999,0.15493794
92470,4506706,0.18,0.18,19.63,100.0,0.0018879291999999992,0.15493294
92480,4507206,0.19,0.19,19.93,100.0,0.0018870291999999993,0.15492794
92490,4507688,0.19,0.19,20.16,100.0,0.0018861615999999984,0.15492312
92500,4508168,0.19,0.19,20.18,100.0,0.0018852975999999987,0.15491832
92510,4508668,0.19,0.19,20.2,100.0,0.0018843975999999988,0.15491332
92520,4509168,0.18,0.18,20.2,100.0,0.001883497599999999,0.15490832
92530,4509668,0.19,0.19,19.56,100.0,0.001882597599999999,0.15490332
92540,4510146,0.18,0.18,19.56,100.0,0.0018817371999999988,0.15489854
92550,4510646,0.16,0.16,19.68,100.0,0.001880837199999999,0.15489354
92560,4511119,0.16,0.16,19.34,100.0,0.0018799857999999992,0.15488881
92570,4511619,0.14,0.14,19.33,100.0,0.0018790857999999994,0.15488381
92580,4512101,0.12,0.12,19.34,100.0,0.0018782181999999984,0.15487899
92590,4512601,0.1,0.1,19.34,100.0,0.0018773181999999985,0.15487399
92600,4513101,0.1,0.1,19.68,100.0,0.0018764181999999987,0.15486898999999998
92610,4513601,0.1,0.1,19.56,100.0,0.0018755181999999988,0.15486399
92620,4514101,0.1,0.1,19.56,100.0,0.001874618199999999,0.15485899
92630,4514601,0.1,0.1,19.39,100.0,0.0018737181999999991,0.15485399
92640,4515101,0.11,0.11,19.56,100.0,0.0018728181999999993,0.15484899
92650,4515601,0.14,0.14,19.4,100.0,0.0018719181999999994,0.15484399
92660,4516101,0.14,0.14,19.41,100.0,0.0018710181999999995,0.15483899
92670,4516595,0.15,0.15,19.52,100.0,0.0018701289999999999,0.15483405
92680,4517095,0.14,0.14,19.52,100.0,0.001869229,0.15482905
92690,4517591,0.16,0.16,19.91,100.0,0.0018683361999999992,0.15482409
92700,4518091,0.15,0.15,19.91,100.0,0.0018674361999999993,0.15481909
92710,4518591,0.15,0.15,19.79,100.0,0.0018665361999999994,0.15481409
92720,4519088,0.16,0.16,19.74,100.0,0.0018656415999999988,0.15480912
92730,4519588,0.16,0.16,19.81,100.0,0.001864741599999999,0.15480412
92740,4520088,0.16,0.16,19.92,100.0,0.001863841599999999,0.15479912
92750,4520580,0.18,0.18,19.69,100.0,0.001862955999999999,0.1547942
92760,4521077,0.2,0.2,19.26,100.0,0.0018620614,0.15478923
92770,4521577,0.2,0.2,19.45,100.0,0.0018611613999999985,0.15478423
92780,4522077,0.2,0.2,19.45,100.0,0.0018602613999999986,0.15477923
92790,4522577,0.2,0.2,19.32,100.0,0.0018593613999999987,0.15477423
92800,4523077,0.24,0.24,18.73,100.0,0.0018584613999999989,0.15476923
92810,4523577,0.23,0.23,18.8,100.0,0.001857561399999999,0.15476423
92820,4524077,0.25,0.25,18.9,100.0,0.0018566613999999992,0.15475923
92830,4524577,0.24,0.24,18.92,100.0,0.0018557613999999993,0.15475423
92840,4525077,0.24,0.24,18.95,100.0,0.0018548613999999995,0.15474923
92850,4525577,0.19,0.19,18.79,100.0,0.0018539613999999996,0.15474422999999998
92860,4526077,0.18,0.18,19.28,100.0,0.0018530613999999997,0.15473923
92870,4526577,0.19,0.19,19.22,100.0,0.0018521613999999999,0.15473423
92880,4527077,0.21,0.21,19.75,100.0,0.0018512614,0.15472923
92890,4527574,0.22,0.22,20.2,100.0,0.0018503667999999994,0.15472426
92900,4528074,0.2,0.2,20.09,100.0,0.0018494667999999995,0.15471926
92910,4528562,0.2,0.2,20.51,100.0,0.0018485884,0.15471437999999998
92920,4529025,0.18,0.18,20.37,100.0,0.0018477549999999995,0.15470975
92930,4529525,0.19,0.19,20.36,100.0,0.0018468549999999997,0.15470475
92940,4530025,0.2,0.2,20.13,100.0,0.0018459549999999998,0.15469975
92950,4530525,0.23,0.23,20.01,100.0,0.0018450549999999982,0.15469475
92960,4531002,0.24,0.24,19.44,100.0,0.0018441963999999995,0.15468998
92970,4531502,0.2,0.2,19.44,100.0,0.0018432963999999996,0.15468498
92980,4532002,0.19,0.19,19.43,100.0,0.0018423963999999998,0.15467998
92990,4532502,0.18,0.18,18.73,100.0,0.0018414964,0.15467498
93000,4533002,0.17,0.17,18.76,100.0,0.0018405964,0.15466997999999998
93010,4533502,0.18,0.18,18.72,100.0,0.0018396964000000002,0.15466498
93020,4533998,0.19,0.19,18.52,100.0,0.0018388035999999993,0.15466002
93030,4534498,0.18,0.18,18.35,100.0,0.0018379035999999994,0.15465502
93040,4534998,0.18,0.18,18.37,100.0,0.0018370035999999996,0.15465002
93050,4535498,0.14,0.14,18.37,100.0,0.0018361035999999997,0.15464502
93060,4535985,0.13,0.13,18.02,100.0,0.0018352269999999983,0.15464015
93070,4536465,0.15,0.15,17.68,100.0,0.0018343629999999986,0.15463535
93080,4536965,0.18,0.18,17.26,100.0,0.0018334629999999987,0.15463035
93090,4537465,0.16,0.16,17.26,100.0,0.0018325629999999989,0.15462535
93100,4537965,0.17,0.17,17.17,100.0,0.001831662999999999,0.15462035
93110,4538461,0.17,0.17,17.42,100.0,0.0018307701999999999,0.15461539
93120,4538961,0.18,0.18,17.78,100.0,0.0018298701999999983,0.15461039
93130,4539458,0.18,0.18,17.8,100.0,0.0018289755999999994,0.15460542
93140,4539958,0.18,0.18,17.99,100.0,0.0018280755999999995,0.15460042
93150,4540438,0.2,0.2,18.25,100.0,0.0018272115999999998,0.15459562
93160,4540938,0.21,0.21,17.98,100.0,0.0018263116,0.15459062
93170,4541436,0.2,0.2,17.62,100.0,0.0018254151999999996,0.15458564
93180,4541936,0.21,0.21,17.2,100.0,0.0018245151999999997,0.15458064
93190,4542428,0.22,0.22,17.16,100.0,0.0018236295999999996,0.15457572
93200,4542928,0.22,0.22,17.19,100.0,0.0018227295999999997,0.15457072
93210,4543426,0.2,0.2,17.19,100.0,0.0018218331999999993,0.15456574
93220,4543926,0.17,0.17,17.19,100.0,0.0018209331999999995,0.15456074
93230,4544422,0.17,0.17,17.16,100.0,0.0018200403999999986,0.15455578
93240,4544922,0.16,0.16,17.36,100.0,0.0018191403999999987,0.15455078
93250,4545422,0.15,0.15,17.48,100.0,0.0018182403999999989,0.15454578
93260,4545918,0.12,0.12,17.48,100.0,0.0018173475999999997,0.15454082
93270,4546400,0.13,0.13,17.71,100.0,0.0018164799999999988,0.154536
93280,4546900,0.08,0.08,17.71,100.0,0.001815579999999999,0.154531
93290,4547400,0.09,0.09,17.42,100.0,0.001814679999999999,0.154526
93300,4547900,0.1,0.1,17.69,100.0,0.0018137799999999992,0.154521
93310,4548392,0.11,0.11,17.52,100.0,0.001812894399999999,0.15451608
93320,4548889,0.13,0.13,17.1,100.0,0.0018119998000000002,0.15451111
93330,4549389,0.15,0.15,17.02,100.0,0.0018110998000000003,0.15450611
93340,4549889,0.16,0.16,17.37,100.0,0.0018101998000000005,0.15450111
93350,4550389,0.17,0.17,17.37,100.0,0.0018092997999999989,0.15449611
93360,4550889,0.17,0.17,17.37,100.0,0.001808399799999999,0.15449111
93370,4551385,0.15,0.15,17.37,100.0,0.0018075069999999999,0.15448615
93380,4551875,0.16,0.16,17.3,100.0,0.0018066249999999992,0.15448125
93390,4552365,0.14,0.14,17.3,100.0,0.0018057430000000003,0.15447634999999998
93400,4552865,0.11,0.11,17.3,100.0,0.0018048430000000004,0.15447135
93410,4553365,0.11,0.11,17.02,100.0,0.0018039429999999988,0.15446635
93420,4553865,0.11,0.11,16.73,100.0,0.001803042999999999,0.15446135
93430,4554365,0.11,0.11,16.78,100.0,0.001802142999999999,0.15445635
93440,4554865,0.09,0.09,16.78,100.0,0.0018012429999999992,0.15445135
93450,4555355,0.09,0.09,16.24,100.0,0.0018003610000000003,0.15444645
93460,4555855,0.11,0.11,15.89,100.0,0.0017994610000000005,0.15444145
93470,4556355,0.16,0.16,16.04,100.0,0.0017985609999999989,0.15443645
93480,4556846,0.16,0.16,15.72,100.0,0.0017976772000000002,0.15443154
93490,4557346,0.19,0.19,15.85,100.0,0.0017967771999999986,0.15442654
93500,4557846,0.2,0.2,16.05,100.0,0.0017958771999999987,0.15442154
93510,4558346,0.19,0.19,16.05,100.0,0.0017949771999999989,0.15441654
93520,4558846,0.17,0.17,16.05,100.0,0.001794077199999999,0.15441154
93530,4559344,0.17,0.17,15.77,100.0,0.0017931807999999987,0.15440656
93540,4559844,0.18,0.18,15.75,100.0,0.0017922807999999988,0.15440156
93550,4560344,0.18,0.18,15.67,100.0,0.001791380799999999,0.15439656
93560,4560841,0.16,0.16,15.67,100.0,0.0017904862,0.15439159
93570,4561341,0.11,0.11,15.67,100.0,0.0017895862000000002,0.15438659
93580,4561841,0.12,0.12,15.26,100.0,0.0017886862000000003,0.15438159
93590,4562334,0.09,0.09,15.26,100.0,0.0017877987999999987,0.15437666
93600,4562832,0.09,0.09,15.24,100.0,0.0017869024,0.15437168
93610,4563332,0.1,0.1,15.25,100.0,0.0017860024000000002,0.15436668
93620,4563832,0.1,0.1,15.25,100.0,0.0017851023999999986,0.15436168
93630,4564305,0.1,0.1,15.41,100.0,0.0017842509999999989,0.15435695
93640,4564793,0.12,0.12,15.49,100.0,0.0017833725999999994,0.15435207
93650,4565289,0.11,0.11,15.48,100.0,0.0017824797999999985,0.15434711
93660,4565789,0.13,0.13,15.82,100.0,0.0017815797999999987,0.15434211
93670,4566289,0.15,0.15,15.55,100.0,0.0017806797999999988,0.15433711
93680,4566789,0.14,0.14,15.51,100.0,0.001779779799999999,0.15433211
93690,4567289,0.16,0.16,15.89,100.0,0.0017788797999999991,0.15432711
93700,4567789,0.18,0.18,16.17,100.0,0.0017779797999999992,0.15432211
93710,4568289,0.2,0.2,15.8,100.0,0.0017770797999999994,0.15431711
93720,4568776,0.2,0.2,15.8,100.0,0.0017762031999999997,0.15431224
93730,4569276,0.18,0.18,15.61,100.0,0.0017753031999999998,0.15430724
93740,4569776,0.17,0.17,15.25,100.0,0.0017744032,0.15430224
93750,4570276,0.17,0.17,15.22,100.0,0.0017735032000000001,0.15429724
93760,4570776,0.19,0.19,15.52,100.0,0.0017726032000000003,0.15429224
93770,4571276,0.18,0.18,15.33,100.0,0.0017717031999999987,0.15428724
93780,4571776,0.19,0.19,15.32,100.0,0.0017708031999999988,0.15428224
93790,4572276,0.18,0.18,15.09,100.0,0.001769903199999999,0.15427723999999998
93800,4572776,0.15,0.15,15.09,100.0,0.001769003199999999,0.15427224
93810,4573267,0.12,0.12,15.09,100.0,0.0017681194000000004,0.15426733
93820,4573767,0.13,0.13,14.94,100.0,0.0017672193999999988,0.15426233
93830,4574267,0.13,0.13,14.94,100.0,0.001766319399999999,0.15425733
93840,4574759,0.15,0.15,14.56,100.0,0.0017654337999999988,0.15425241
93850,4575259,0.14,0.14,14.56,100.0,0.001764533799999999,0.15424741
93860,4575759,0.1,0.1,14.56,100.0,0.001763633799999999,0.15424241
93870,4576259,0.09,0.09,14.56,100.0,0.0017627337999999992,0.15423741
93880,4576746,0.1,0.1,14.59,100.0,0.0017618571999999996,0.15423254
93890,4577246,0.09,0.09,14.59,100.0,0.0017609571999999997,0.15422754
93900,4577746,0.09,0.09,14.59,100.0,0.0017600571999999998,0.15422254
93910,4578246,0.13,0.12,14.65,100.0,0.0017591571999999982,0.15421754
93920,4578738,0.16,0.15,14.81,100.0,0.0017582715999999998,0.15421262
93930,4579228,0.19,0.17,15.15,100.0,0.0017573895999999992,0.15420772
93940,4579709,0.18,0.16,15.25,100.0,0.0017565237999999997,0.15420291
93950,4580209,0.19,0.17,15.48,100.0,0.0017556237999999998,0.15419791
93960,4580696,0.21,0.19,15.9,100.0,0.0017547471999999984,0.15419304
93970,4581176,0.23,0.21,15.58,100.0,0.0017538831999999987,0.15418824
93980,4581663,0.23,0.21,15.13,100.0,0.001753006599999999,0.15418337
93990,4582147,0.25,0.23,14.9,100.0,0.0017521354000000003,0.15417853
94000,4582647,0.27,0.25,14.89,100.0,0.0017512353999999987,0.15417353
94010,4583147,0.24,0.23,15.03,100.0,0.0017503353999999988,0.15416853
94020,4583647,0.22,0.21,15.16,100.0,0.001749435399999999,0.15416353
94030,4584136,0.2,0.2,15.16,100.0,0.0017485551999999998,0.15415864
94040,4584629,0.21,0.21,14.68,100.0,0.0017476678,0.15415371
94050,4585129,0.2,0.2,14.68,100.0,0.0017467678,0.15414871
94060,4585617,0.21,0.21,14.81,100.0,0.0017458893999999989,0.15414382999999998
94070,4586109,0.2,0.2,14.81,100.0,0.0017450037999999987,0.15413891
94080,4586607,0.17,0.17,14.81,100.0,0.0017441074,0.15413393
94090,4587107,0.19,0.19,14.78,100.0,0.0017432073999999985,0.15412893
94100,4587606,0.19,0.19,14.86,100.0,0.0017423091999999984,0.15412394
94110,4588090,0.2,0.2,14.77,100.0,0.0017414379999999997,0.1541191
94120,4588590,0.2,0.2,15.14,100.0,0.001740537999999998,0.1541141
94130,4589062,0.2,0.2,15.2,100.0,0.0017396883999999998,0.15410938
94140,4589562,0.16,0.16,15.2,100.0,0.0017387884,0.15410437999999999
94150,4590062,0.16,0.16,15.2,100.0,0.0017378884,0.15409938
94160,4590562,0.15,0.15,15.75,100.0,0.0017369883999999985,0.15409438
94170,4591033,0.16,0.16,16.17,100.0,0.0017361406,0.15408967
94180,4591533,0.2,0.2,16.04,100.0,0.0017352406,0.15408467
94190,4592033,0.17,0.17,16.0,100.0,0.0017343406000000002,0.15407967
94200,4592523,0.18,0.18,16.05,100.0,0.0017334585999999996,0.15407477
94210,4592988,0.18,0.18,16.44,100.0,0.0017326215999999995,0.15407012
94220,4593481,0.19,0.19,16.47,100.0,0.0017317341999999996,0.15406519
94230,4593964,0.2,0.2,16.57,100.0,0.001730864799999999,0.15406036
94240,4594464,0.22,0.22,16.79,100.0,0.001729964799999999,0.15405536
94250,4594964,0.26,0.26,17.28,100.0,0.0017290647999999992,0.15405036
94260,4595464,0.24,0.24,17.28,100.0,0.0017281647999999993,0.15404536
94270,4595963,0.22,0.22,17.28,100.0,0.0017272665999999992,0.15404036999999998
94280,4596450,0.18,0.18,17.28,100.0,0.0017263899999999995,0.1540355
94290,4596950,0.19,0.19,17.13,100.0,0.0017254899999999997,0.1540305
94300,4597446,0.19,0.19,17.09,100.0,0.0017245971999999988,0.15402554
94310,4597946,0.17,0.17,17.09,100.0,0.001723697199999999,0.15402053999999998
94320,4598441,0.16,0.16,16.83,100.0,0.0017228061999999995,0.15401559
94330,4598941,0.15,0.15,16.72,100.0,0.0017219061999999997,0.15401059
94340,4599441,0.13,0.13,16.72,100.0,0.001721006199999998,0.15400559
94350,4599941,0.1,0.1,16.78,100.0,0.0017201061999999982,0.15400059
94360,4600441,0.11,0.11,17.15,100.0,0.0017192061999999984,0.15399559
94370,4600941,0.12,0.12,17.14,100.0,0.0017183061999999985,0.15399058999999998
94380,4601441,0.12,0.12,17.14,100.0,0.0017174061999999986,0.15398559
94390,4601931,0.14,0.14,17.18,100.0,0.001716524199999998,0.15398069
94400,4602426,0.14,0.14,17.6,100.0,0.0017156331999999986,0.15397574
94410,4602926,0.16,0.16,17.28,100.0,0.0017147331999999987,0.15397074
94420,4603426,0.16,0.16,17.4,100.0,0.0017138331999999989,0.15396574
94430,4603926,0.16,0.16,17.44,100.0,0.001712933199999999,0.15396073999999998
94440,4604426,0.17,0.17,17.71,100.0,0.0017120331999999992,0.15395574
94450,4604926,0.17,0.17,17.71,100.0,0.0017111331999999993,0.15395074
94460,4605426,0.17,0.17,17.73,100.0,0.0017102331999999994,0.15394574
94470,4605926,0.17,0.17,17.64,100.0,0.0017093331999999996,0.15394074
94480,4606426,0.22,0.22,17.87,100.0,0.0017084331999999997,0.15393574
94490,4606926,0.21,0.21,17.86,100.0,0.0017075331999999999,0.15393074
94500,4607421,0.19,0.19,17.87,100.0,0.0017066421999999987,0.15392579
94510,4607921,0.19,0.19,17.78,100.0,0.0017057421999999989,0.15392079
94520,4608421,0.2,0.2,18.33,100.0,0.001704842199999999,0.15391579
94530,4608918,0.2,0.2,18.33,100.0,0.0017039475999999984,0.15391082
94540,4609401,0.21,0.21,18.32,100.0,0.0017030781999999994,0.15390599
94550,4609901,0.22,0.22,18.28,100.0,0.0017021781999999996,0.15390099
94560,4610401,0.23,0.23,18.25,100.0,0.0017012781999999997,0.15389598999999998
94570,4610897,0.23,0.23,18.28,100.0,0.0017003853999999988,0.15389102999999998
94580,4611397,0.2,0.2,18.51,100.0,0.001699485399999999,0.15388603
94590,4611897,0.19,0.19,18.11,100.0,0.0016985853999999991,0.15388103
94600,4612379,0.19,0.19,18.08,100.0,0.0016977178,0.15387621
94610,4612879,0.19,0.19,18.15,100.0,0.0016968178,0.15387121
94620,4613379,0.19,0.19,18.6,100.0,0.0016959177999999984,0.15386621
94630,4613852,0.18,0.18,18.87,100.0,0.0016950663999999987,0.15386148
94640,4614352,0.19,0.19,18.85,100.0,0.0016941663999999988,0.15385648
94650,4614850,0.18,0.18,18.88,100.0,0.0016932700000000002,0.1538515
94660,4615349,0.17,0.17,19.16,100.0,0.0016923717999999983,0.15384651
94670,4615846,0.16,0.16,19.16,100.0,0.0016914771999999995,0.15384154
94680,4616345,0.16,0.16,19.07,100.0,0.0016905789999999993,0.15383655
94690,4616832,0.15,0.15,19.17,100.0,0.0016897023999999997,0.15383168
94700,4617332,0.15,0.15,19.46,100.0,0.0016888023999999998,0.15382668
94710,4617830,0.13,0.13,19.46,100.0,0.0016879059999999994,0.1538217
94720,4618330,0.1,0.1,19.46,100.0,0.0016870059999999996,0.1538167
94730,4618822,0.12,0.12,19.5,100.0,0.0016861203999999994,0.15381178
94740,4619322,0.09,0.09,19.5,100.0,0.0016852203999999996,0.15380678
94750,4619822,0.1,0.1,19.58,100.0,0.0016843203999999997,0.15380178
94760,4620321,0.1,0.1,19.36,100.0,0.0016834221999999996,0.15379679
94770,4620821,0.14,0.14,19.15,100.0,0.0016825221999999997,0.15379178999999998
94780,4621321,0.15,0.15,19.16,100.0,0.0016816221999999999,0.15378679
94790,4621820,0.14,0.14,19.16,100.0,0.0016807239999999998,0.1537818
94800,4622320,0.16,0.16,19.19,100.0,0.001679824,0.1537768
94810,4622820,0.17,0.17,19.22,100.0,0.0016789239999999983,0.1537718
94820,4623289,0.19,0.19,18.82,100.0,0.0016780797999999993,0.15376710999999998
94830,4623789,0.18,0.18,18.29,100.0,0.0016771797999999994,0.15376211
94840,4624289,0.19,0.19,18.17,100.0,0.0016762797999999995,0.15375711
94850,4624751,0.17,0.17,18.17,100.0,0.0016754482000000005,0.15375249
94860,4625251,0.19,0.19,18.03,100.0,0.0016745481999999989,0.15374749
94870,4625751,0.17,0.17,18.07,100.0,0.001673648199999999,0.15374249
94880,4626251,0.15,0.15,18.38,100.0,0.0016727481999999991,0.15373749
94890,4626751,0.17,0.17,18.67,100.0,0.0016718481999999993,0.15373249
94900,4627251,0.18,0.18,18.55,100.0,0.0016709481999999994,0.15372749
94910,4627728,0.2,0.2,19.01,100.0,0.001670089599999999,0.15372272
94920,4628222,0.2,0.2,19.22,100.0,0.0016692003999999993,0.15371778
94930,4628716,0.21,0.21,19.01,100.0,0.0016683111999999996,0.15371284
94940,4629212,0.23,0.23,19.53,100.0,0.0016674184000000005,0.15370788
94950,4629707,0.24,0.24,19.91,100.0,0.0016665273999999994,0.15370293
94960,4630187,0.24,0.24,20.14,100.0,0.0016656633999999997,0.15369813
94970,4630687,0.23,0.23,20.09,100.0,0.0016647633999999998,0.15369313
94980,4631187,0.22,0.22,20.09,100.0,0.0016638634,0.15368813
94990,4631670,0.24,0.24,20.2,100.0,0.0016629939999999992,0.1536833
95000,4632165,0.24,0.24,19.9,100.0,0.0016621029999999998,0.15367835
95010,4632665,0.22,0.22,19.7,100.0,0.0016612029999999983,0.15367335
95020,4633147,0.25,0.25,19.84,100.0,0.001660335399999999,0.15366853
95030,4633647,0.26,0.26,20.17,100.0,0.0016594353999999992,0.15366353
95040,4634147,0.25,0.25,20.09,100.0,0.0016585353999999993,0.15365853
95050,4634647,0.24,0.24,20.09,100.0,0.0016576353999999995,0.15365352999999998
95060,4635147,0.23,0.23,19.54,100.0,0.0016567353999999996,0.15364853
95070,4635646,0.25,0.25,18.88,100.0,0.0016558371999999995,0.15364354
95080,4636146,0.27,0.27,18.46,100.0,0.0016549371999999996,0.15363854
95090,4636646,0.24,0.24,18.49,100.0,0.0016540371999999998,0.15363354
95100,4637143,0.23,0.23,18.62,100.0,0.0016531425999999991,0.15362857
95110,4637641,0.25,0.25,18.53,100.0,0.0016522461999999988,0.15362359
95120,4638141,0.22,0.22,18.53,100.0,0.001651346199999999,0.15361859
95130,4638627,0.18,0.18,18.53,100.0,0.001650471399999999,0.15361373
95140,4639127,0.16,0.16,18.53,100.0,0.0016495713999999991,0.15360873
95150,4639627,0.19,0.19,18.24,100.0,0.0016486713999999993,0.15360373
95160,4640127,0.19,0.19,18.47,100.0,0.0016477713999999994,0.15359873
95170,4640627,0.17,0.17,18.53,100.0,0.0016468713999999995,0.15359372999999998
95180,4641124,0.15,0.15,18.53,100.0,0.001645976799999999,0.15358876
95190,4641624,0.16,0.16,18.34,100.0,0.001645076799999999,0.15358376
95200,4642119,0.14,0.14,17.96,100.0,0.0016441857999999997,0.15357881
95210,4642619,0.14,0.14,18.03,100.0,0.0016432857999999998,0.15357381
95220,4643119,0.14,0.14,18.18,100.0,0.0016423858,0.15356881
95230,4643615,0.14,0.14,18.18,100.0,0.001641492999999999,0.15356385
95240,4644115,0.19,0.19,18.6,100.0,0.0016405929999999992,0.15355885
95250,4644615,0.16,0.16,18.6,100.0,0.0016396929999999994,0.15355385
95260,4645095,0.16,0.16,19.04,100.0,0.0016388289999999996,0.15354905
95270,4645581,0.17,0.17,18.9,100.0,0.0016379541999999997,0.15354419
95280,4646076,0.19,0.19,18.46,100.0,0.0016370631999999986,0.15353924
95290,4646576,0.21,0.21,18.28,100.0,0.0016361631999999987,0.15353424
95300,4647057,0.21,0.21,18.11,100.0,0.0016352973999999992,0.15352943
95310,4647557,0.2,0.2,17.85,100.0,0.0016343973999999994,0.15352443
95320,4648057,0.2,0.2,17.74,100.0,0.0016334973999999995,0.15351943
95330,4648541,0.22,0.22,18.09,100.0,0.001632626199999999,0.15351459
95340,4649024,0.19,0.19,17.86,100.0,0.0016317568,0.15350976
95350,4649524,0.21,0.21,17.88,100.0,0.0016308568000000002,0.15350476
95360,4650023,0.19,0.19,17.88,100.0,0.0016299586000000001,0.15349977
95370,4650506,0.18,0.18,17.83,100.0,0.0016290891999999994,0.15349494
95380,4650989,0.17,0.17,17.49,100.0,0.0016282197999999987,0.15349011
95390,4651489,0.14,0.14,17.49,100.0,0.0016273197999999989,0.15348511
95400,4651989,0.13,0.13,17.49,100.0,0.001626419799999999,0.15348011
95410,4652475,0.12,0.12,17.34,100.0,0.001625544999999999,0.15347525
95420,4652975,0.11,0.11,17.34,100.0,0.0016246449999999992,0.15347025
95430,4653468,0.13,0.13,16.51,100.0,0.0016237575999999993,0.15346532
95440,4653968,0.12,0.12,16.93,100.0,0.0016228575999999995,0.15346031999999998
95450,4654449,0.13,0.13,17.37,100.0,0.0016219918,0.15345551
95460,4654949,0.16,0.16,17.2,100.0,0.0016210918000000001,0.15345050999999998
95470,4655449,0.17,0.17,17.3,100.0,0.0016201918000000003,0.15344551
95480,4655946,0.17,0.17,16.99,100.0,0.001619297199999998,0.15344054
95490,4656434,0.19,0.19,16.61,100.0,0.0016184188000000002,0.15343566
95500,4656934,0.19,0.19,16.61,100.0,0.0016175188000000004,0.15343066
95510,4657420,0.2,0.2,16.15,100.0,0.0016166439999999987,0.1534258
95520,4657905,0.19,0.19,16.15,100.0,0.0016157709999999985,0.15342095
95530,4658399,0.16,0.16,15.88,100.0,0.0016148817999999988,0.15341601
95540,4658899,0.17,0.17,15.71,100.0,0.001613981799999999,0.15341101
95550,4659395,0.16,0.16,15.87,100.0,0.0016130889999999998,0.15340605
95560,4659886,0.13,0.13,15.87,100.0,0.0016122051999999994,0.15340114
95570,4660382,0.14,0.14,16.04,100.0,0.0016113123999999986,0.15339618
95580,4660882,0.13,0.13,16.04,100.0,0.0016104123999999987,0.15339118
95590,4661382,0.13,0.13,16.26,100.0,0.0016095123999999988,0.15338617999999998
95600,4661882,0.14,0.14,16.27,100.0,0.001608612399999999,0.15338118
95610,4662374,0.14,0.14,16.82,100.0,0.0016077267999999988,0.15337626
95620,4662856,0.16,0.16,16.09,100.0,0.0016068591999999996,0.15337144
95630,4663356,0.18,0.18,16.36,100.0,0.0016059591999999998,0.15336644
95640,4663856,0.19,0.19,16.45,100.0,0.0016050591999999982,0.15336144
95650,4664356,0.2,0.2,16.19,100.0,0.0016041591999999983,0.15335643999999998
95660,4664851,0.23,0.23,16.55,100.0,0.001603268199999999,0.15335149
95670,4665351,0.22,0.22,16.59,100.0,0.001602368199999999,0.15334649
95680,4665851,0.22,0.22,16.59,100.0,0.0016014681999999992,0.15334149
95690,4666351,0.22,0.22,16.18,100.0,0.0016005681999999993,0.15333649
95700,4666832,0.23,0.23,16.51,100.0,0.0015997023999999981,0.15333168
95710,4667329,0.25,0.25,16.59,100.0,0.0015988077999999992,0.15332671
95720,4667829,0.25,0.25,16.86,100.0,0.0015979077999999994,0.15332171
95730,4668329,0.24,0.24,16.81,100.0,0.0015970077999999995,0.15331671
95740,4668829,0.25,0.25,16.93,100.0,0.0015961077999999997,0.15331171
95750,4669328,0.24,0.24,17.05,100.0,0.0015952095999999995,0.15330672
95760,4669828,0.24,0.24,17.22,100.0,0.0015943095999999997,0.15330172
95770,4670328,0.23,0.23,17.34,100.0,0.001593409599999998,0.15329672
95780,4670828,0.24,0.24,17.09,100.0,0.0015925095999999982,0.15329172
95790,4671328,0.24,0.24,17.08,100.0,0.0015916095999999984,0.15328672
95800,4671824,0.24,0.24,16.96,100.0,0.0015907167999999992,0.15328176
95810,4672324,0.2,0.2,16.96,100.0,0.0015898167999999994,0.15327676
95820,4672824,0.18,0.18,16.96,100.0,0.0015889167999999995,0.15327176
95830,4673313,0.19,0.19,16.73,100.0,0.0015880365999999986,0.15326687
95840,4673801,0.15,0.15,16.73,100.0,0.0015871581999999992,0.15326199
95850,4674301,0.13,0.13,16.73,100.0,0.0015862581999999993,0.15325698999999998
95860,4674791,0.14,0.14,16.62,100.0,0.0015853762000000004,0.15325209
95870,4675284,0.15,0.15,16.54,100.0,0.0015844887999999988,0.15324716
95880,4675784,0.15,0.15,16.74,100.0,0.001583588799999999,0.15324216
95890,4676284,0.13,0.13,16.77,100.0,0.001582688799999999,0.15323715999999998
95900,4676769,0.11,0.11,16.77,100.0,0.0015818157999999988,0.15323230999999998
95910,4677269,0.13,0.13,16.88,100.0,0.001580915799999999,0.15322731
95920,4677764,0.14,0.14,16.8,100.0,0.0015800247999999996,0.15322236
95930,4678264,0.13,0.13,16.47,100.0,0.0015791247999999997,0.15321736
95940,4678760,0.14,0.14,16.46,100.0,0.0015782319999999989,0.1532124
95950,4679260,0.15,0.15,16.46,100.0,0.001577331999999999,0.1532074
95960,4679760,0.12,0.12,16.5,100.0,0.0015764319999999991,0.1532024
95970,4680260,0.12,0.12,17.1,100.0,0.0015755319999999993,0.15319739999999998
95980,4680760,0.13,0.13,17.21,100.0,0.0015746319999999994,0.1531924
95990,4681244,0.14,0.14,17.45,100.0,0.001573760799999999,0.15318756
96000,4681727,0.15,0.15,17.21,100.0,0.0015728914,0.15318273
96010,4682201,0.14,0.14,17.24,100.0,0.0015720382000000005,0.15317798999999999
96020,4682657,0.14,0.14,16.8,100.0,0.0015712173999999999,0.15317343
96030,4683157,0.14,0.14,16.39,100.0,0.0015703174,0.15316843
96040,4683657,0.13,0.13,16.39,100.0,0.0015694173999999984,0.15316343
96050,4684157,0.15,0.15,16.4,100.0,0.0015685173999999986,0.15315843
96060,4684639,0.15,0.15,16.66,100.0,0.0015676497999999994,0.15315361
96070,4685139,0.16,0.16,16.87,100.0,0.0015667497999999995,0.15314861
96080,4685639,0.14,0.14,16.87,100.0,0.0015658497999999996,0.15314360999999999
96090,4686139,0.13,0.13,17.16,100.0,0.001564949799999998,0.15313861
96100,4686639,0.13,0.13,16.75,100.0,0.0015640497999999982,0.15313361
96110,4687139,0.16,0.16,17.4,100.0,0.0015631497999999983,0.15312861
96120,4687639,0.17,0.17,17.13,100.0,0.0015622497999999985,0.15312361
96130,4688139,0.16,0.16,17.44,100.0,0.0015613497999999986,0.15311861
96140,4688637,0.18,0.18,17.43,100.0,0.0015604534,0.15311363
96150,4689123,0.16,0.16,17.5,100.0,0.0015595785999999983,0.15310877
96160,4689623,0.16,0.16,17.29,100.0,0.0015586785999999984,0.15310377
96170,4690121,0.16,0.16,17.97,100.0,0.0015577821999999998,0.15309878999999998
96180,4690601,0.2,0.2,18.49,100.0,0.0015569182,0.15309399
96190,4691101,0.21,0.21,18.23,100.0,0.0015560182000000002,0.15308899
96200,4691590,0.22,0.22,18.45,100.0,0.0015551379999999993,0.1530841
96210,4692090,0.18,0.18,18.45,100.0,0.0015542379999999995,0.1530791
96220,4692590,0.19,0.19,18.51,100.0,0.0015533379999999996,0.1530741
96230,4693074,0.2,0.2,18.32,100.0,0.0015524667999999991,0.15306925999999998
96240,4693574,0.19,0.19,17.98,100.0,0.0015515667999999993,0.15306426
96250,4694074,0.19,0.19,18.08,100.0,0.0015506667999999994,0.15305926
96260,4694574,0.18,0.18,18.08,100.0,0.0015497667999999996,0.15305426
96270,4695066,0.18,0.18,18.45,100.0,0.0015488811999999994,0.15304934
96280,4695566,0.16,0.16,18.83,100.0,0.0015479811999999996,0.15304434
96290,4696065,0.17,0.17,18.64,100.0,0.0015470829999999994,0.15303935
96300,4696558,0.17,0.17,18.22,100.0,0.0015461955999999995,0.15303442
96310,4697058,0.17,0.17,18.22,100.0,0.0015452955999999997,0.15302942
96320,4697558,0.16,0.16,18.65,100.0,0.0015443955999999998,0.15302442
96330,4698054,0.18,0.18,19.3,100.0,0.001543502799999999,0.15301946
96340,4698554,0.18,0.18,19.41,100.0,0.001542602799999999,0.15301446
96350,4699054,0.19,0.19,19.13,100.0,0.0015417027999999992,0.15300945999999999
96360,4699533,0.22,0.22,19.36,100.0,0.0015408405999999993,0.15300467
96370,4700032,0.21,0.21,19.41,100.0,0.0015399423999999991,0.15299968
96380,4700532,0.23,0.23,18.81,100.0,0.0015390423999999993,0.15299468
96390,4701032,0.21,0.21,18.94,100.0,0.0015381423999999994,0.15298968
96400,4701532,0.22,0.22,18.9,100.0,0.0015372423999999996,0.15298467999999998
96410,4702032,0.23,0.23,18.51,100.0,0.0015363423999999997,0.15297968
96420,4702532,0.22,0.22,18.56,100.0,0.0015354423999999998,0.15297468
96430,4703032,0.19,0.19,18.47,100.0,0.0015345424,0.15296968
96440,4703532,0.2,0.2,18.48,100.0,0.0015336423999999984,0.15296468
96450,4704030,0.2,0.2,18.58,100.0,0.0015327459999999998,0.1529597
96460,4704530,0.17,0.17,18.58,100.0,0.0015318459999999982,0.1529547
96470,4705030,0.16,0.16,18.65,100.0,0.0015309459999999983,0.1529497
96480,4705510,0.14,0.14,18.62,100.0,0.0015300819999999986,0.1529449
96490,4706004,0.14,0.14,18.63,100.0,0.001529192799999999,0.15293995999999999
96500,4706482,0.12,0.12,18.63,100.0,0.0015283323999999987,0.15293518
96510,4706982,0.13,0.13,19.13,100.0,0.0015274323999999988,0.15293018
96520,4707476,0.15,0.15,19.0,100.0,0.0015265431999999992,0.15292524
96530,4707976,0.16,0.16,19.77,100.0,0.0015256431999999993,0.15292023999999999
96540,4708476,0.15,0.15,19.79,100.0,0.0015247431999999995,0.15291524
96550,4708960,0.16,0.16,19.79,100.0,0.001523871999999999,0.1529104
96560,4709460,0.19,0.19,19.55,100.0,0.0015229719999999992,0.1529054
96570,4709956,0.19,0.19,19.78,100.0,0.0015220791999999983,0.15290044
96580,4710456,0.19,0.19,19.49,100.0,0.0015211791999999984,0.15289544
96590,4710956,0.19,0.19,19.73,100.0,0.0015202791999999986,0.15289044
96600,4711448,0.19,0.19,19.76,100.0,0.0015193936000000002,0.15288552
96610,4711939,0.17,0.17,19.76,100.0,0.0015185097999999998,0.15288061
96620,4712413,0.15,0.15,20.22,100.0,0.0015176566000000002,0.15287587
96630,4712913,0.14,0.14,20.21,100.0,0.0015167565999999987,0.15287087
96640,4713413,0.13,0.13,20.21,100.0,0.0015158565999999988,0.15286587
96650,4713913,0.1,0.1,20.21,100.0,0.001514956599999999,0.15286086999999998
96660,4714408,0.1,0.1,20.2,100.0,0.0015140655999999995,0.15285592
96670,4714900,0.1,0.1,19.95,100.0,0.0015131799999999994,0.152851
96680,4715400,0.1,0.1,19.72,100.0,0.0015122799999999995,0.15284599999999998
96690,4715900,0.13,0.13,19.56,100.0,0.0015113799999999997,0.152841
96700,4716379,0.12,0.12,19.56,100.0,0.0015105177999999997,0.15283621
96710,4716861,0.12,0.12,19.56,100.0,0.0015096501999999987,0.15283139
96720,4717349,0.12,0.12,19.33,100.0,0.0015087717999999993,0.15282651
96730,4717830,0.12,0.12,19.05,100.0,0.0015079059999999998,0.1528217
96740,4718330,0.13,0.13,19.43,100.0,0.001507006,0.1528167
96750,4718830,0.17,0.17,19.59,100.0,0.0015061060000000001,0.1528117
96760,4719330,0.16,0.16,18.99,100.0,0.0015052059999999985,0.1528067
96770,4719830,0.17,0.17,18.63,100.0,0.0015043059999999987,0.15280169999999998
96780,4720316,0.17,0.17,19.27,100.0,0.0015034311999999987,0.15279684
96790,4720811,0.15,0.15,18.95,100.0,0.0015025401999999993,0.15279188999999999
96800,4721285,0.16,0.16,19.08,100.0,0.0015016869999999998,0.15278714999999998
96810,4721748,0.16,0.16,19.08,100.0,0.0015008535999999992,0.15278252
96820,4722248,0.19,0.19,18.14,100.0,0.0014999535999999994,0.15277752
96830,4722745,0.2,0.2,18.47,100.0,0.0014990589999999988,0.15277255
96840,4723228,0.19,0.19,18.47,100.0,0.0014981895999999998,0.15276772
96850,4723721,0.15,0.15,18.47,100.0,0.0014973021999999982,0.15276278999999998
96860,4724198,0.16,0.16,18.14,100.0,0.0014964435999999994,0.15275802
96870,4724698,0.14,0.14,18.14,100.0,0.0014955435999999996,0.15275302
96880,4725178,0.12,0.12,18.14,100.0,0.0014946795999999998,0.15274822
96890,4725678,0.13,0.13,17.99,100.0,0.0014937796,0.15274322
96900,4726178,0.12,0.12,17.99,100.0,0.0014928796000000001,0.15273822
96910,4726658,0.13,0.13,18.35,100.0,0.0014920155999999987,0.15273342
96920,4727156,0.14,0.14,18.03,100.0,0.0014911191999999983,0.15272844
96930,4727656,0.14,0.14,18.18,100.0,0.0014902191999999984,0.15272344
96940,4728156,0.14,0.14,18.18,100.0,0.0014893191999999986,0.15271844
96950,4728656,0.17,0.17,17.76,100.0,0.0014884191999999987,0.15271344
96960,4729156,0.15,0.15,17.74,100.0,0.0014875191999999988,0.15270844
96970,4729631,0.18,0.18,17.7,100.0,0.0014866641999999996,0.15270369
96980,4730113,0.18,0.18,17.7,100.0,0.0014857965999999986,0.15269887
96990,4730609,0.18,0.18,17.75,100.0,0.0014849037999999995,0.15269391
97000,4731106,0.2,0.2,17.45,100.0,0.0014840091999999989,0.15268894
97010,4731597,0.21,0.21,16.85,100.0,0.0014831253999999985,0.15268403
97020,4732087,0.16,0.16,16.85,100.0,0.0014822433999999995,0.15267913
97030,4732567,0.16,0.16,16.37,100.0,0.0014813793999999998,0.15267433
97040,4733067,0.17,0.17,16.4,100.0,0.0014804793999999982,0.15266933
97050,4733556,0.14,0.14,16.4,100.0,0.001479599199999999,0.15266444
97060,4734056,0.16,0.16,16.04,100.0,0.0014786991999999992,0.15265944
97070,4734541,0.17,0.17,16.61,100.0,0.001477826199999999,0.15265459
97080,4735041,0.18,0.18,16.58,100.0,0.0014769261999999991,0.15264959
97090,4735534,0.15,0.15,16.58,100.0,0.0014760387999999992,0.15264466
97100,4736015,0.15,0.15,16.21,100.0,0.0014751729999999998,0.15263985
97110,4736515,0.16,0.16,16.34,100.0,0.001474273,0.15263485
97120,4737015,0.2,0.2,16.72,100.0,0.001473373,0.15262985
97130,4737499,0.18,0.18,16.72,100.0,0.0014725017999999996,0.15262501
97140,4737998,0.18,0.18,16.72,100.0,0.0014716035999999995,0.15262002
97150,4738498,0.22,0.22,16.82,100.0,0.0014707035999999996,0.15261502
97160,4738998,0.22,0.22,16.9,100.0,0.0014698035999999998,0.15261002
97170,4739498,0.19,0.19,16.89,100.0,0.0014689036,0.15260502
97180,4739988,0.2,0.2,16.65,100.0,0.0014680215999999992,0.15260012
97190,4740488,0.24,0.24,15.7,100.0,0.0014671215999999994,0.15259512
97200,4740972,0.24,0.24,15.87,100.0,0.001466250399999999,0.15259028
97210,4741447,0.23,0.23,15.98,100.0,0.0014653953999999997,0.15258553
97220,4741947,0.2,0.2,15.57,100.0,0.001464495399999998,0.15258053
97230,4742447,0.22,0.22,15.76,100.0,0.0014635953999999982,0.15257553
97240,4742947,0.22,0.22,15.86,100.0,0.0014626953999999984,0.15257052999999998
97250,4743447,0.18,0.18,15.86,100.0,0.0014617953999999985,0.15256553
97260,4743947,0.16,0.16,15.61,100.0,0.0014608953999999987,0.15256053
97270,4744439,0.16,0.16,15.84,100.0,0.0014600098000000002,0.15255561
97280,4744938,0.14,0.14,15.84,100.0,0.0014591115999999984,0.15255062
97290,4745406,0.14,0.14,15.19,100.0,0.001458269199999999,0.15254594
97300,4745904,0.14,0.14,15.78,100.0,0.0014573727999999987,0.15254096
97310,4746404,0.13,0.13,15.79,100.0,0.0014564727999999989,0.15253596
97320,4746904,0.14,0.14,15.78,100.0,0.001455572799999999,0.15253096
97330,4747387,0.12,0.12,15.78,100.0,0.0014547033999999983,0.15252612999999998
97340,4747887,0.13,0.13,16.48,100.0,0.0014538033999999984,0.15252113
97350,4748382,0.14,0.14,16.4,100.0,0.001452912399999999,0.15251618
97360,4748882,0.14,0.14,16.18,100.0,0.0014520123999999992,0.15251118
97370,4749379,0.13,0.13,16.18,100.0,0.0014511177999999986,0.15250621
97380,4749844,0.16,0.16,16.67,100.0,0.0014502808000000002,0.15250156
97390,4750344,0.16,0.16,16.22,100.0,0.0014493807999999987,0.15249656
97400,4750840,0.15,0.15,16.5,100.0,0.0014484879999999995,0.1524916
97410,4751340,0.15,0.15,16.56,100.0,0.0014475879999999997,0.1524866
97420,4751840,0.15,0.15,16.86,100.0,0.0014466879999999998,0.1524816
97430,4752340,0.15,0.15,16.86,100.0,0.001445788,0.1524766
97440,4752840,0.14,0.14,16.62,100.0,0.001444888,0.15247159999999998
97450,4753340,0.14,0.14,16.17,100.0,0.0014439880000000002,0.1524666
97460,4753836,0.13,0.13,16.17,100.0,0.0014430951999999993,0.15246164
97470,4754336,0.15,0.15,16.38,100.0,0.0014421951999999995,0.15245664
97480,4754826,0.14,0.14,16.39,100.0,0.0014413131999999988,0.15245174
97490,4755326,0.13,0.13,16.81,100.0,0.001440413199999999,0.15244674
97500,4755807,0.15,0.15,17.07,100.0,0.0014395473999999995,0.15244193
97510,4756307,0.15,0.15,16.72,100.0,0.0014386473999999996,0.15243693
97520,4756798,0.15,0.15,17.08,100.0,0.0014377635999999992,0.15243202
97530,4757298,0.17,0.17,16.99,100.0,0.0014368635999999994,0.15242702
97540,4757787,0.21,0.21,16.37,100.0,0.0014359833999999985,0.15242213
97550,4758287,0.21,0.21,16.57,100.0,0.0014350833999999986,0.15241713
97560,4758770,0.22,0.22,16.54,100.0,0.0014342139999999996,0.1524123
97570,4759262,0.24,0.24,16.65,100.0,0.0014333283999999995,0.15240737999999998
97580,4759762,0.25,0.25,17.71,100.0,0.0014324283999999996,0.15240238
97590,4760262,0.22,0.22,17.71,100.0,0.0014315283999999998,0.15239738
97600,4760762,0.19,0.19,17.71,100.0,0.0014306284,0.15239238
97610,4761244,0.19,0.19,17.71,100.0,0.001429760799999999,0.15238756
97620,4761744,0.17,0.17,17.71,100.0,0.001428860799999999,0.15238256
97630,4762238,0.16,0.16,17.57,100.0,0.0014279715999999994,0.15237762
97640,4762734,0.12,0.12,17.29,100.0,0.0014270787999999986,0.15237266
97650,4763234,0.11,0.11,17.29,100.0,0.0014261787999999987,0.15236766
97660,4763734,0.11,0.11,17.58,100.0,0.0014252787999999988,0.15236265999999998
97670,4764234,0.09,0.09,18.16,100.0,0.001424378799999999,0.15235766
97680,4764734,0.07,0.07,18.46,100.0,0.0014234787999999991,0.15235266
97690,4765234,0.08,0.08,18.37,100.0,0.0014225787999999993,0.15234766
97700,4765734,0.09,0.09,18.73,100.0,0.0014216787999999994,0.15234266
97710,4766234,0.08,0.08,18.73,100.0,0.0014207787999999996,0.15233765999999999
97720,4766728,0.11,0.11,18.96,100.0,0.0014198896,0.15233272
97730,4767228,0.12,0.12,18.8,100.0,0.0014189895999999983,0.15232772
97740,4767728,0.14,0.14,18.89,100.0,0.0014180895999999985,0.15232272
97750,4768210,0.16,0.16,18.87,100.0,0.0014172219999999992,0.1523179
97760,4768699,0.17,0.17,18.45,100.0,0.0014163417999999983,0.15231301
97770,4769199,0.19,0.19,18.84,100.0,0.0014154417999999985,0.15230801
97780,4769699,0.2,0.2,19.21,100.0,0.0014145417999999986,0.15230301
97790,4770199,0.2,0.2,19.21,100.0,0.0014136417999999987,0.15229800999999998
97800,4770699,0.2,0.2,19.47,100.0,0.0014127417999999989,0.15229301
97810,4771199,0.21,0.21,19.51,100.0,0.001411841799999999,0.15228801
97820,4771699,0.18,0.18,19.51,100.0,0.0014109417999999992,0.15228301
97830,4772199,0.18,0.18,19.51,100.0,0.0014100417999999993,0.15227801
97840,4772699,0.17,0.17,19.24,100.0,0.0014091417999999994,0.15227301
97850,4773199,0.16,0.16,19.26,100.0,0.0014082417999999996,0.15226801
97860,4773699,0.14,0.14,19.26,100.0,0.0014073417999999997,0.15226301
97870,4774192,0.13,0.13,19.69,100.0,0.0014064543999999998,0.15225808
97880,4774672,0.13,0.13,19.44,100.0,0.0014055904,0.15225328
97890,4775153,0.13,0.13,19.65,100.0,0.001404724599999999,0.15224847
97900,4775653,0.13,0.13,19.67,100.0,0.001403824599999999,0.15224347
97910,4776153,0.15,0.15,19.46,100.0,0.0014029245999999992,0.15223847
97920,4776653,0.18,0.18,19.15,100.0,0.0014020245999999993,0.15223346999999998
97930,4777145,0.18,0.18,19.16,100.0,0.0014011389999999992,0.15222855
97940,4777635,0.16,0.16,19.16,100.0,0.0014002569999999985,0.15222365
97950,4778130,0.15,0.15,19.16,100.0,0.0013993659999999991,0.15221869999999998
97960,4778626,0.16,0.16,19.13,100.0,0.0013984731999999982,0.15221374
97970,4779121,0.14,0.14,19.12,100.0,0.0013975821999999988,0.15220878999999998
97980,4779603,0.13,0.13,18.91,100.0,0.0013967145999999996,0.15220397
97990,4780094,0.13,0.13,18.63,100.0,0.0013958307999999992,0.15219906
98000,4780587,0.13,0.13,18.57,100.0,0.0013949433999999993,0.15219412999999998
98010,4781087,0.1,0.1,18.57,100.0,0.0013940433999999995,0.15218913
98020,4781587,0.09,0.09,18.52,100.0,0.0013931433999999996,0.15218413
98030,4782087,0.09,0.09,18.22,100.0,0.0013922433999999997,0.15217913
98040,4782575,0.11,0.11,18.26,100.0,0.0013913649999999986,0.15217425
98050,4783075,0.12,0.12,18.09,100.0,0.0013904649999999987,0.15216925
98060,4783564,0.12,0.12,17.88,100.0,0.0013895847999999995,0.15216436
98070,4784064,0.11,0.11,17.88,100.0,0.0013886847999999997,0.15215936
98080,4784547,0.12,0.12,18.42,100.0,0.001387815399999999,0.15215453
98090,4785047,0.12,0.12,18.44,100.0,0.0013869153999999991,0.15214953
98100,4785546,0.12,0.12,18.54,100.0,0.001386017199999999,0.15214454
98110,4786035,0.14,0.14,18.4,100.0,0.001385136999999998,0.15213965
98120,4786531,0.12,0.12,18.4,100.0,0.001384244199999999,0.15213469
98130,4787031,0.1,0.1,18.4,100.0,0.001383344199999999,0.15212968999999998
98140,4787531,0.08,0.08,18.4,100.0,0.0013824441999999992,0.15212469
98150,4788024,0.11,0.11,17.92,100.0,0.0013815567999999993,0.15211976
98160,4788519,0.1,0.1,17.92,100.0,0.0013806658,0.15211481
98170,4789019,0.11,0.11,18.37,100.0,0.0013797658,0.15210981
98180,4789519,0.11,0.11,18.09,100.0,0.0013788658000000002,0.15210481
98190,4790019,0.12,0.12,18.42,100.0,0.0013779658000000004,0.15209981
98200,4790519,0.13,0.13,18.06,100.0,0.0013770658000000005,0.15209481
98210,4791007,0.12,0.12,17.74,100.0,0.0013761873999999993,0.15208992999999998
98220,4791498,0.13,0.13,17.57,100.0,0.001375303599999999,0.15208502
98230,4791998,0.15,0.15,17.84,100.0,0.001374403599999999,0.15208001999999998
98240,4792498,0.18,0.18,17.36,100.0,0.0013735035999999992,0.15207502
98250,4792984,0.16,0.16,17.83,100.0,0.0013726287999999993,0.15207016
98260,4793454,0.16,0.16,17.83,100.0,0.0013717827999999987,0.15206545999999999
98270,4793946,0.15,0.15,17.83,100.0,0.0013708971999999986,0.15206054
98280,4794435,0.14,0.14,18.1,100.0,0.0013700169999999994,0.15205565
98290,4794930,0.15,0.15,17.83,100.0,0.0013691259999999983,0.15205069999999998
98300,4795427,0.17,0.17,17.92,100.0,0.0013682313999999994,0.15204573
98310,4795927,0.17,0.17,18.34,100.0,0.0013673313999999995,0.15204073
98320,4796423,0.17,0.17,18.42,100.0,0.0013664385999999987,0.15203577
98330,4796900,0.17,0.17,17.67,100.0,0.00136558,0.152031
98340,4797400,0.15,0.15,17.84,100.0,0.00136468,0.152026
98350,4797870,0.13,0.13,17.84,100.0,0.0013638339999999995,0.1520213
98360,4798363,0.15,0.15,18.41,100.0,0.0013629465999999996,0.15201637
98370,4798843,0.15,0.15,18.41,100.0,0.0013620826,0.15201156999999998
98380,4799330,0.14,0.14,18.41,100.0,0.0013612059999999985,0.1520067
98390,4799830,0.14,0.14,17.81,100.0,0.0013603059999999986,0.1520017
98400,4800318,0.12,0.12,17.78,100.0,0.0013594275999999992,0.15199681999999998
98410,4800818,0.15,0.15,17.78,100.0,0.0013585275999999993,0.15199182
98420,4801300,0.18,0.18,17.27,100.0,0.0013576599999999984,0.15198699999999998
98430,4801800,0.17,0.17,17.71,100.0,0.0013567599999999985,0.151982
98440,4802300,0.17,0.17,17.63,100.0,0.0013558599999999987,0.151977
98450,4802780,0.17,0.17,17.63,100.0,0.001354995999999999,0.1519722
98460,4803264,0.16,0.16,17.39,100.0,0.0013541248000000002,0.15196736
98470,4803764,0.16,0.16,17.39,100.0,0.0013532248000000004,0.15196236
98480,4804247,0.21,0.21,17.84,100.0,0.0013523553999999997,0.15195753
98490,4804747,0.18,0.18,17.84,100.0,0.0013514553999999998,0.15195253
98500,4805247,0.18,0.18,17.66,100.0,0.0013505553999999982,0.15194753
98510,4805736,0.16,0.16,17.31,100.0,0.001349675199999999,0.15194264
98520,4806205,0.17,0.17,17.1,100.0,0.0013488309999999983,0.15193795
98530,4806700,0.18,0.18,16.94,100.0,0.0013479399999999989,0.15193299999999998
98540,4807200,0.18,0.18,16.84,100.0,0.001347039999999999,0.151928
98550,4807700,0.21,0.21,17.26,100.0,0.0013461399999999991,0.151923
98560,4808198,0.23,0.23,17.64,100.0,0.0013452435999999988,0.15191802
98570,4808698,0.24,0.24,17.44,100.0,0.001344343599999999,0.15191302
98580,4809198,0.21,0.21,17.62,100.0,0.001343443599999999,0.15190801999999998
98590,4809698,0.21,0.21,17.62,100.0,0.0013425435999999992,0.15190302
98600,4810178,0.2,0.2,17.66,100.0,0.0013416795999999995,0.15189822
98610,4810678,0.2,0.2,17.78,100.0,0.0013407795999999996,0.15189322
98620,4811178,0.17,0.17,17.82,100.0,0.0013398795999999998,0.15188822
98630,4811678,0.17,0.17,17.78,100.0,0.0013389796,0.15188321999999999
98640,4812178,0.2,0.2,18.0,100.0,0.0013380796,0.15187822
98650,4812678,0.19,0.19,18.09,100.0,0.0013371795999999984,0.15187321999999998
98660,4813178,0.17,0.17,18.09,100.0,0.0013362795999999986,0.15186822
98670,4813678,0.18,0.18,18.79,100.0,0.0013353795999999987,0.15186322
98680,4814178,0.17,0.17,18.87,100.0,0.0013344795999999989,0.15185822
98690,4814655,0.2,0.2,18.73,100.0,0.0013336210000000001,0.15185345
98700,4815147,0.2,0.2,18.68,100.0,0.0013327353999999982,0.15184852999999998
98710,4815633,0.18,0.18,18.68,100.0,0.0013318605999999983,0.15184367
98720,4816133,0.17,0.17,18.31,100.0,0.0013309605999999984,0.15183867
98730,4816627,0.16,0.16,18.38,100.0,0.0013300713999999988,0.15183373
98740,4817121,0.14,0.14,18.68,100.0,0.0013291821999999991,0.15182879
98750,4817612,0.14,0.14,18.04,100.0,0.0013282983999999987,0.15182388
98760,4818112,0.14,0.14,18.19,100.0,0.0013273983999999989,0.15181888
98770,4818612,0.14,0.14,18.17,100.0,0.001326498399999999,0.15181388
98780,4819112,0.14,0.14,17.83,100.0,0.0013255983999999991,0.15180887999999998
98790,4819612,0.14,0.14,18.17,100.0,0.0013246983999999993,0.15180388
98800,4820112,0.17,0.17,18.33,100.0,0.0013237983999999994,0.15179888
98810,4820607,0.22,0.22,17.44,100.0,0.0013229073999999983,0.15179393
98820,4821107,0.22,0.22,17.38,100.0,0.0013220073999999984,0.15178893
98830,4821607,0.21,0.21,17.38,100.0,0.0013211073999999986,0.15178393
98840,4822089,0.2,0.2,17.57,100.0,0.0013202397999999994,0.15177911
98850,4822589,0.21,0.21,17.4,100.0,0.0013193397999999995,0.15177411
98860,4823089,0.22,0.22,17.13,100.0,0.0013184397999999996,0.15176910999999998
98870,4823586,0.23,0.23,17.59,100.0,0.001317545199999999,0.15176414
98880,4824086,0.24,0.24,17.36,100.0,0.0013166451999999992,0.15175914
98890,4824555,0.22,0.22,17.21,100.0,0.0013158010000000001,0.15175444999999999
98900,4825049,0.18,0.18,17.21,100.0,0.0013149117999999987,0.15174950999999998
98910,4825532,0.17,0.17,17.63,100.0,0.0013140423999999998,0.15174468
98920,4826032,0.16,0.16,17.63,100.0,0.0013131423999999982,0.15173968
98930,4826528,0.18,0.18,17.7,100.0,0.001312249599999999,0.15173472
98940,4827026,0.19,0.19,17.3,100.0,0.0013113531999999987,0.15172974
98950,4827526,0.17,0.17,17.23,100.0,0.0013104531999999988,0.15172474
98960,4828021,0.15,0.15,17.23,100.0,0.0013095621999999994,0.15171979
98970,4828521,0.12,0.12,17.23,100.0,0.0013086621999999996,0.15171479
98980,4829020,0.11,0.11,17.19,100.0,0.0013077639999999995,0.1517098
98990,4829510,0.11,0.11,17.16,100.0,0.0013068819999999988,0.15170489999999998
99000,4830004,0.13,0.13,17.0,100.0,0.0013059927999999991,0.15169996
99010,4830493,0.1,0.1,16.82,100.0,0.0013051125999999982,0.15169507
99020,4830982,0.12,0.12,16.78,100.0,0.001304232399999999,0.15169018
99030,4831472,0.11,0.11,16.91,100.0,0.0013033503999999984,0.15168527999999998
99040,4831969,0.11,0.11,16.64,100.0,0.0013024557999999995,0.15168030999999998
99050,4832446,0.13,0.13,16.0,100.0,0.001301597199999999,0.15167554
99060,4832932,0.15,0.15,16.01,100.0,0.001300722399999999,0.15167068
99070,4833428,0.17,0.17,16.23,100.0,0.0012998295999999982,0.15166572
99080,4833925,0.18,0.18,15.78,100.0,0.0012989349999999993,0.15166075
99090,4834409,0.18,0.18,15.66,100.0,0.0012980637999999989,0.15165591
99100,4834895,0.17,0.17,15.42,100.0,0.001297188999999999,0.15165105
99110,4835395,0.16,0.16,15.42,100.0,0.001296288999999999,0.15164604999999998
99120,4835891,0.18,0.18,15.9,100.0,0.0012953962,0.15164108999999998
99130,4836391,0.2,0.2,16.22,100.0,0.0012944962,0.15163609
99140,4836891,0.2,0.2,15.77,100.0,0.0012935962000000002,0.15163109
99150,4837391,0.19,0.19,15.66,100.0,0.0012926962000000004,0.15162609
99160,4837891,0.17,0.17,15.66,100.0,0.0012917961999999988,0.15162109
99170,4838391,0.18,0.18,15.76,100.0,0.001290896199999999,0.15161608999999998
99180,4838891,0.17,0.17,15.82,100.0,0.001289996199999999,0.15161109
99190,4839372,0.17,0.17,15.98,100.0,0.0012891303999999996,0.15160627999999998
99200,4839872,0.18,0.18,15.55,100.0,0.0012882303999999997,0.15160128
99210,4840372,0.2,0.2,15.65,100.0,0.0012873303999999999,0.15159628
99220,4840872,0.16,0.16,15.65,100.0,0.0012864304,0.15159128
99230,4841362,0.14,0.14,15.41,100.0,0.0012855483999999993,0.15158638
99240,4841862,0.14,0.14,15.32,100.0,0.0012846483999999995,0.15158138
99250,4842362,0.12,0.12,15.32,100.0,0.0012837483999999996,0.15157638
99260,4842849,0.13,0.13,15.06,100.0,0.0012828717999999982,0.15157151
99270,4843349,0.11,0.11,15.08,100.0,0.0012819717999999983,0.15156651
99280,4843836,0.11,0.11,14.77,100.0,0.0012810951999999987,0.15156164
99290,4844316,0.11,0.11,14.75,100.0,0.001280231199999999,0.15155684
99300,4844816,0.09,0.09,14.75,100.0,0.001279331199999999,0.15155184
99310,4845303,0.09,0.09,14.79,100.0,0.0012784545999999994,0.15154697
99320,4845801,0.11,0.11,14.79,100.0,0.001277558199999999,0.15154199
99330,4846301,0.13,0.13,15.14,100.0,0.0012766581999999992,0.15153698999999998
99340,4846801,0.13,0.13,15.33,100.0,0.0012757581999999993,0.15153199
99350,4847291,0.15,0.15,14.98,100.0,0.0012748761999999986,0.15152708999999998
99360,4847790,0.14,0.14,14.98,100.0,0.0012739779999999985,0.1515221
99370,4848290,0.16,0.16,14.86,100.0,0.0012730779999999987,0.1515171
99380,4848790,0.17,0.17,14.9,100.0,0.0012721779999999988,0.15151209999999998
99390,4849290,0.19,0.19,14.6,100.0,0.001271277999999999,0.1515071
99400,4849783,0.21,0.21,14.71,100.0,0.001270390599999999,0.15150217
99410,4850283,0.2,0.2,14.69,100.0,0.0012694905999999992,0.15149717
99420,4850783,0.2,0.2,14.58,100.0,0.0012685905999999993,0.15149216999999998
99430,4851263,0.17,0.17,14.58,100.0,0.0012677265999999996,0.15148737
99440,4851759,0.16,0.16,14.28,100.0,0.0012668337999999987,0.15148241
99450,4852259,0.15,0.15,14.43,100.0,0.0012659337999999989,0.15147740999999998
99460,4852759,0.16,0.16,14.81,100.0,0.001265033799999999,0.15147241
99470,4853259,0.16,0.16,14.59,100.0,0.0012641337999999992,0.15146741
99480,4853759,0.14,0.14,14.59,100.0,0.0012632337999999993,0.15146241
99490,4854259,0.11,0.11,14.59,100.0,0.0012623337999999994,0.15145741
99500,4854759,0.11,0.11,14.97,100.0,0.0012614337999999996,0.15145240999999998
99510,4855241,0.13,0.13,15.78,100.0,0.0012605661999999986,0.15144759
99520,4855723,0.12,0.12,15.8,100.0,0.0012596985999999994,0.15144277
99530,4856207,0.14,0.14,16.03,100.0,0.001258827399999999,0.15143793
99540,4856707,0.15,0.15,16.28,100.0,0.001257927399999999,0.15143293
99550,4857207,0.15,0.15,16.28,100.0,0.0012570273999999992,0.15142793
99560,4857693,0.15,0.15,16.49,100.0,0.0012561525999999993,0.15142307
99570,4858193,0.12,0.12,16.49,100.0,0.0012552525999999994,0.15141807
99580,4858693,0.16,0.16,16.64,100.0,0.0012543525999999996,0.15141306999999998
99590,4859193,0.19,0.19,16.77,100.0,0.0012534525999999997,0.15140807
99600,4859681,0.19,0.19,16.69,100.0,0.0012525741999999986,0.15140319
99610,4860181,0.17,0.17,16.31,100.0,0.0012516741999999987,0.15139819
99620,4860681,0.17,0.17,16.63,100.0,0.0012507741999999988,0.15139319
99630,4861181,0.16,0.16,16.32,100.0,0.001249874199999999,0.15138818999999998
99640,4861663,0.17,0.17,16.46,100.0,0.0012490065999999998,0.15138337
99650,4862163,0.17,0.17,16.33,100.0,0.0012481066,0.15137836999999998
99660,4862663,0.17,0.17,16.08,100.0,0.0012472066,0.15137337
99670,4863155,0.18,0.18,16.11,100.0,0.0012463209999999982,0.15136845
99680,4863648,0.15,0.15,16.09,100.0,0.0012454336,0.15136352
99690,4864148,0.14,0.14,15.78,100.0,0.0012445336000000001,0.15135852
99700,4864648,0.16,0.16,15.91,100.0,0.0012436336000000003,0.15135352
99710,4865148,0.16,0.16,15.9,100.0,0.0012427335999999987,0.15134852
99720,4865648,0.17,0.17,16.2,100.0,0.0012418335999999988,0.15134352
99730,4866129,0.17,0.17,16.11,100.0,0.0012409677999999993,0.15133871
99740,4866629,0.17,0.17,16.11,100.0,0.0012400677999999995,0.15133371
99750,4867129,0.18,0.18,15.99,100.0,0.0012391677999999996,0.15132870999999998
99760,4867628,0.22,0.22,16.11,100.0,0.0012382695999999995,0.15132372
99770,4868128,0.22,0.22,16.18,100.0,0.0012373695999999997,0.15131872
99780,4868628,0.21,0.21,16.18,100.0,0.0012364695999999998,0.15131371999999998
99790,4869123,0.19,0.19,16.18,100.0,0.0012355785999999987,0.15130876999999998
99800,4869623,0.17,0.17,16.27,100.0,0.0012346785999999988,0.15130377
99810,4870120,0.19,0.19,16.85,100.0,0.001233784,0.1512988
99820,4870615,0.21,0.21,16.33,100.0,0.0012328929999999988,0.15129385
99830,4871115,0.21,0.21,16.04,100.0,0.001231992999999999,0.15128885
99840,4871615,0.18,0.18,16.04,100.0,0.001231092999999999,0.15128385
99850,4872103,0.16,0.16,16.04,100.0,0.0012302145999999996,0.15127897
99860,4872602,0.13,0.13,15.99,100.0,0.0012293163999999995,0.15127398
99870,4873095,0.15,0.15,15.77,100.0,0.0012284289999999996,0.15126905
99880,4873566,0.16,0.16,16.06,100.0,0.0012275811999999994,0.15126434
99890,4874065,0.17,0.17,15.78,100.0,0.0012266829999999992,0.15125935
99900,4874565,0.19,0.19,16.13,100.0,0.0012257829999999994,0.15125434999999998
99910,4875049,0.2,0.2,16.41,100.0,0.001224911799999999,0.15124950999999998
99920,4875540,0.19,0.19,16.09,100.0,0.0012240280000000003,0.1512446
99930,4876040,0.21,0.21,15.92,100.0,0.0012231279999999987,0.1512396
99940,4876540,0.22,0.22,15.88,100.0,0.0012222279999999988,0.1512346
99950,4877025,0.24,0.24,16.3,100.0,0.0012213549999999986,0.15122975
99960,4877525,0.22,0.22,16.3,100.0,0.0012204549999999988,0.15122475
99970,4878009,0.2,0.2,16.21,100.0,0.0012195838,0.15121991
99980,4878478,0.2,0.2,16.19,100.0,0.0012187395999999993,0.15121521999999998
99990,4878955,0.23,0.23,16.01,100.0,0.0012178809999999988,0.15121045
100000,4879455,0.2,0.2,15.99,100.0,0.001216980999999999,0.15120545
100010,4879955,0.18,0.18,16.0,100.0,0.001216080999999999,0.15120045
100020,4880455,0.17,0.17,16.58,100.0,0.0012151809999999992,0.15119545
100030,4880955,0.18,0.18,17.14,100.0,0.0012142809999999993,0.15119044999999998
100040,4881455,0.17,0.17,17.14,100.0,0.0012133809999999995,0.15118545
100050,4881955,0.17,0.17,17.29,100.0,0.0012124809999999996,0.15118045
100060,4882455,0.17,0.17,17.29,100.0,0.0012115809999999998,0.15117545
100070,4882955,0.17,0.17,17.62,100.0,0.001210681,0.15117045
100080,4883455,0.19,0.19,16.87,100.0,0.001209781,0.15116544999999998
100090,4883955,0.16,0.16,16.54,100.0,0.0012088810000000002,0.15116045
100100,4884455,0.19,0.19,16.07,100.0,0.0012079810000000003,0.15115545
100110,4884954,0.18,0.18,16.31,100.0,0.0012070827999999985,0.15115046
100120,4885448,0.16,0.16,16.31,100.0,0.0012061935999999988,0.15114551999999998
100130,4885948,0.15,0.15,16.99,100.0,0.001205293599999999,0.15114052
100140,4886448,0.15,0.15,16.99,100.0,0.0012043935999999991,0.15113552
100150,4886919,0.13,0.13,16.99,100.0,0.0012035457999999988,0.15113081
100160,4887419,0.15,0.15,16.66,100.0,0.001202645799999999,0.15112581
100170,4887919,0.18,0.18,16.21,100.0,0.0012017457999999991,0.15112081
100180,4888411,0.15,0.15,16.21,100.0,0.001200860199999999,0.15111589
100190,4888901,0.15,0.15,16.39,100.0,0.0011999782,0.15111099
100200,4889400,0.11,0.11,16.39,100.0,0.00119908,0.151106
100210,4889880,0.14,0.14,16.23,100.0,0.0011982160000000002,0.1511012
100220,4890380,0.16,0.16,15.95,100.0,0.0011973160000000004,0.1510962
100230,4890880,0.14,0.14,16.35,100.0,0.0011964159999999988,0.15109119999999998
100240,4891380,0.14,0.14,16.35,100.0,0.001195515999999999,0.1510862
100250,4891865,0.18,0.18,16.56,100.0,0.0011946429999999987,0.15108135
100260,4892365,0.19,0.19,16.77,100.0,0.0011937429999999988,0.15107635
100270,4892865,0.15,0.15,16.77,100.0,0.001192842999999999,0.15107135
100280,4893351,0.16,0.16,17.07,100.0,0.001191968199999999,0.15106649
100290,4893851,0.18,0.18,17.38,100.0,0.0011910681999999992,0.15106149
100300,4894351,0.19,0.19,17.29,100.0,0.0011901681999999993,0.15105649
100310,4894842,0.16,0.16,17.29,100.0,0.001189284399999999,0.15105158
100320,4895337,0.17,0.17,16.98,100.0,0.0011883933999999995,0.15104663
100330,4895837,0.18,0.18,16.96,100.0,0.0011874933999999997,0.15104162999999998
100340,4896337,0.19,0.19,16.97,100.0,0.0011865933999999998,0.15103663
100350,4896829,0.18,0.18,17.29,100.0,0.0011857077999999997,0.15103170999999999
100360,4897329,0.16,0.16,17.01,100.0,0.001184807799999998,0.15102671
100370,4897829,0.21,0.21,17.34,100.0,0.0011839077999999982,0.15102170999999998
100380,4898329,0.21,0.21,17.36,100.0,0.0011830077999999983,0.15101671
100390,4898829,0.18,0.18,17.36,100.0,0.0011821077999999985,0.15101171
100400,4899314,0.19,0.19,16.89,100.0,0.0011812347999999983,0.15100686
100410,4899814,0.19,0.19,16.66,100.0,0.0011803347999999984,0.15100186
100420,4900314,0.17,0.17,16.47,100.0,0.0011794347999999986,0.15099686
100430,4900814,0.17,0.17,17.08,100.0,0.0011785347999999987,0.15099185999999998
100440,4901314,0.19,0.19,17.75,100.0,0.0011776347999999989,0.15098686
100450,4901795,0.19,0.19,18.2,100.0,0.0011767689999999994,0.15098204999999998
100460,4902295,0.2,0.2,18.0,100.0,0.0011758689999999995,0.15097705
100470,4902795,0.16,0.16,18.43,100.0,0.0011749689999999997,0.15097205
100480,4903277,0.2,0.2,18.41,100.0,0.0011741013999999987,0.15096723
100490,4903777,0.22,0.22,18.36,100.0,0.0011732013999999989,0.15096222999999998
100500,4904277,0.21,0.21,18.25,100.0,0.001172301399999999,0.15095723
100510,4904777,0.21,0.21,18.27,100.0,0.0011714013999999991,0.15095223
100520,4905277,0.2,0.2,18.27,100.0,0.0011705013999999993,0.15094723
100530,4905769,0.19,0.19,18.5,100.0,0.0011696157999999991,0.15094231
100540,4906269,0.16,0.16,18.5,100.0,0.0011687157999999993,0.15093731
100550,4906769,0.15,0.15,18.75,100.0,0.0011678157999999994,0.15093231
100560,4907251,0.15,0.15,18.37,100.0,0.0011669481999999985,0.15092749
100570,4907751,0.16,0.16,18.52,100.0,0.0011660481999999986,0.15092249
100580,4908236,0.12,0.12,18.13,100.0,0.0011651751999999984,0.15091764
100590,4908733,0.12,0.12,18.12,100.0,0.0011642805999999995,0.15091267
100600,4909233,0.12,0.12,18.28,100.0,0.0011633805999999997,0.15090767
100610,4909716,0.13,0.13,18.37,100.0,0.001162511199999999,0.15090283999999998
100620,4910212,0.16,0.16,18.44,100.0,0.0011616183999999998,0.15089787999999998
100630,4910711,0.16,0.16,18.43,100.0,0.0011607201999999997,0.15089289
100640,4911211,0.17,0.17,18.3,100.0,0.0011598201999999998,0.15088789
100650,4911697,0.15,0.15,18.3,100.0,0.0011589454,0.15088303
100660,4912187,0.15,0.15,17.79,100.0,0.0011580633999999992,0.15087813
100670,4912687,0.15,0.15,18.06,100.0,0.0011571633999999994,0.15087313
100680,4913173,0.14,0.14,18.06,100.0,0.0011562885999999994,0.15086827
100690,4913673,0.12,0.12,18.06,100.0,0.0011553885999999996,0.15086327
100700,4914173,0.12,0.12,17.69,100.0,0.0011544885999999997,0.15085827
100710,4914673,0.11,0.11,17.61,100.0,0.0011535885999999999,0.15085326999999998
100720,4915159,0.09,0.09,17.28,100.0,0.0011527138,0.15084841
100730,4915649,0.1,0.1,16.98,100.0,0.0011518317999999993,0.15084351
100740,4916133,0.1,0.1,16.67,100.0,0.0011509605999999988,0.15083867
100750,4916633,0.12,0.12,16.97,100.0,0.001150060599999999,0.15083366999999998
100760,4917133,0.1,0.1,16.97,100.0,0.001149160599999999,0.15082867
100770,4917616,0.1,0.1,16.96,100.0,0.0011482911999999984,0.15082384
100780,4918115,0.11,0.11,16.93,100.0,0.0011473929999999983,0.15081885
100790,4918598,0.13,0.13,16.7,100.0,0.0011465235999999993,0.15081402
100800,4919094,0.12,0.12,16.7,100.0,0.0011456307999999985,0.15080906
100810,4919590,0.14,0.14,16.04,100.0,0.0011447379999999993,0.1508041
100820,4920085,0.15,0.15,15.65,100.0,0.0011438469999999982,0.15079915
100830,4920584,0.17,0.17,15.55,100.0,0.0011429487999999998,0.15079416
100840,4921084,0.16,0.16,15.55,100.0,0.0011420488,0.15078915999999998
100850,4921584,0.16,0.16,15.51,100.0,0.0011411488,0.15078416
100860,4922084,0.16,0.16,15.51,100.0,0.0011402487999999985,0.15077916
100870,4922572,0.15,0.15,15.44,100.0,0.001139370399999999,0.15077427999999998
100880,4923060,0.15,0.15,15.72,100.0,0.0011384919999999996,0.1507694
100890,4923545,0.14,0.14,15.73,100.0,0.0011376189999999994,0.15076455
100900,4924018,0.14,0.14,15.73,100.0,0.0011367675999999997,0.15075982
100910,4924518,0.12,0.12,15.82,100.0,0.0011358675999999998,0.15075482
100920,4925009,0.12,0.12,16.23,100.0,0.0011349837999999994,0.15074991
100930,4925506,0.08,0.08,16.23,100.0,0.0011340891999999988,0.15074494
100940,4926006,0.09,0.09,15.79,100.0,0.001133189199999999,0.15073994
100950,4926506,0.08,0.08,15.77,100.0,0.001132289199999999,0.15073493999999998
100960,4927006,0.1,0.1,15.84,100.0,0.0011313891999999992,0.15072994
100970,4927497,0.1,0.1,15.67,100.0,0.0011305053999999988,0.15072502999999998
100980,4927997,0.1,0.1,15.76,100.0,0.001129605399999999,0.15072003
100990,4928484,0.11,0.11,15.54,100.0,0.0011287287999999993,0.15071516
101000,4928984,0.12,0.12,15.58,100.0,0.0011278287999999994,0.15071015999999998
101010,4929470,0.13,0.13,15.33,100.0,0.0011269539999999995,0.1507053
101020,4929970,0.13,0.13,15.23,100.0,0.0011260539999999996,0.1507003
101030,4930470,0.16,0.16,15.08,100.0,0.0011251539999999997,0.15069529999999998
101040,4930968,0.15,0.15,15.08,100.0,0.0011242575999999994,0.15069032
101050,4931468,0.14,0.14,15.08,100.0,0.0011233575999999995,0.15068532
101060,4931956,0.14,0.14,15.1,100.0,0.0011224791999999983,0.15068044
101070,4932456,0.14,0.14,15.09,100.0,0.0011215791999999985,0.15067544
101080,4932956,0.14,0.14,15.17,100.0,0.0011206791999999986,0.15067044
101090,4933447,0.16,0.16,14.72,100.0,0.0011197953999999982,0.15066553
101100,4933940,0.15,0.15,14.72,100.0,0.0011189079999999983,0.15066059999999998
101110,4934440,0.13,0.13,14.72,100.0,0.0011180079999999985,0.1506556
101120,4934937,0.13,0.13,14.95,100.0,0.0011171133999999996,0.15065063
101130,4935431,0.1,0.1,14.95,100.0,0.0011162241999999982,0.15064569
101140,4935931,0.11,0.11,14.9,100.0,0.0011153241999999983,0.15064069
101150,4936409,0.13,0.13,15.24,100.0,0.0011144637999999998,0.15063590999999998
101160,4936898,0.11,0.11,15.24,100.0,0.001113583599999999,0.15063102
101170,4937363,0.13,0.13,14.99,100.0,0.0011127465999999989,0.15062637
101180,4937863,0.15,0.15,14.73,100.0,0.001111846599999999,0.15062136999999998
101190,4938344,0.14,0.14,14.18,100.0,0.0011109807999999995,0.15061656
101200,4938837,0.15,0.15,14.06,100.0,0.0011100933999999996,0.15061163
101210,4939316,0.15,0.15,14.06,100.0,0.001109231199999998,0.15060684
101220,4939814,0.14,0.14,14.03,100.0,0.0011083347999999993,0.15060185999999998
101230,4940299,0.17,0.17,13.78,100.0,0.001107461799999999,0.15059700999999998
101240,4940798,0.16,0.16,13.78,100.0,0.001106563599999999,0.15059202
101250,4941288,0.16,0.16,13.63,100.0,0.0011056816,0.15058712
101260,4941788,0.17,0.17,13.22,100.0,0.0011047816000000002,0.15058211999999999
101270,4942287,0.14,0.14,13.22,100.0,0.0011038833999999983,0.15057713
101280,4942783,0.11,0.11,13.22,100.0,0.0011029905999999992,0.15057217
101290,4943271,0.09,0.09,13.24,100.0,0.001102112199999998,0.15056729
101300,4943770,0.08,0.08,13.24,100.0,0.0011012139999999997,0.15056229999999998
101310,4944259,0.09,0.09,12.99,100.0,0.0011003338000000005,0.15055741
101320,4944759,0.13,0.13,13.13,100.0,0.001099433799999999,0.15055241
101330,4945242,0.12,0.12,13.17,100.0,0.0010985643999999982,0.15054758
101340,4945742,0.12,0.12,13.17,100.0,0.0010976643999999983,0.15054257999999998
101350,4946242,0.1,0.1,13.17,100.0,0.0010967643999999985,0.15053758
101360,4946742,0.1,0.1,13.22,100.0,0.0010958643999999986,0.15053258
101370,4947242,0.11,0.11,13.21,100.0,0.0010949643999999988,0.15052758
101380,4947740,0.11,0.11,13.21,100.0,0.0010940680000000001,0.1505226
101390,4948221,0.1,0.1,13.21,100.0,0.001093202199999999,0.15051778999999998
101400,4948718,0.12,0.12,13.53,100.0,0.0010923076,0.15051282
101410,4949218,0.13,0.13,13.48,100.0,0.0010914075999999984,0.15050782
101420,4949707,0.09,0.09,13.79,100.0,0.0010905273999999993,0.15050292999999998
101430,4950207,0.08,0.08,14.11,100.0,0.0010896273999999994,0.15049793
101440,4950703,0.08,0.08,14.11,100.0,0.0010887345999999985,0.15049297
101450,4951203,0.09,0.09,14.45,100.0,0.0010878345999999987,0.15048797
101460,4951703,0.08,0.08,14.45,100.0,0.0010869345999999988,0.15048297
101470,4952177,0.08,0.08,14.69,100.0,0.0010860813999999993,0.15047823
101480,4952665,0.14,0.14,14.76,100.0,0.0010852029999999999,0.15047335
101490,4953165,0.14,0.14,14.76,100.0,0.001084303,0.15046835
101500,4953635,0.15,0.15,14.59,100.0,0.0010834569999999995,0.15046365
101510,4954117,0.14,0.14,14.29,100.0,0.0010825893999999985,0.15045883
101520,4954617,0.14,0.14,14.32,100.0,0.0010816893999999987,0.15045383
101530,4955102,0.14,0.14,14.16,100.0,0.0010808163999999985,0.15044898
101540,4955574,0.15,0.15,14.55,100.0,0.0010799668000000002,0.15044426
101550,4956056,0.15,0.15,14.56,100.0,0.0010790991999999992,0.15043943999999998
101560,4956556,0.19,0.19,14.49,100.0,0.0010781991999999994,0.15043444
101570,4957056,0.2,0.2,14.95,100.0,0.0010772991999999995,0.15042944
101580,4957543,0.14,0.14,14.95,100.0,0.0010764225999999998,0.15042456999999998
101590,4958043,0.16,0.16,15.15,100.0,0.0010755226,0.15041957
101600,4958543,0.16,0.16,15.3,100.0,0.0010746225999999984,0.15041457
101610,4959040,0.16,0.16,15.32,100.0,0.0010737279999999995,0.15040959999999998
101620,4959538,0.18,0.18,15.89,100.0,0.0010728315999999991,0.15040462
101630,4960018,0.19,0.19,15.72,100.0,0.0010719675999999994,0.15039982
101640,4960514,0.18,0.18,15.72,100.0,0.0010710748000000003,0.15039486
101650,4961014,0.21,0.21,15.38,100.0,0.0010701747999999987,0.15038986
101660,4961514,0.18,0.18,15.36,100.0,0.0010692747999999988,0.15038486
101670,4962014,0.19,0.19,15.63,100.0,0.001068374799999999,0.15037985999999998
101680,4962503,0.23,0.23,15.47,100.0,0.0010674945999999998,0.15037497
101690,4963003,0.21,0.21,15.47,100.0,0.0010665945999999982,0.15036997
101700,4963503,0.18,0.18,15.47,100.0,0.0010656945999999983,0.15036497
101710,4963991,0.18,0.18,15.69,100.0,0.0010648161999999989,0.15036009
101720,4964491,0.16,0.16,15.84,100.0,0.001063916199999999,0.15035509
101730,4964991,0.15,0.15,15.84,100.0,0.0010630161999999992,0.15035009
101740,4965490,0.19,0.19,16.14,100.0,0.001062117999999999,0.1503451
101750,4965990,0.16,0.16,16.52,100.0,0.0010612179999999992,0.15034009999999998
101760,4966490,0.19,0.19,16.48,100.0,0.0010603179999999993,0.1503351
101770,4966990,0.18,0.18,16.89,100.0,0.0010594179999999995,0.1503301
101780,4967467,0.18,0.18,17.64,100.0,0.001058559399999999,0.15032532999999998
101790,4967967,0.19,0.19,17.82,100.0,0.0010576593999999991,0.15032033
101800,4968467,0.21,0.21,17.91,100.0,0.0010567593999999993,0.15031533
101810,4968950,0.2,0.2,17.91,100.0,0.0010558900000000003,0.1503105
101820,4969449,0.21,0.21,17.93,100.0,0.0010549917999999985,0.15030550999999998
101830,4969936,0.2,0.2,17.93,100.0,0.0010541151999999988,0.15030063999999999
101840,4970436,0.16,0.16,17.93,100.0,0.001053215199999999,0.15029564
101850,4970936,0.21,0.21,18.16,100.0,0.001052315199999999,0.15029063999999998
101860,4971436,0.18,0.18,17.94,100.0,0.0010514151999999992,0.15028564
101870,4971936,0.18,0.18,18.13,100.0,0.0010505151999999993,0.15028064
101880,4972428,0.16,0.16,18.19,100.0,0.0010496295999999992,0.15027572
101890,4972925,0.16,0.16,18.48,100.0,0.0010487349999999986,0.15027075
101900,4973407,0.16,0.16,18.69,100.0,0.0010478673999999993,0.15026593
101910,4973903,0.19,0.19,18.66,100.0,0.0010469745999999985,0.15026097
101920,4974403,0.18,0.18,18.62,100.0,0.0010460745999999986,0.15025597
101930,4974883,0.2,0.2,18.79,100.0,0.0010452105999999989,0.15025117
101940,4975383,0.2,0.2,18.79,100.0,0.001044310599999999,0.15024617
101950,4975881,0.16,0.16,18.85,100.0,0.0010434142000000004,0.15024119
101960,4976381,0.16,0.16,18.98,100.0,0.0010425141999999988,0.15023619
101970,4976881,0.15,0.15,18.99,100.0,0.001041614199999999,0.15023119
101980,4977370,0.16,0.16,19.39,100.0,0.0010407339999999998,0.15022629999999998
101990,4977837,0.19,0.19,19.1,100.0,0.0010398933999999985,0.15022163
102000,4978337,0.19,0.19,18.88,100.0,0.0010389933999999986,0.15021663
102010,4978837,0.17,0.17,18.68,100.0,0.0010380933999999988,0.15021162999999998
102020,4979337,0.19,0.19,17.93,100.0,0.0010371933999999989,0.15020663
102030,4979837,0.17,0.17,17.93,100.0,0.001036293399999999,0.15020163
102040,4980337,0.17,0.17,17.93,100.0,0.0010353933999999992,0.15019663
102050,4980826,0.17,0.17,18.03,100.0,0.0010345132,0.15019174
102060,4981307,0.18,0.18,18.02,100.0,0.0010336473999999988,0.15018693
102070,4981804,0.19,0.19,18.15,100.0,0.0010327527999999982,0.15018196
102080,4982304,0.17,0.17,18.16,100.0,0.0010318527999999983,0.15017696
102090,4982804,0.17,0.17,17.98,100.0,0.0010309527999999984,0.15017196
102100,4983304,0.19,0.19,17.87,100.0,0.0010300527999999986,0.15016696
102110,4983789,0.2,0.2,17.98,100.0,0.0010291797999999984,0.15016211
102120,4984275,0.18,0.18,17.83,100.0,0.0010283049999999985,0.15015725
102130,4984766,0.2,0.2,17.34,100.0,0.0010274211999999998,0.15015234
102140,4985266,0.2,0.2,17.34,100.0,0.0010265212,0.15014734
102150,4985755,0.19,0.19,17.51,100.0,0.001025640999999999,0.15014244999999998
102160,4986243,0.18,0.18,17.68,100.0,0.0010247625999999996,0.15013757
102170,4986743,0.16,0.16,17.68,100.0,0.0010238625999999997,0.15013257
102180,4987226,0.17,0.17,17.48,100.0,0.001022993199999999,0.15012774
102190,4987724,0.17,0.17,17.66,100.0,0.0010220967999999987,0.15012276
102200,4988224,0.16,0.16,18.02,100.0,0.0010211967999999988,0.15011776
102210,4988724,0.14,0.14,18.02,100.0,0.001020296799999999,0.15011276
102220,4989193,0.13,0.13,18.02,100.0,0.0010194525999999982,0.15010806999999998
102230,4989693,0.12,0.12,18.25,100.0,0.0010185525999999983,0.15010307
102240,4990193,0.15,0.15,18.18,100.0,0.0010176525999999984,0.15009807
102250,4990693,0.17,0.17,18.47,100.0,0.0010167525999999986,0.15009307
102260,4991190,0.17,0.17,18.27,100.0,0.0010158579999999997,0.1500881
102270,4991675,0.19,0.19,17.7,100.0,0.0010149849999999995,0.15008325
102280,4992169,0.2,0.2,17.73,100.0,0.0010140957999999981,0.15007831
102290,4992661,0.19,0.19,17.27,100.0,0.0010132101999999997,0.15007339
102300,4993149,0.18,0.18,17.45,100.0,0.0010123317999999985,0.15006851
102310,4993645,0.18,0.18,17.45,100.0,0.0010114389999999994,0.15006355
102320,4994116,0.19,0.19,17.44,100.0,0.0010105911999999991,0.15005884
102330,4994592,0.2,0.2,17.07,100.0,0.0010097344000000001,0.15005407999999998
102340,4995092,0.2,0.2,16.56,100.0,0.0010088344000000003,0.15004908
102350,4995589,0.17,0.17,16.56,100.0,0.0010079397999999996,0.15004411
102360,4996089,0.17,0.17,16.8,100.0,0.001007039799999998,0.15003910999999998
102370,4996586,0.19,0.19,16.79,100.0,0.0010061451999999992,0.15003413999999998
102380,4997076,0.17,0.17,16.47,100.0,0.0010052632000000002,0.15002924
102390,4997576,0.15,0.15,16.16,100.0,0.0010043631999999986,0.15002423999999998
102400,4998076,0.15,0.15,15.88,100.0,0.0010034631999999988,0.15001924
102410,4998563,0.16,0.16,15.72,100.0,0.001002586599999999,0.15001437
102420,4999048,0.17,0.17,15.04,100.0,0.001001713599999999,0.15000952
102430,4999548,0.18,0.18,15.17,100.0,0.001000813599999999,0.15000452
102440,5000048,0.19,0.19,14.95,100.0,0.0009999999999999992,0.15
