{"count":1,"self":10556.706816,"total":27976.267615999997,"children":{"InitializeActuators":{"count":3,"self":0.00212,"total":0.00212,"children":null},"InitializeSensors":{"count":3,"self":0.002126,"total":0.002126,"children":null},"AgentSendState":{"count":1956221,"self":12.645409599999999,"total":1461.013596,"children":{"CollectObservations":{"count":1173735,"self":735.70022399999993,"total":735.700237,"children":null},"WriteActionMask":{"count":1173735,"self":1.2216179999999999,"total":1.2216179999999999,"children":null},"RequestDecision":{"count":1173735,"self":6.1964879999999996,"total":711.446331,"children":{"AgentInfo.ToProto":{"count":1173735,"self":9.862064,"total":705.24984299999994,"children":{"GenerateSensorData":{"count":1173735,"self":695.3878016,"total":695.387779,"children":null}}}}}}},"DecideAction":{"count":1956221,"self":14168.2556928,"total":14168.256005,"children":null},"AgentAct":{"count":1956221,"self":1786.3962623999998,"total":1786.3961769999999,"children":null},"AgentInfo.ToProto":{"count":5868,"self":0.052772,"total":3.890382,"children":{"GenerateSensorData":{"count":5868,"self":3.8376099999999997,"total":3.8376099999999997,"children":null}}}},"gauges":{"QMIXWarehouse.CumulativeReward":{"count":5868,"max":246.02063,"min":0,"runningAverage":43.5740738,"value":0.09400986,"weightedAverage":28.64371}},"metadata":{"timer_format_version":"0.1.0","start_time_seconds":"1763603196","unity_version":"6000.2.10f1","command_line_arguments":"\/home\/price-allman\/Unity\/Hub\/Editor\/6000.2.10f1\/Editor\/Unity -projectpath \/home\/price-allman\/Downloads\/Robotics-Warehouse-main\/WarehouseProjectURP -acceptSoftwareTermsForThisRunOnly -useHub -hubIPC -cloudEnvironment production","communication_protocol_version":"1.5.0","com.unity.ml-agents_version":"4.0.0","scene_name":"Warehouse","end_time_seconds":"1763631172"}}