episode,global_step,avg_reward,avg_deliveries,avg_ttfd,buffer_size,entropy_coef,clip_range
10,479,0.1,0.1,28.0,0.3,0.009995689,0.19997605000000002
20,965,0.1,0.1,19.5,0.8,0.009991315,0.19995175
30,1420,0.13333333333333333,0.13333333333333333,21.25,1.7,0.00998722,0.19992900000000002
40,1891,0.1,0.1,21.25,2.275,0.009982981,0.19990545
50,2320,0.1,0.1,19.8,2.66,0.009979120000000001,0.199884
60,2768,0.11666666666666667,0.11666666666666667,23.142857142857142,3.25,0.009975088,0.1998616
70,3239,0.11428571428571428,0.11428571428571428,23.0,3.9,0.009970849,0.19983805000000002
80,3646,0.1125,0.1125,22.444444444444443,4.5,0.009967186,0.19981770000000001
90,4114,0.12222222222222222,0.12222222222222222,23.0,5.155555555555556,0.009962974,0.1997943
100,4572,0.11,0.11,23.0,5.74,0.009958852,0.19977140000000002
110,5040,0.1,0.1,23.0,6.81,0.00995464,0.199748
120,5522,0.1,0.1,25.083333333333332,7.88,0.009950302,0.1997239
130,5966,0.08,0.08,25.083333333333332,8.73,0.009946306,0.1997017
140,6402,0.1,0.1,22.5,9.6,0.009942382,0.19967990000000002
150,6835,0.1,0.1,22.0,10.62,0.009938485,0.19965825
160,7271,0.08,0.08,22.0,11.5,0.009934561,0.19963645000000002
170,7760,0.07,0.07,22.0,12.22,0.00993016,0.199612
180,8218,0.08,0.08,20.294117647058822,12.91,0.009926038,0.19958910000000002
190,8610,0.06,0.06,20.294117647058822,13.57,0.00992251,0.1995695
200,8985,0.09,0.09,18.2,14.42,0.009919135,0.19955075
210,9405,0.09,0.09,18.2,15.32,0.009915355,0.19952975
220,9826,0.1,0.1,17.714285714285715,16.18,0.009911566,0.1995087
230,10269,0.11,0.11,17.181818181818183,17.13,0.009907579,0.19948655
240,10699,0.09,0.09,17.181818181818183,18.06,0.009903709,0.19946505
250,11136,0.1,0.1,17.458333333333332,18.95,0.009899776,0.19944320000000001
260,11573,0.1,0.1,17.458333333333332,19.85,0.009895843,0.19942135
270,12009,0.14,0.14,16.821428571428573,20.98,0.009891919,0.19939955
280,12443,0.12,0.12,16.821428571428573,22.22,0.009888013000000001,0.19937785000000002
290,12877,0.14,0.14,16.3,23.41,0.009884107,0.19935615
300,13286,0.13,0.13,17.34375,24.58,0.009880426,0.1993357
310,13753,0.13,0.13,17.34375,25.78,0.009876223,0.19931235
320,14205,0.14,0.14,17.41176470588235,27.03,0.009872155,0.19928975000000002
330,14640,0.14,0.14,17.314285714285713,28.31,0.00986824,0.199268
340,15070,0.14,0.14,17.314285714285713,29.61,0.00986437,0.19924650000000002
350,15478,0.14,0.14,17.945945945945947,30.87,0.009860698,0.19922610000000002
360,15937,0.15,0.15,18.57894736842105,32.27,0.009856567,0.19920315000000002
370,16389,0.12,0.12,18.512820512820515,33.52,0.009852499,0.19918055
380,16830,0.15,0.15,18.904761904761905,34.88,0.00984853,0.19915850000000002
390,17263,0.14,0.14,19.209302325581394,36.22,0.009844633,0.19913685
400,17731,0.13,0.13,19.522727272727273,37.42,0.009840421,0.19911345
410,18178,0.15,0.15,19.956521739130434,38.76,0.009836398,0.19909110000000002
420,18584,0.13,0.13,19.95744680851064,40.1,0.009832744000000001,0.19907080000000002
430,19012,0.13,0.13,19.895833333333332,41.38,0.009828892,0.19904940000000002
440,19443,0.13,0.13,19.895833333333332,42.68,0.009825013,0.19902785
450,19836,0.12,0.12,19.816326530612244,43.93,0.009821476,0.19900820000000002
460,20295,0.13,0.13,20.058823529411764,45.1,0.009817345,0.19898525
470,20738,0.13,0.13,19.78846153846154,46.35,0.009813358,0.1989631
480,21154,0.12,0.12,20.01851851851852,47.54,0.009809614,0.19894230000000002
490,21617,0.12,0.12,19.98181818181818,48.77,0.009805447,0.19891915000000002
500,22034,0.13,0.13,19.649122807017545,50.11,0.009801694,0.1988983
510,22482,0.16,0.16,19.360655737704917,51.51,0.009797662,0.19887590000000002
520,22934,0.18,0.18,19.140625,53.21,0.009793594000000001,0.1988533
530,23364,0.19,0.19,18.893939393939394,54.94,0.009789724,0.1988318
540,23792,0.22,0.22,18.764705882352942,56.86,0.009785872000000001,0.1988104
550,24195,0.24,0.24,18.943661971830984,58.94,0.009782245,0.19879025
560,24605,0.23,0.23,19.01388888888889,61.16,0.009778555,0.19876975000000002
570,25052,0.24,0.24,19.04054054054054,63.26,0.009774532,0.19874740000000002
580,25466,0.26,0.26,18.935897435897434,65.53,0.009770806,0.1987267
590,25899,0.28,0.28,18.74074074074074,68.08,0.009766909,0.19870505000000002
600,26328,0.3,0.3,18.764705882352942,70.72,0.009763048,0.19868360000000002
610,26781,0.27,0.27,19.114942528735632,73.39,0.009758971,0.19866095
620,27197,0.24,0.24,19.114942528735632,75.74,0.009755227,0.19864015000000002
630,27659,0.25,0.25,19.322222222222223,78.24,0.009751069,0.19861705000000002
640,28072,0.23,0.23,19.24175824175824,80.55,0.009747352,0.1985964
650,28557,0.23,0.23,19.69148936170213,82.85,0.009742987,0.19857215
660,29026,0.24,0.24,19.8125,85.12,0.009738766,0.19854870000000002
670,29452,0.23,0.23,19.742268041237114,87.59,0.009734932,0.19852740000000002
680,29901,0.22,0.22,19.94,89.9,0.009730891,0.19850495
690,30298,0.23,0.23,19.65,92.11,0.009727318,0.1984851
700,30720,0.2,0.2,19.57,94.26,0.00972352,0.198464
710,31165,0.18,0.18,19.57,96.15,0.009719515,0.19844175
720,31594,0.18,0.18,19.57,97.95,0.009715654,0.19842030000000002
730,32072,0.16,0.16,19.35,99.56,0.009711352,0.1983964
740,32538,0.2,0.2,19.01,101.28,0.009707158,0.19837310000000002
750,32984,0.19,0.19,19.12,103.15,0.009703144,0.19835080000000002
760,33380,0.2,0.2,19.17,105.02,0.00969958,0.198331
770,33828,0.21,0.21,19.3,106.82,0.009695548,0.1983086
780,34252,0.2,0.2,19.64,108.54,0.009691732,0.1982874
790,34666,0.18,0.18,19.95,110.24,0.009688006,0.19826670000000002
800,35094,0.2,0.2,20.45,111.98,0.009684154,0.1982453
810,35513,0.24,0.24,20.69,113.98,0.009680383,0.19822435000000002
820,35879,0.25,0.25,20.67,116.28,0.009677089,0.19820605000000002
830,36334,0.27,0.27,20.5,118.65,0.009672994,0.1981833
840,36780,0.26,0.26,20.55,121.22,0.00966898,0.198161
850,37244,0.28,0.28,20.19,123.92,0.009664804,0.1981378
860,37673,0.27,0.27,20.0,126.63,0.009660943,0.19811635
870,38135,0.26,0.26,19.83,129.33,0.009656785,0.19809325
880,38563,0.25,0.25,19.8,131.94,0.009652933,0.19807185000000002
890,38999,0.24,0.24,19.74,134.33,0.009649009,0.19805005
900,39448,0.22,0.22,19.92,136.56,0.009644968,0.1980276
910,39911,0.2,0.2,19.57,138.72,0.009640801000000001,0.19800445
920,40353,0.21,0.21,19.48,140.72,0.009636823000000001,0.19798235
930,40753,0.19,0.19,19.38,142.78,0.009633223,0.19796235
940,41185,0.17,0.17,19.6,144.53,0.009629335,0.19794075
950,41606,0.15,0.15,19.6,145.98,0.009625546,0.1979197
960,41998,0.14,0.14,19.24,147.3,0.009622018,0.19790010000000002
970,42425,0.15,0.15,19.34,148.54,0.009618175,0.19787875000000002
980,42902,0.17,0.17,19.23,149.97,0.009613882,0.1978549
990,43318,0.19,0.19,19.46,151.67,0.009610138,0.1978341
1000,43712,0.18,0.18,19.46,153.35,0.009606592,0.1978144
1010,44161,0.18,0.18,19.41,154.92,0.009602551,0.19779195000000002
1020,44611,0.19,0.19,19.26,156.6,0.009598501,0.19776945
1030,45050,0.18,0.18,19.26,158.22,0.00959455,0.19774750000000002
1040,45457,0.17,0.17,19.29,159.76,0.009590887,0.19772715000000002
1050,45875,0.15,0.15,19.29,161.22,0.009587125,0.19770625
1060,46252,0.15,0.15,19.14,162.57,0.009583732,0.1976874
1070,46671,0.14,0.14,19.16,163.96,0.009579961,0.19766645000000002
1080,47115,0.14,0.14,18.75,165.42,0.009575965,0.19764425000000002
1090,47500,0.14,0.14,18.7,166.74,0.0095725,0.19762500000000002
1100,47939,0.19,0.19,18.8,168.18,0.009568549,0.19760305
1110,48378,0.19,0.19,18.77,169.83,0.009564598,0.1975811
1120,48829,0.17,0.17,18.79,171.39,0.009560539,0.19755855
1130,49278,0.2,0.2,18.46,173.1,0.009556498,0.19753610000000002
1140,49728,0.22,0.22,18.27,175.0,0.009552448,0.1975136
1150,50135,0.25,0.25,18.11,177.19,0.009548785,0.19749325
1160,50572,0.26,0.26,18.3,179.65,0.009544852,0.19747140000000002
1170,51027,0.26,0.26,18.29,182.12,0.009540757,0.19744865
1180,51401,0.25,0.25,17.92,184.4,0.009537391000000001,0.19742995000000002
1190,51842,0.23,0.23,17.84,186.59,0.009533422,0.1974079
1200,52215,0.19,0.19,17.86,188.68,0.009530065,0.19738925000000002
1210,52683,0.19,0.19,17.53,190.63,0.009525853,0.19736585
1220,53161,0.21,0.21,17.79,192.54,0.009521551,0.19734195000000002
1230,53594,0.19,0.19,17.73,194.23,0.009517654,0.1973203
1240,53987,0.2,0.2,17.89,195.72,0.009514117,0.19730065000000002
1250,54453,0.21,0.21,17.99,196.83,0.009509923,0.19727735000000002
1260,54897,0.22,0.22,17.39,197.66,0.009505927,0.19725515000000002
1270,55323,0.26,0.26,17.64,198.36,0.009502093,0.19723385000000002
1280,55806,0.24,0.24,17.64,198.93,0.009497746,0.19720970000000002
1290,56226,0.28,0.28,17.76,199.41,0.009493966,0.19718870000000002
1300,56611,0.28,0.28,17.34,199.78,0.009490501,0.19716945000000002
1310,57057,0.28,0.28,17.09,199.95,0.009486487,0.19714715000000002
1320,57534,0.26,0.26,16.98,200.0,0.009482194,0.1971233
1330,57954,0.28,0.28,16.92,200.0,0.009478414000000001,0.1971023
1340,58366,0.3,0.3,17.11,200.0,0.009474706,0.1970817
1350,58767,0.27,0.27,17.25,200.0,0.009471097,0.19706165
1360,59246,0.25,0.25,17.52,200.0,0.009466786,0.1970377
1370,59622,0.21,0.21,17.28,200.0,0.009463402,0.1970189
1380,60054,0.22,0.22,17.26,200.0,0.009459514,0.19699730000000001
1390,60446,0.18,0.18,17.19,200.0,0.009455986,0.1969777
1400,60866,0.19,0.19,17.14,200.0,0.009452206,0.1969567
1410,61338,0.2,0.2,16.99,200.0,0.009447958,0.1969331
1420,61781,0.21,0.21,17.12,200.0,0.009443971,0.19691095
1430,62228,0.22,0.22,17.46,200.0,0.009439948,0.1968886
1440,62627,0.19,0.19,17.58,200.0,0.009436357,0.19686865
1450,63102,0.22,0.22,17.7,200.0,0.009432082,0.19684490000000002
1460,63580,0.24,0.24,18.24,200.0,0.00942778,0.19682100000000002
1470,64022,0.26,0.26,18.23,200.0,0.009423802,0.1967989
1480,64428,0.3,0.3,18.86,200.0,0.009420148,0.1967786
1490,64848,0.3,0.3,19.02,200.0,0.009416368,0.1967576
1500,65285,0.3,0.3,19.61,200.0,0.009412435,0.19673575000000001
1510,65732,0.27,0.27,19.61,200.0,0.009408412,0.1967134
1520,66165,0.26,0.26,19.56,200.0,0.009404515,0.19669175
1530,66598,0.24,0.24,19.99,200.0,0.009400618,0.19667010000000001
1540,67007,0.22,0.22,19.9,200.0,0.009396937000000001,0.19664965
1550,67452,0.23,0.23,20.44,200.0,0.009392932,0.1966274
1560,67903,0.21,0.21,20.56,200.0,0.009388873,0.19660485
1570,68347,0.21,0.21,20.48,200.0,0.009384877,0.19658265
1580,68783,0.18,0.18,20.86,200.0,0.009380953000000001,0.19656085
1590,69184,0.18,0.18,20.72,200.0,0.009377344,0.19654080000000002
1600,69619,0.19,0.19,20.81,200.0,0.009373429,0.19651905
1610,70065,0.22,0.22,20.72,200.0,0.009369415,0.19649675
1620,70537,0.25,0.25,20.37,200.0,0.009365167,0.19647315
1630,70965,0.29,0.29,20.84,200.0,0.009361315,0.19645175
1640,71405,0.3,0.3,20.54,200.0,0.009357355,0.19642975000000001
1650,71850,0.28,0.28,20.53,200.0,0.00935335,0.1964075
1660,72290,0.29,0.29,20.65,200.0,0.00934939,0.19638550000000002
1670,72712,0.26,0.26,20.65,200.0,0.009345592,0.19636440000000002
1680,73131,0.27,0.27,20.92,200.0,0.009341821,0.19634345
1690,73589,0.28,0.28,21.16,200.0,0.009337699,0.19632055
1700,73997,0.26,0.26,21.22,200.0,0.009334027,0.19630015
1710,74477,0.26,0.26,21.14,200.0,0.009329707,0.19627615
1720,74925,0.27,0.27,20.91,200.0,0.009325675,0.19625375
1730,75335,0.22,0.22,20.97,200.0,0.009321985,0.19623325
1740,75793,0.21,0.21,21.09,200.0,0.009317863000000001,0.19621035
1750,76240,0.2,0.2,21.36,200.0,0.00931384,0.196188
1760,76699,0.2,0.2,21.62,200.0,0.009309709,0.19616505
1770,77101,0.21,0.21,21.6,200.0,0.009306091,0.19614495
1780,77552,0.22,0.22,22.07,200.0,0.009302032,0.1961224
1790,77967,0.24,0.24,21.67,200.0,0.009298297,0.19610165000000002
1800,78434,0.28,0.28,21.22,200.0,0.009294094,0.1960783
1810,78869,0.26,0.26,21.2,200.0,0.009290179,0.19605655
1820,79325,0.23,0.23,21.57,200.0,0.009286075,0.19603375
1830,79759,0.25,0.25,21.51,200.0,0.009282169,0.19601205000000002
1840,80221,0.26,0.26,21.47,200.0,0.009278011,0.19598895000000002
1850,80663,0.27,0.27,21.1,200.0,0.009274033000000001,0.19596685
1860,81096,0.28,0.28,20.75,200.0,0.009270136,0.1959452
1870,81517,0.29,0.29,20.62,200.0,0.009266347,0.19592415000000002
1880,81956,0.27,0.27,20.57,200.0,0.009262396,0.1959022
1890,82385,0.27,0.27,20.41,200.0,0.009258535,0.19588075000000002
1900,82796,0.23,0.23,20.36,200.0,0.009254836,0.1958602
1910,83248,0.27,0.27,19.77,200.0,0.009250768,0.1958376
1920,83674,0.27,0.27,19.96,200.0,0.009246934,0.1958163
1930,84087,0.26,0.26,19.82,200.0,0.009243217,0.19579565000000002
1940,84551,0.25,0.25,19.69,200.0,0.009239041,0.19577245000000001
1950,84998,0.24,0.24,19.73,200.0,0.009235018,0.1957501
1960,85414,0.24,0.24,19.4,200.0,0.009231274,0.19572930000000002
1970,85833,0.25,0.25,19.16,200.0,0.009227503,0.19570835
1980,86308,0.24,0.24,19.34,200.0,0.009223228,0.19568460000000001
1990,86723,0.2,0.2,19.34,200.0,0.009219493,0.19566385
2000,87167,0.21,0.21,19.49,200.0,0.009215497,0.19564165
2010,87563,0.18,0.18,19.51,200.0,0.009211933,0.19562185
2020,87979,0.18,0.18,19.13,200.0,0.009208189,0.19560105
2030,88394,0.2,0.2,19.06,200.0,0.009204454,0.1955803
2040,88824,0.2,0.2,19.03,200.0,0.009200584,0.1955588
2050,89213,0.19,0.19,19.1,200.0,0.009197083,0.19553935
2060,89650,0.17,0.17,19.25,200.0,0.00919315,0.1955175
2070,90072,0.15,0.15,19.38,200.0,0.009189352,0.19549640000000001
2080,90490,0.16,0.16,19.11,200.0,0.00918559,0.1954755
2090,90923,0.23,0.23,18.77,200.0,0.009181693,0.19545385
2100,91368,0.21,0.21,18.77,200.0,0.009177688,0.1954316
2110,91771,0.22,0.22,18.62,200.0,0.009174061,0.19541145000000001
2120,92199,0.21,0.21,18.51,200.0,0.009170209,0.19539005
2130,92646,0.18,0.18,18.76,200.0,0.009166186,0.1953677
2140,93133,0.22,0.22,18.41,200.0,0.009161803,0.19534335
2150,93520,0.23,0.23,18.11,200.0,0.00915832,0.195324
2160,93933,0.24,0.24,18.21,200.0,0.009154603,0.19530335000000001
2170,94351,0.24,0.24,18.29,200.0,0.009150841,0.19528245
2180,94777,0.26,0.26,18.12,200.0,0.009147007,0.19526115000000002
2190,95233,0.21,0.21,18.12,200.0,0.009142903,0.19523835
2200,95686,0.22,0.22,17.78,200.0,0.009138826000000001,0.19521570000000002
2210,96134,0.22,0.22,17.71,200.0,0.009134794,0.19519330000000001
2220,96566,0.21,0.21,17.71,200.0,0.009130906,0.1951717
2230,96991,0.2,0.2,17.71,200.0,0.009127081,0.19515045
2240,97417,0.17,0.17,17.38,200.0,0.009123247000000001,0.19512915
2250,97853,0.16,0.16,17.67,200.0,0.009119323,0.19510735
2260,98293,0.17,0.16,17.22,200.0,0.009115363,0.19508535000000002
2270,98717,0.2,0.19,17.32,200.0,0.009111547,0.19506415000000002
2280,99146,0.18,0.17,17.21,200.0,0.009107686,0.1950427
2290,99559,0.19,0.18,17.24,200.0,0.009103969,0.19502205
2300,100039,0.23,0.22,16.83,200.0,0.009099649,0.19499805
2310,100501,0.24,0.23,16.99,200.0,0.009095491,0.19497495
2320,100931,0.25,0.24,16.83,200.0,0.009091621,0.19495345
2330,101346,0.25,0.24,16.83,200.0,0.009087886,0.19493270000000001
2340,101782,0.25,0.24,16.94,200.0,0.009083962000000001,0.1949109
2350,102245,0.26,0.25,17.15,200.0,0.009079795,0.19488775
2360,102704,0.26,0.26,17.22,200.0,0.009075664,0.1948648
2370,103121,0.25,0.25,16.64,200.0,0.009071911,0.19484395000000002
2380,103529,0.24,0.24,16.69,200.0,0.009068239,0.19482355
2390,103944,0.22,0.22,16.53,200.0,0.009064504000000001,0.1948028
2400,104375,0.17,0.17,16.53,200.0,0.009060625,0.19478125000000002
2410,104815,0.16,0.16,17.06,200.0,0.009056665,0.19475925
2420,105261,0.17,0.17,17.3,200.0,0.009052651,0.19473695000000002
2430,105705,0.18,0.18,17.35,200.0,0.009048655000000001,0.19471475000000002
2440,106146,0.19,0.19,17.27,200.0,0.009044686,0.1946927
2450,106568,0.18,0.18,17.25,200.0,0.009040888,0.1946716
2460,107012,0.16,0.16,16.91,200.0,0.009036892,0.1946494
2470,107456,0.13,0.13,16.91,200.0,0.009032896,0.1946272
2480,107907,0.15,0.15,16.81,200.0,0.009028837,0.19460465000000002
2490,108343,0.15,0.15,17.15,200.0,0.009024913,0.19458285
2500,108781,0.17,0.17,16.83,200.0,0.009020971,0.19456095
2510,109200,0.17,0.17,16.8,200.0,0.0090172,0.19454000000000002
2520,109651,0.18,0.18,16.23,200.0,0.009013141,0.19451745
2530,110116,0.19,0.19,16.21,200.0,0.009008956,0.1944942
2540,110489,0.21,0.21,16.97,200.0,0.009005599,0.19447555
2550,110922,0.23,0.23,16.98,200.0,0.009001702,0.1944539
2560,111323,0.23,0.23,17.0,200.0,0.008998093,0.19443385000000002
2570,111805,0.25,0.25,16.76,200.0,0.008993754999999999,0.19440975000000002
2580,112209,0.24,0.24,16.86,200.0,0.008990119,0.19438955000000002
2590,112625,0.27,0.27,17.19,200.0,0.008986375,0.19436875
2600,113044,0.28,0.28,17.15,200.0,0.008982604,0.19434780000000001
2610,113448,0.25,0.25,17.15,200.0,0.008978968,0.19432760000000002
2620,113891,0.25,0.25,17.19,200.0,0.008974981,0.19430545000000002
2630,114341,0.25,0.25,17.34,200.0,0.008970931,0.19428295
2640,114767,0.21,0.21,17.45,200.0,0.008967097,0.19426165
2650,115185,0.19,0.19,17.49,200.0,0.008963335,0.19424075000000002
2660,115615,0.2,0.2,17.78,200.0,0.008959465,0.19421925
2670,116079,0.2,0.2,17.83,200.0,0.008955289,0.19419605
2680,116528,0.18,0.18,17.83,200.0,0.008951248,0.1941736
2690,116996,0.17,0.17,18.21,200.0,0.008947036,0.1941502
2700,117408,0.16,0.16,18.65,200.0,0.008943328,0.1941296
2710,117821,0.18,0.18,18.43,200.0,0.008939611,0.19410895
2720,118267,0.18,0.18,18.77,200.0,0.008935597,0.19408665
2730,118694,0.18,0.18,18.88,200.0,0.008931754,0.1940653
2740,119107,0.23,0.23,18.56,200.0,0.008928037,0.19404465
2750,119569,0.25,0.25,18.65,200.0,0.008923879000000001,0.19402155000000001
2760,119981,0.26,0.26,19.47,200.0,0.008920171,0.19400095
2770,120401,0.24,0.24,19.47,200.0,0.008916391,0.19397995
2780,120834,0.24,0.24,19.47,200.0,0.008912494,0.1939583
2790,121263,0.24,0.24,19.44,200.0,0.008908633000000001,0.19393685000000002
2800,121679,0.25,0.25,19.63,200.0,0.008904889,0.19391605
2810,122109,0.25,0.25,19.93,200.0,0.008901019,0.19389455
2820,122555,0.23,0.23,19.95,200.0,0.008897005,0.19387225
2830,122962,0.23,0.23,19.92,200.0,0.008893342,0.19385190000000002
2840,123410,0.23,0.23,20.3,200.0,0.008889310000000001,0.19382950000000002
2850,123854,0.24,0.24,20.78,200.0,0.008885314,0.19380730000000002
2860,124271,0.21,0.21,20.78,200.0,0.008881561,0.19378645
2870,124741,0.23,0.23,21.17,200.0,0.008877331,0.19376295000000002
2880,125189,0.25,0.25,21.36,200.0,0.008873299,0.19374055
2890,125641,0.25,0.25,21.53,200.0,0.008869231,0.19371795
2900,126093,0.24,0.24,21.34,200.0,0.008865163,0.19369535000000002
2910,126511,0.24,0.24,21.4,200.0,0.008861401,0.19367445
2920,126956,0.29,0.29,21.24,200.0,0.008857396,0.1936522
2930,127389,0.28,0.28,20.94,200.0,0.008853499,0.19363055
2940,127846,0.27,0.27,20.74,200.0,0.008849386,0.19360770000000002
2950,128282,0.26,0.26,20.45,200.0,0.008845462,0.1935859
2960,128734,0.26,0.26,20.45,200.0,0.008841394,0.19356330000000002
2970,129183,0.26,0.26,20.53,200.0,0.008837353,0.19354085000000001
2980,129610,0.25,0.25,20.52,200.0,0.00883351,0.1935195
2990,130003,0.24,0.24,20.75,200.0,0.008829973,0.19349985
3000,130439,0.24,0.24,21.02,200.0,0.008826049,0.19347805
3010,130903,0.26,0.26,20.95,200.0,0.008821873000000001,0.19345485
3020,131305,0.2,0.2,20.95,200.0,0.008818255,0.19343475000000002
3030,131748,0.21,0.21,20.73,200.0,0.008814268,0.19341260000000002
3040,132192,0.17,0.17,20.81,200.0,0.008810272000000001,0.19339040000000002
3050,132610,0.14,0.14,20.81,200.0,0.00880651,0.1933695
3060,133042,0.17,0.17,20.79,200.0,0.008802622,0.19334790000000002
3070,133440,0.16,0.16,20.67,200.0,0.00879904,0.193328
3080,133879,0.15,0.15,20.67,200.0,0.008795089,0.19330605
3090,134270,0.14,0.14,20.68,200.0,0.00879157,0.1932865
3100,134685,0.12,0.12,20.68,200.0,0.008787835,0.19326575000000001
3110,135124,0.11,0.11,20.31,200.0,0.008783884,0.19324380000000002
3120,135599,0.13,0.13,20.44,200.0,0.008779609,0.19322005
3130,136059,0.13,0.13,20.56,200.0,0.008775469,0.19319705
3140,136478,0.14,0.14,20.22,200.0,0.008771698,0.19317610000000002
3150,136953,0.15,0.15,20.57,200.0,0.008767423,0.19315235
3160,137357,0.16,0.16,20.02,200.0,0.008763787,0.19313215
3170,137801,0.16,0.16,20.02,200.0,0.008759791,0.19310995
3180,138222,0.19,0.19,19.84,200.0,0.008756002,0.1930889
3190,138646,0.2,0.2,19.57,200.0,0.008752186,0.1930677
3200,139125,0.23,0.23,19.61,200.0,0.008747875,0.19304375000000001
3210,139575,0.21,0.21,19.62,200.0,0.008743825,0.19302125
3220,139996,0.21,0.21,19.66,200.0,0.008740036,0.1930002
3230,140415,0.21,0.21,19.43,200.0,0.008736265,0.19297925000000002
3240,140810,0.23,0.23,19.38,200.0,0.00873271,0.1929595
3250,141233,0.26,0.26,19.76,200.0,0.008728903,0.19293835
3260,141654,0.26,0.26,19.2,200.0,0.008725113999999999,0.1929173
3270,142076,0.29,0.29,19.55,200.0,0.008721316,0.19289620000000002
3280,142496,0.27,0.27,19.78,200.0,0.008717536,0.1928752
3290,142952,0.26,0.26,19.81,200.0,0.008713432,0.1928524
3300,143404,0.24,0.24,19.77,200.0,0.008709364,0.1928298
3310,143806,0.23,0.23,19.77,200.0,0.008705746,0.1928097
3320,144256,0.24,0.24,19.83,200.0,0.008701696,0.19278720000000002
3330,144701,0.27,0.27,19.59,200.0,0.008697691,0.19276495000000002
3340,145125,0.26,0.26,19.69,200.0,0.008693875,0.19274375000000002
3350,145521,0.23,0.23,19.51,200.0,0.008690311,0.19272395
3360,145959,0.2,0.2,19.2,200.0,0.008686369,0.19270205
3370,146385,0.22,0.22,18.69,200.0,0.008682535,0.19268075
3380,146822,0.23,0.23,18.84,200.0,0.008678602,0.19265890000000002
3390,147238,0.26,0.26,18.85,200.0,0.008674858,0.1926381
3400,147648,0.27,0.27,18.72,200.0,0.008671168,0.1926176
3410,148110,0.3,0.3,18.79,200.0,0.00866701,0.1925945
3420,148536,0.28,0.28,18.66,200.0,0.008663176,0.1925732
3430,148973,0.24,0.24,18.79,200.0,0.008659243,0.19255135
3440,149450,0.23,0.23,18.95,200.0,0.00865495,0.19252750000000002
3450,149906,0.24,0.24,19.13,200.0,0.008650846,0.1925047
3460,150329,0.25,0.25,19.6,200.0,0.008647039,0.19248355
3470,150742,0.21,0.21,19.68,200.0,0.008643322,0.19246290000000002
3480,151160,0.21,0.21,19.99,200.0,0.008639560000000001,0.192442
3490,151611,0.19,0.19,20.09,200.0,0.008635501,0.19241945000000002
3500,152055,0.18,0.18,20.09,200.0,0.008631505,0.19239725000000002
3510,152503,0.18,0.18,19.71,200.0,0.008627473,0.19237485000000001
3520,152970,0.19,0.19,19.31,200.0,0.00862327,0.1923515
3530,153444,0.21,0.21,19.28,200.0,0.008619004,0.19232780000000002
3540,153843,0.22,0.22,19.35,200.0,0.008615413,0.19230785
3550,154278,0.21,0.21,19.4,200.0,0.008611498,0.19228610000000002
3560,154733,0.21,0.21,19.54,200.0,0.008607403,0.19226335
3570,155194,0.2,0.2,19.73,200.0,0.008603254,0.1922403
3580,155583,0.23,0.23,20.24,200.0,0.008599753,0.19222085
3590,156049,0.26,0.26,20.3,200.0,0.008595559,0.19219755
3600,156483,0.29,0.29,20.4,200.0,0.008591653,0.19217585
3610,156914,0.28,0.28,20.49,200.0,0.008587774,0.1921543
3620,157358,0.31,0.31,20.2,200.0,0.008583778,0.1921321
3630,157802,0.31,0.31,20.21,200.0,0.008579782,0.1921099
3640,158277,0.32,0.32,19.87,200.0,0.008575507,0.19208615
3650,158723,0.31,0.31,19.87,200.0,0.008571493,0.19206385
3660,159163,0.29,0.29,19.87,200.0,0.008567533,0.19204185000000001
3670,159621,0.31,0.31,20.13,200.0,0.008563411,0.19201895000000002
3680,160047,0.28,0.28,20.23,200.0,0.008559577,0.19199765000000002
3690,160510,0.26,0.26,20.2,200.0,0.00855541,0.19197450000000002
3700,160966,0.25,0.25,19.74,200.0,0.008551306,0.1919517
3710,161411,0.25,0.25,19.87,200.0,0.008547301,0.19192945
3720,161857,0.24,0.24,19.58,200.0,0.008543287,0.19190715
3730,162317,0.21,0.21,19.58,200.0,0.008539147,0.19188415
3740,162763,0.19,0.19,19.39,200.0,0.008535133,0.19186185
3750,163189,0.21,0.21,19.44,200.0,0.008531299,0.19184055
3760,163629,0.24,0.24,18.92,200.0,0.008527339,0.19181855
3770,164033,0.24,0.24,18.73,200.0,0.008523703,0.19179835
3780,164441,0.22,0.22,18.73,200.0,0.008520031,0.19177795
3790,164875,0.2,0.2,18.6,200.0,0.008516125,0.19175625000000002
3800,165316,0.18,0.18,18.58,200.0,0.008512156,0.19173420000000002
3810,165726,0.21,0.21,18.98,200.0,0.008508466,0.19171370000000001
3820,166150,0.18,0.18,19.2,200.0,0.00850465,0.19169250000000002
3830,166623,0.19,0.19,19.18,200.0,0.008500393,0.19166885
3840,167036,0.17,0.17,19.18,200.0,0.008496676,0.19164820000000002
3850,167459,0.18,0.18,19.36,200.0,0.008492869,0.19162705000000002
3860,167891,0.16,0.16,19.29,200.0,0.008488981,0.19160545
3870,168296,0.14,0.14,19.35,200.0,0.008485336,0.1915852
3880,168678,0.15,0.15,19.44,200.0,0.008481898,0.19156610000000002
3890,169104,0.16,0.16,19.29,200.0,0.008478064,0.19154480000000002
3900,169550,0.16,0.16,19.53,200.0,0.00847405,0.1915225
3910,169949,0.13,0.13,19.4,200.0,0.008470459,0.19150255000000002
3920,170391,0.15,0.15,19.28,200.0,0.008466481,0.19148045
3930,170839,0.17,0.17,19.11,200.0,0.008462449,0.19145805000000002
3940,171288,0.2,0.2,18.94,200.0,0.008458408,0.1914356
3950,171755,0.2,0.2,18.64,200.0,0.008454205,0.19141225
3960,172164,0.2,0.2,18.86,200.0,0.008450524,0.1913918
3970,172563,0.19,0.19,18.86,200.0,0.008446933,0.19137185
3980,173010,0.21,0.21,18.53,200.0,0.00844291,0.1913495
3990,173474,0.22,0.22,18.59,200.0,0.008438734,0.1913263
4000,173930,0.23,0.23,18.82,200.0,0.00843463,0.19130350000000002
4010,174366,0.21,0.21,18.82,200.0,0.008430706,0.1912817
4020,174821,0.22,0.22,19.31,200.0,0.008426611,0.19125895
4030,175245,0.19,0.19,19.31,200.0,0.008422795,0.19123775
4040,175682,0.21,0.21,18.86,200.0,0.008418862,0.1912159
4050,176125,0.23,0.23,18.5,200.0,0.008414875,0.19119375
4060,176545,0.25,0.25,18.67,200.0,0.008411095,0.19117275
4070,176937,0.26,0.26,18.61,200.0,0.008407567,0.19115315
4080,177381,0.24,0.24,18.47,200.0,0.008403571,0.19113095000000002
4090,177829,0.22,0.22,18.39,200.0,0.008399539000000001,0.19110855000000002
4100,178309,0.25,0.25,18.54,200.0,0.008395219,0.19108455000000002
4110,178754,0.25,0.25,18.54,200.0,0.008391214000000001,0.19106230000000002
4120,179183,0.22,0.22,18.53,200.0,0.008387353,0.19104085
4130,179604,0.24,0.24,18.74,200.0,0.008383564,0.19101980000000002
4140,180025,0.19,0.19,18.74,200.0,0.008379775,0.19099875
4150,180440,0.16,0.16,18.62,200.0,0.00837604,0.190978
4160,180879,0.15,0.15,18.36,200.0,0.008372089,0.19095605000000002
4170,181340,0.15,0.15,18.56,200.0,0.00836794,0.19093300000000002
4180,181779,0.15,0.15,18.68,200.0,0.008363989,0.19091105
4190,182206,0.15,0.15,18.88,200.0,0.008360146,0.1908897
4200,182652,0.11,0.11,18.73,200.0,0.008356132,0.19086740000000002
4210,183106,0.15,0.15,18.45,200.0,0.008352046,0.1908447
4220,183559,0.15,0.15,18.39,200.0,0.008347969,0.19082205000000002
4230,183995,0.16,0.16,18.46,200.0,0.008344045,0.19080025
4240,184449,0.19,0.19,19.34,200.0,0.008339959000000001,0.19077755000000002
4250,184896,0.17,0.17,19.34,200.0,0.008335936,0.1907552
4260,185351,0.2,0.2,19.38,200.0,0.008331841,0.19073245
4270,185822,0.21,0.21,19.44,200.0,0.008327602,0.19070890000000001
4280,186262,0.23,0.23,19.54,200.0,0.008323642,0.19068690000000002
4290,186682,0.23,0.23,19.52,200.0,0.008319862,0.1906659
4300,187095,0.26,0.26,20.14,200.0,0.008316145,0.19064525000000002
4310,187516,0.25,0.25,20.18,200.0,0.008312356,0.19062420000000002
4320,187971,0.24,0.24,20.18,200.0,0.008308261,0.19060145
4330,188399,0.22,0.22,19.92,200.0,0.008304409,0.19058005
4340,188870,0.2,0.2,19.93,200.0,0.008300169999999999,0.19055650000000002
4350,189288,0.21,0.21,19.99,200.0,0.008296408,0.1905356
4360,189722,0.18,0.18,19.83,200.0,0.008292502,0.1905139
4370,190190,0.2,0.2,19.11,200.0,0.00828829,0.1904905
4380,190616,0.18,0.18,18.97,200.0,0.008284455999999999,0.1904692
4390,191063,0.19,0.19,19.21,200.0,0.008280433,0.19044685
4400,191541,0.15,0.15,19.21,200.0,0.008276131,0.19042295
4410,191963,0.13,0.13,19.14,200.0,0.008272333,0.19040185
4420,192435,0.17,0.17,18.83,200.0,0.008268085,0.19037825
4430,192854,0.18,0.18,18.76,200.0,0.008264314,0.1903573
4440,193279,0.2,0.2,18.57,200.0,0.008260489,0.19033605
4450,193687,0.22,0.22,18.6,200.0,0.008256817,0.19031565
4460,194104,0.22,0.22,18.38,200.0,0.008253064000000001,0.19029480000000001
4470,194550,0.19,0.19,18.39,200.0,0.00824905,0.1902725
4480,194996,0.18,0.18,18.39,200.0,0.008245036,0.1902502
4490,195426,0.23,0.23,18.23,200.0,0.008241166,0.1902287
4500,195860,0.24,0.24,18.54,200.0,0.00823726,0.19020700000000001
4510,196286,0.25,0.25,18.53,200.0,0.008233426,0.1901857
4520,196725,0.22,0.22,18.54,200.0,0.008229475,0.19016375000000002
4530,197165,0.21,0.21,18.64,200.0,0.008225515,0.19014175
4540,197605,0.21,0.21,18.85,200.0,0.008221555,0.19011975
4550,198065,0.19,0.19,18.58,200.0,0.008217415,0.19009675
4560,198507,0.2,0.2,18.54,200.0,0.008213437,0.19007465
4570,198920,0.21,0.21,18.65,200.0,0.00820972,0.190054
4580,199383,0.24,0.24,18.81,200.0,0.008205553,0.19003085
4590,199824,0.21,0.21,18.38,200.0,0.008201584,0.1900088
4600,200277,0.26,0.26,18.37,200.0,0.008197507,0.18998615000000002
4610,200735,0.27,0.27,17.92,200.0,0.008193385000000001,0.18996325
4620,201160,0.29,0.29,17.71,200.0,0.00818956,0.189942
4630,201640,0.29,0.29,17.69,200.0,0.00818524,0.189918
4640,202107,0.29,0.29,17.81,200.0,0.008181037,0.18989465
4650,202490,0.29,0.29,17.88,200.0,0.00817759,0.1898755
4660,202925,0.3,0.3,18.21,200.0,0.008173675,0.18985375000000002
4670,203356,0.31,0.31,18.29,200.0,0.008169796,0.1898322
4680,203794,0.28,0.28,18.29,200.0,0.008165854,0.18981030000000002
4690,204235,0.25,0.25,18.36,200.0,0.008161885,0.18978825000000002
4700,204694,0.22,0.22,17.97,200.0,0.008157754,0.1897653
4710,205174,0.22,0.22,17.93,200.0,0.008153434,0.1897413
4720,205622,0.19,0.19,17.93,200.0,0.008149402,0.1897189
4730,206096,0.21,0.2,17.34,200.0,0.008145136,0.1896952
4740,206527,0.25,0.24,17.08,200.0,0.008141257,0.18967365
4750,206975,0.25,0.24,17.03,200.0,0.008137225,0.18965125
4760,207429,0.22,0.21,17.4,200.0,0.008133139,0.18962855
4770,207863,0.22,0.21,17.32,200.0,0.008129233,0.18960685
4780,208296,0.24,0.23,17.23,200.0,0.008125336,0.1895852
4790,208715,0.24,0.23,17.2,200.0,0.008121565,0.18956425000000002
4800,209130,0.24,0.23,17.07,200.0,0.00811783,0.1895435
4810,209593,0.23,0.22,16.63,200.0,0.008113663,0.18952035
4820,210033,0.24,0.23,16.99,200.0,0.008109703,0.18949835
4830,210460,0.23,0.23,17.28,200.0,0.00810586,0.189477
4840,210911,0.17,0.17,17.35,200.0,0.008101801,0.18945445
4850,211320,0.18,0.18,17.41,200.0,0.00809812,0.18943400000000002
4860,211792,0.19,0.19,17.15,200.0,0.008093872,0.1894104
4870,212235,0.16,0.16,17.15,200.0,0.008089885,0.18938825
4880,212711,0.17,0.17,17.15,200.0,0.008085601,0.18936445000000002
4890,213145,0.2,0.2,17.96,200.0,0.008081695,0.18934275
4900,213575,0.21,0.21,18.18,200.0,0.008077825,0.18932125
4910,213989,0.21,0.21,18.18,200.0,0.008074099,0.18930055
4920,214422,0.2,0.2,18.18,200.0,0.008070202,0.1892789
4930,214871,0.19,0.19,18.35,200.0,0.008066161,0.18925645000000002
4940,215293,0.2,0.2,18.38,200.0,0.008062363,0.18923535
4950,215714,0.2,0.2,18.56,200.0,0.008058574,0.1892143
4960,216143,0.19,0.19,18.48,200.0,0.008054713,0.18919285
4970,216593,0.21,0.21,18.75,200.0,0.008050663,0.18917035000000001
4980,217061,0.2,0.2,18.73,200.0,0.008046451,0.18914695
4990,217464,0.2,0.2,18.75,200.0,0.008042824,0.1891268
5000,217899,0.18,0.18,18.57,200.0,0.008038909,0.18910505
5010,218247,0.16,0.16,18.57,200.0,0.008035777000000001,0.18908765
5020,218654,0.17,0.17,18.62,200.0,0.008032114,0.1890673
5030,219085,0.18,0.18,18.18,200.0,0.008028235,0.18904575
5040,219534,0.17,0.17,18.12,200.0,0.008024194,0.1890233
5050,219987,0.17,0.17,18.14,200.0,0.008020117,0.18900065000000002
5060,220434,0.16,0.16,18.14,200.0,0.008016094,0.18897830000000002
5070,220849,0.15,0.15,18.2,200.0,0.008012359,0.18895755
5080,221260,0.15,0.15,18.17,200.0,0.00800866,0.188937
5090,221693,0.12,0.12,18.18,200.0,0.008004763,0.18891535
5100,222101,0.12,0.12,18.14,200.0,0.008001091,0.18889495
5110,222552,0.12,0.12,18.14,200.0,0.007997032,0.1888724
5120,222969,0.16,0.16,17.9,200.0,0.007993278999999999,0.18885155
5130,223408,0.17,0.17,18.11,200.0,0.007989328,0.18882960000000001
5140,223808,0.16,0.16,18.11,200.0,0.007985728000000001,0.1888096
5150,224217,0.16,0.16,18.14,200.0,0.007982046999999999,0.18878915000000002
5160,224635,0.19,0.19,18.36,200.0,0.007978285,0.18876825
5170,225057,0.19,0.19,18.45,200.0,0.007974486999999999,0.18874715
5180,225535,0.2,0.2,18.41,200.0,0.007970185,0.18872325
5190,225962,0.22,0.22,18.98,200.0,0.007966342,0.1887019
5200,226388,0.21,0.21,19.02,200.0,0.007962508,0.1886806
5210,226834,0.25,0.25,18.85,200.0,0.007958494,0.1886583
5220,227293,0.22,0.22,18.74,200.0,0.007954362999999999,0.18863535
5230,227724,0.23,0.23,18.83,200.0,0.007950484,0.1886138
5240,228182,0.24,0.24,18.93,200.0,0.007946362,0.1885909
5250,228627,0.26,0.26,19.47,200.0,0.007942357,0.18856865
5260,229028,0.24,0.24,19.58,200.0,0.007938747999999999,0.1885486
5270,229465,0.23,0.23,19.58,200.0,0.007934815,0.18852675000000002
5280,229873,0.22,0.22,19.86,200.0,0.007931143,0.18850635000000002
5290,230317,0.2,0.2,19.81,200.0,0.007927146999999999,0.18848415000000002
5300,230736,0.2,0.2,19.63,200.0,0.007923376,0.1884632
5310,231155,0.17,0.17,19.77,200.0,0.007919605,0.18844225
5320,231575,0.17,0.17,19.59,200.0,0.007915825,0.18842125
5330,232005,0.18,0.18,19.51,200.0,0.007911955,0.18839975
5340,232414,0.17,0.17,19.51,200.0,0.007908274,0.1883793
5350,232836,0.19,0.19,20.04,200.0,0.007904476,0.1883582
5360,233266,0.18,0.18,20.04,200.0,0.007900606000000001,0.1883367
5370,233719,0.18,0.18,20.04,200.0,0.007896529,0.18831405
5380,234182,0.16,0.16,20.04,200.0,0.007892362,0.1882909
5390,234637,0.18,0.18,20.23,200.0,0.007888267000000001,0.18826815
5400,235096,0.2,0.2,19.76,200.0,0.007884136,0.1882452
5410,235536,0.22,0.22,20.18,200.0,0.007880176,0.1882232
5420,235992,0.22,0.22,20.15,200.0,0.007876072,0.18820040000000002
5430,236400,0.19,0.19,19.81,200.0,0.0078724,0.18818000000000001
5440,236822,0.19,0.19,19.81,200.0,0.007868601999999999,0.18815890000000002
5450,237274,0.15,0.15,19.45,200.0,0.007864534,0.1881363
5460,237700,0.2,0.2,19.94,200.0,0.0078607,0.188115
5470,238102,0.21,0.21,20.18,200.0,0.007857082,0.1880949
5480,238559,0.25,0.25,20.25,200.0,0.007852969,0.18807205000000002
5490,238973,0.24,0.24,20.36,200.0,0.007849243,0.18805135
5500,239430,0.24,0.24,20.39,200.0,0.00784513,0.18802850000000002
5510,239885,0.23,0.23,20.51,200.0,0.007841035,0.18800575
5520,240303,0.22,0.22,20.58,200.0,0.007837273,0.18798485
5530,240705,0.2,0.2,20.58,200.0,0.007833655,0.18796475
5540,241143,0.22,0.22,20.69,200.0,0.007829713,0.18794285
5550,241615,0.21,0.21,20.93,200.0,0.007825465,0.18791925
5560,242047,0.19,0.19,20.95,200.0,0.007821577,0.18789765
5570,242473,0.19,0.19,20.96,200.0,0.007817743,0.18787635
5580,242891,0.18,0.18,20.94,200.0,0.007813981,0.18785545
5590,243349,0.19,0.19,21.35,200.0,0.007809859,0.18783255000000001
5600,243795,0.2,0.2,21.74,200.0,0.0078058450000000005,0.18781025
5610,244250,0.19,0.19,21.86,200.0,0.00780175,0.1877875
5620,244694,0.18,0.18,21.86,200.0,0.0077977540000000005,0.1877653
5630,245122,0.18,0.18,21.86,200.0,0.007793902,0.18774390000000002
5640,245543,0.18,0.18,21.88,200.0,0.0077901129999999996,0.18772285
5650,245974,0.18,0.18,21.95,200.0,0.0077862339999999995,0.18770130000000002
5660,246361,0.17,0.17,21.69,200.0,0.007782751,0.18768195000000001
5670,246787,0.17,0.17,21.57,200.0,0.007778917,0.18766065
5680,247217,0.17,0.17,21.43,200.0,0.007775047,0.18763915
5690,247659,0.15,0.15,21.44,200.0,0.007771069,0.18761705
5700,248066,0.14,0.14,21.51,200.0,0.007767405999999999,0.1875967
5710,248490,0.14,0.14,21.49,200.0,0.00776359,0.1875755
5720,248912,0.14,0.14,21.49,200.0,0.007759792,0.1875544
5730,249367,0.16,0.16,21.33,200.0,0.007755697,0.18753165
5740,249786,0.14,0.14,21.33,200.0,0.007751925999999999,0.1875107
5750,250267,0.15,0.15,21.63,200.0,0.007747597,0.18748665
5760,250702,0.14,0.14,21.75,200.0,0.007743682,0.18746490000000002
5770,251126,0.14,0.14,21.72,200.0,0.007739866,0.18744370000000002
5780,251545,0.12,0.12,21.79,200.0,0.007736095,0.18742275
5790,252003,0.15,0.15,21.47,200.0,0.007731973,0.18739985
5800,252387,0.14,0.14,21.96,200.0,0.007728517000000001,0.18738065
5810,252861,0.14,0.14,22.06,200.0,0.007724251,0.18735695
5820,253277,0.16,0.16,21.94,200.0,0.007720507,0.18733615
5830,253702,0.14,0.14,21.94,200.0,0.007716682,0.1873149
5840,254148,0.15,0.15,21.79,200.0,0.007712668000000001,0.1872926
5850,254569,0.14,0.14,21.4,200.0,0.007708879,0.18727155
5860,255008,0.14,0.14,21.4,200.0,0.007704928,0.18724960000000002
5870,255415,0.16,0.16,21.2,200.0,0.0077012650000000005,0.18722925
5880,255819,0.17,0.17,21.28,200.0,0.007697628999999999,0.18720905000000002
5890,256247,0.13,0.13,21.28,200.0,0.007693777,0.18718765
5900,256679,0.12,0.12,21.36,200.0,0.007689889,0.18716605
5910,257072,0.13,0.13,21.29,200.0,0.007686352,0.18714640000000002
5920,257500,0.16,0.16,21.85,200.0,0.0076825,0.187125
5930,257978,0.17,0.17,21.95,200.0,0.007678198000000001,0.18710110000000002
5940,258452,0.18,0.18,21.62,200.0,0.007673932,0.1870774
5950,258917,0.18,0.18,21.82,200.0,0.007669746999999999,0.18705415
5960,259333,0.18,0.18,21.65,200.0,0.007666003,0.18703335000000001
5970,259778,0.16,0.16,21.45,200.0,0.007661998,0.1870111
5980,260219,0.15,0.15,21.26,200.0,0.007658029,0.18698905000000002
5990,260644,0.19,0.19,21.23,200.0,0.0076542039999999995,0.18696780000000002
6000,261070,0.21,0.21,21.28,200.0,0.00765037,0.18694650000000002
6010,261524,0.25,0.25,21.7,200.0,0.007646284,0.1869238
6020,261951,0.21,0.21,21.79,200.0,0.007642441,0.18690245
6030,262433,0.23,0.23,21.71,200.0,0.007638103,0.18687835
6040,262850,0.25,0.25,21.65,200.0,0.00763435,0.1868575
6050,263282,0.25,0.25,21.67,200.0,0.007630461999999999,0.1868359
6060,263717,0.26,0.26,21.54,200.0,0.007626547,0.18681415
6070,264148,0.26,0.26,21.42,200.0,0.007622668,0.1867926
6080,264585,0.25,0.25,21.42,200.0,0.007618735,0.18677075
6090,265017,0.23,0.23,21.08,200.0,0.007614847,0.18674915
6100,265403,0.25,0.25,20.67,200.0,0.007611372999999999,0.18672985
6110,265881,0.21,0.21,20.89,200.0,0.007607071,0.18670595
6120,266347,0.21,0.21,20.65,200.0,0.007602877,0.18668265
6130,266778,0.19,0.19,20.61,200.0,0.007598997999999999,0.1866611
6140,267238,0.18,0.18,20.65,200.0,0.007594858,0.1866381
6150,267679,0.17,0.17,20.65,200.0,0.007590889,0.18661605
6160,268077,0.2,0.2,20.67,200.0,0.007587307,0.18659615000000002
6170,268526,0.22,0.22,20.43,200.0,0.007583266,0.1865737
6180,268984,0.25,0.25,20.33,200.0,0.0075791439999999995,0.18655080000000002
6190,269443,0.24,0.24,20.53,200.0,0.007575013,0.18652785
6200,269881,0.2,0.2,20.49,200.0,0.007571071,0.18650595
6210,270352,0.2,0.2,20.4,200.0,0.007566832,0.18648240000000002
6220,270804,0.21,0.21,20.35,200.0,0.007562764,0.1864598
6230,271248,0.24,0.24,19.94,200.0,0.007558768,0.1864376
6240,271693,0.27,0.27,20.36,200.0,0.007554763,0.18641535
6250,272106,0.29,0.29,20.06,200.0,0.007551046,0.1863947
6260,272539,0.27,0.27,19.49,200.0,0.0075471489999999995,0.18637305
6270,272965,0.25,0.25,19.46,200.0,0.007543315,0.18635175
6280,273422,0.26,0.26,19.79,200.0,0.007539202,0.18632890000000002
6290,273868,0.27,0.27,19.43,200.0,0.007535188,0.18630660000000002
6300,274336,0.3,0.3,19.29,200.0,0.007530976,0.1862832
6310,274753,0.31,0.31,19.66,200.0,0.0075272229999999996,0.18626235
6320,275201,0.31,0.31,19.78,200.0,0.007523191,0.18623995000000002
6330,275638,0.3,0.3,19.5,200.0,0.007519258,0.1862181
6340,276092,0.24,0.24,19.5,200.0,0.0075151720000000005,0.1861954
6350,276537,0.27,0.27,19.32,200.0,0.007511167,0.18617315
6360,276983,0.24,0.24,19.32,200.0,0.007507153,0.18615085
6370,277420,0.26,0.26,19.16,200.0,0.00750322,0.18612900000000002
6380,277893,0.23,0.23,18.97,200.0,0.007498963,0.18610535
6390,278348,0.25,0.25,18.71,200.0,0.007494868,0.18608260000000001
6400,278815,0.23,0.23,18.52,200.0,0.0074906650000000005,0.18605925
6410,279249,0.23,0.23,19.02,200.0,0.007486758999999999,0.18603755
6420,279700,0.24,0.24,19.12,200.0,0.0074827,0.186015
6430,280150,0.25,0.25,19.11,200.0,0.00747865,0.1859925
6440,280559,0.25,0.25,19.11,200.0,0.007474969,0.18597205
6450,281023,0.22,0.22,18.97,200.0,0.007470793,0.18594885
6460,281440,0.23,0.23,18.79,200.0,0.0074670399999999994,0.185928
6470,281843,0.2,0.2,18.79,200.0,0.007463413,0.18590785
6480,282280,0.22,0.22,18.37,200.0,0.00745948,0.185886
6490,282696,0.19,0.19,18.41,200.0,0.007455735999999999,0.1858652
6500,283140,0.18,0.18,18.64,200.0,0.00745174,0.185843
6510,283575,0.17,0.17,18.89,200.0,0.007447825,0.18582125
6520,284029,0.16,0.16,18.86,200.0,0.0074437389999999996,0.18579855
6530,284457,0.13,0.13,19.08,200.0,0.007439886999999999,0.18577715
6540,284873,0.14,0.14,18.66,200.0,0.007436143,0.18575635000000001
6550,285320,0.13,0.13,18.48,200.0,0.00743212,0.185734
6560,285774,0.14,0.14,18.36,200.0,0.007428034,0.1857113
6570,286229,0.16,0.16,18.41,200.0,0.007423938999999999,0.18568855
6580,286723,0.16,0.16,18.82,200.0,0.007419492999999999,0.18566385000000002
6590,287186,0.16,0.16,19.08,200.0,0.007415326,0.1856407
6600,287624,0.19,0.19,19.43,200.0,0.007411384,0.1856188
6610,288067,0.19,0.19,19.14,200.0,0.007407397,0.18559665
6620,288497,0.19,0.19,19.29,200.0,0.007403527,0.18557515
6630,288946,0.2,0.2,19.28,200.0,0.007399486,0.18555270000000001
6640,289366,0.22,0.22,18.98,200.0,0.007395706,0.1855317
6650,289785,0.25,0.25,19.11,200.0,0.007391935,0.18551075
6660,290228,0.25,0.25,19.18,200.0,0.007387948,0.1854886
6670,290678,0.24,0.24,19.17,200.0,0.007383898,0.1854661
6680,291133,0.24,0.24,18.94,200.0,0.007379803000000001,0.18544335
6690,291570,0.26,0.26,19.38,200.0,0.00737587,0.18542150000000002
6700,292021,0.26,0.26,19.6,200.0,0.007371811000000001,0.18539895
6710,292473,0.26,0.26,19.99,200.0,0.0073677429999999995,0.18537635
6720,292892,0.27,0.27,20.24,200.0,0.007363972,0.1853554
6730,293329,0.28,0.28,20.61,200.0,0.007360039,0.18533355
6740,293800,0.3,0.3,20.36,200.0,0.0073558,0.18531
6750,294213,0.27,0.27,20.43,200.0,0.007352083,0.18528935000000002
6760,294703,0.27,0.27,20.53,200.0,0.007347673,0.18526485
6770,295157,0.29,0.29,20.6,200.0,0.007343587,0.18524215
6780,295579,0.29,0.29,20.52,200.0,0.007339789,0.18522105
6790,296003,0.27,0.27,20.83,200.0,0.007335972999999999,0.18519985
6800,296480,0.28,0.28,20.59,200.0,0.00733168,0.185176
6810,296927,0.26,0.26,20.59,200.0,0.007327657,0.18515365
6820,297387,0.27,0.27,20.4,200.0,0.007323517,0.18513065
6830,297841,0.27,0.27,20.54,200.0,0.0073194309999999995,0.18510795
6840,298259,0.25,0.25,20.75,200.0,0.007315669,0.18508705
6850,298686,0.28,0.28,21.42,200.0,0.0073118260000000004,0.1850657
6860,299112,0.27,0.27,21.54,200.0,0.007307992,0.1850444
6870,299520,0.28,0.28,21.4,200.0,0.0073043199999999996,0.185024
6880,299942,0.26,0.26,21.45,200.0,0.007300522,0.1850029
6890,300371,0.29,0.29,21.55,200.0,0.007296660999999999,0.18498145
6900,300841,0.28,0.28,21.09,200.0,0.007292431,0.18495795
6910,301250,0.29,0.29,21.07,200.0,0.00728875,0.1849375
6920,301750,0.26,0.26,21.35,200.0,0.00728425,0.1849125
6930,302125,0.24,0.24,21.28,200.0,0.007280875,0.18489375
6940,302543,0.26,0.26,21.17,200.0,0.007277113,0.18487285
6950,302996,0.25,0.25,21.0,200.0,0.007273036,0.18485020000000002
6960,303426,0.27,0.27,20.84,200.0,0.0072691660000000005,0.1848287
6970,303873,0.26,0.26,20.83,200.0,0.007265143,0.18480635
6980,304313,0.26,0.26,20.78,200.0,0.007261183,0.18478435
6990,304763,0.25,0.25,20.65,200.0,0.007257133,0.18476185
7000,305219,0.21,0.21,20.65,200.0,0.007253028999999999,0.18473905000000002
7010,305664,0.21,0.21,20.91,200.0,0.007249024,0.18471680000000001
7020,306093,0.23,0.23,20.5,200.0,0.007245163,0.18469535
7030,306503,0.23,0.23,20.49,200.0,0.007241473,0.18467485
7040,306962,0.22,0.22,20.46,200.0,0.007237342,0.1846519
7050,307384,0.21,0.21,20.37,200.0,0.007233544,0.1846308
7060,307820,0.2,0.2,20.29,200.0,0.00722962,0.184609
7070,308257,0.19,0.19,20.14,200.0,0.007225687,0.18458715
7080,308677,0.19,0.19,20.01,200.0,0.007221907,0.18456615
7090,309140,0.18,0.18,19.66,200.0,0.00721774,0.184543
7100,309594,0.2,0.2,19.48,200.0,0.007213654,0.1845203
7110,310042,0.2,0.2,19.64,200.0,0.007209622000000001,0.1844979
7120,310520,0.21,0.21,19.85,200.0,0.007205319999999999,0.184474
7130,310951,0.21,0.21,19.76,200.0,0.007201441,0.18445245000000002
7140,311385,0.2,0.2,19.62,200.0,0.007197535,0.18443075
7150,311845,0.19,0.19,19.35,200.0,0.007193395,0.18440775
7160,312311,0.17,0.17,19.35,200.0,0.007189200999999999,0.18438445
7170,312781,0.15,0.15,19.35,200.0,0.007184971,0.18436095
7180,313235,0.14,0.14,19.35,200.0,0.007180885,0.18433825
7190,313673,0.14,0.14,19.53,200.0,0.007176943,0.18431635000000002
7200,314148,0.15,0.15,19.36,200.0,0.007172668,0.1842926
7210,314613,0.16,0.16,19.27,200.0,0.007168483,0.18426935
7220,315061,0.14,0.14,19.09,200.0,0.0071644510000000005,0.18424695000000002
7230,315458,0.13,0.13,19.09,200.0,0.007160878,0.1842271
7240,315925,0.11,0.11,19.17,200.0,0.0071566749999999995,0.18420375
7250,316407,0.12,0.12,19.19,200.0,0.007152337,0.18417965
7260,316857,0.13,0.13,19.11,200.0,0.007148287,0.18415715
7270,317254,0.14,0.14,19.19,200.0,0.007144714,0.1841373
7280,317684,0.18,0.18,19.15,200.0,0.0071408439999999995,0.1841158
7290,318164,0.16,0.16,19.15,200.0,0.007136524,0.1840918
7300,318630,0.16,0.16,19.28,200.0,0.007132329999999999,0.1840685
7310,319079,0.15,0.15,19.23,200.0,0.0071282889999999995,0.18404605000000002
7320,319485,0.13,0.13,19.23,200.0,0.007124635,0.18402575000000002
7330,319972,0.17,0.17,19.16,200.0,0.0071202520000000005,0.1840014
7340,320418,0.17,0.17,19.27,200.0,0.007116238,0.1839791
7350,320833,0.15,0.15,19.27,200.0,0.007112503,0.18395835
7360,321283,0.18,0.18,18.82,200.0,0.007108453,0.18393585
7370,321719,0.18,0.18,18.94,200.0,0.007104529,0.18391405
7380,322176,0.18,0.18,18.95,200.0,0.007100416,0.1838912
7390,322660,0.21,0.21,18.74,200.0,0.0070960599999999995,0.183867
7400,323137,0.2,0.2,18.53,200.0,0.007091767,0.18384315
7410,323590,0.23,0.23,18.67,200.0,0.00708769,0.1838205
7420,324022,0.24,0.24,18.6,200.0,0.007083802,0.18379890000000002
7430,324408,0.23,0.23,19.07,200.0,0.007080328,0.18377960000000002
7440,324835,0.22,0.22,19.07,200.0,0.007076485,0.18375825
7450,325254,0.24,0.24,19.44,200.0,0.007072714,0.1837373
7460,325698,0.22,0.22,19.54,200.0,0.007068718,0.18371510000000002
7470,326186,0.24,0.24,19.29,200.0,0.007064326,0.1836907
7480,326621,0.23,0.23,20.18,200.0,0.007060411,0.18366895
7490,327020,0.2,0.2,20.18,200.0,0.00705682,0.183649
7500,327468,0.21,0.21,20.48,200.0,0.007052788,0.1836266
7510,327879,0.17,0.17,20.48,200.0,0.007049089,0.18360605000000002
7520,328313,0.17,0.17,20.59,200.0,0.007045183,0.18358435
7530,328747,0.15,0.15,20.46,200.0,0.007041277,0.18356265
7540,329230,0.16,0.16,20.76,200.0,0.00703693,0.1835385
7550,329682,0.17,0.17,20.44,200.0,0.007032862,0.1835159
7560,330131,0.16,0.16,20.45,200.0,0.007028820999999999,0.18349345
7570,330596,0.16,0.16,20.7,200.0,0.007024636,0.1834702
7580,331010,0.13,0.13,20.7,200.0,0.00702091,0.18344950000000002
7590,331449,0.18,0.18,20.7,200.0,0.007016959,0.18342755
7600,331888,0.18,0.18,20.69,200.0,0.007013007999999999,0.1834056
7610,332281,0.19,0.19,20.65,200.0,0.007009471,0.18338595000000002
7620,332687,0.19,0.19,20.62,200.0,0.007005816999999999,0.18336565
7630,333152,0.19,0.19,20.71,200.0,0.007001632,0.18334240000000002
7640,333628,0.19,0.19,20.97,200.0,0.0069973480000000005,0.1833186
7650,334058,0.2,0.2,21.24,200.0,0.006993477999999999,0.1832971
7660,334486,0.2,0.2,21.09,200.0,0.006989626,0.1832757
7670,334945,0.2,0.2,21.21,200.0,0.0069854949999999996,0.18325275000000002
7680,335349,0.22,0.22,21.18,200.0,0.006981859,0.18323255
7690,335760,0.17,0.17,21.18,200.0,0.00697816,0.183212
7700,336204,0.18,0.18,21.12,200.0,0.006974164,0.1831898
7710,336641,0.18,0.18,21.08,200.0,0.0069702309999999995,0.18316795
7720,337046,0.19,0.19,21.37,200.0,0.006966586,0.1831477
7730,337520,0.21,0.21,21.35,200.0,0.00696232,0.183124
7740,337963,0.22,0.22,21.42,200.0,0.006958333,0.18310185
7750,338420,0.21,0.21,21.98,200.0,0.00695422,0.183079
7760,338856,0.24,0.24,21.8,200.0,0.006950296,0.1830572
7770,339309,0.23,0.23,22.07,200.0,0.006946219,0.18303455000000002
7780,339773,0.22,0.22,22.18,200.0,0.006942043,0.18301135000000002
7790,340128,0.24,0.24,21.67,200.0,0.006938848,0.1829936
7800,340590,0.2,0.2,21.67,200.0,0.00693469,0.1829705
7810,341038,0.21,0.21,21.69,200.0,0.006930657999999999,0.1829481
7820,341501,0.2,0.2,21.73,200.0,0.006926491,0.18292495
7830,341893,0.18,0.18,22.18,200.0,0.006922963,0.18290535
7840,342345,0.17,0.17,21.81,200.0,0.0069188949999999996,0.18288275
7850,342788,0.14,0.14,21.81,200.0,0.006914908,0.1828606
7860,343233,0.13,0.13,21.38,200.0,0.0069109029999999995,0.18283835
7870,343673,0.12,0.12,21.4,200.0,0.006906943,0.18281635000000002
7880,344092,0.16,0.16,21.1,200.0,0.006903172,0.1827954
7890,344546,0.15,0.15,21.4,200.0,0.006899086,0.1827727
7900,344991,0.15,0.15,21.4,200.0,0.006895081,0.18275045
7910,345441,0.14,0.14,21.43,200.0,0.006891031,0.18272795
7920,345877,0.14,0.14,21.26,200.0,0.006887107,0.18270615
7930,346335,0.14,0.14,21.33,200.0,0.0068829849999999995,0.18268325000000002
7940,346770,0.14,0.14,21.41,200.0,0.006879069999999999,0.1826615
7950,347162,0.15,0.15,21.36,200.0,0.006875542,0.1826419
7960,347601,0.14,0.14,21.05,200.0,0.006871591,0.18261995
7970,348037,0.14,0.14,20.87,200.0,0.006867667,0.18259815000000001
7980,348521,0.11,0.11,20.59,200.0,0.0068633109999999995,0.18257395
7990,348920,0.11,0.11,20.92,200.0,0.00685972,0.182554
8000,349372,0.12,0.12,20.95,200.0,0.006855652,0.1825314
8010,349854,0.11,0.11,20.95,200.0,0.006851314,0.1825073
8020,350323,0.11,0.11,21.12,200.0,0.006847093,0.18248385
8030,350773,0.11,0.11,21.48,200.0,0.006843043,0.18246135
8040,351205,0.11,0.11,21.09,200.0,0.0068391549999999995,0.18243975
8050,351675,0.13,0.13,20.93,200.0,0.0068349249999999995,0.18241625
8060,352060,0.12,0.12,20.84,200.0,0.00683146,0.182397
8070,352543,0.13,0.13,21.11,200.0,0.006827112999999999,0.18237285
8080,352994,0.12,0.12,21.34,200.0,0.006823054,0.18235030000000002
8090,353418,0.15,0.15,21.22,200.0,0.006819238,0.1823291
8100,353862,0.15,0.15,21.25,200.0,0.006815241999999999,0.1823069
8110,354329,0.2,0.2,20.61,200.0,0.006811039,0.18228355000000002
8120,354823,0.2,0.2,20.52,200.0,0.006806593,0.18225885
8130,355275,0.22,0.22,20.34,200.0,0.006802525,0.18223625000000002
8140,355756,0.26,0.26,20.96,200.0,0.006798195999999999,0.1822122
8150,356201,0.26,0.26,20.64,200.0,0.006794191,0.18218995000000002
8160,356618,0.27,0.27,20.47,200.0,0.006790437999999999,0.1821691
8170,357076,0.28,0.28,20.35,200.0,0.006786316,0.1821462
8180,357539,0.28,0.28,20.48,200.0,0.0067821489999999995,0.18212305
8190,358024,0.26,0.26,20.44,200.0,0.006777784,0.1820988
8200,358477,0.26,0.26,20.1,200.0,0.006773707,0.18207615
8210,358913,0.22,0.22,19.79,200.0,0.006769783,0.18205435
8220,359360,0.23,0.23,19.97,200.0,0.006765759999999999,0.182032
8230,359804,0.22,0.22,19.91,200.0,0.006761764,0.1820098
8240,360229,0.21,0.21,19.68,200.0,0.006757938999999999,0.18198855
8250,360654,0.2,0.2,19.89,200.0,0.006754114,0.1819673
8260,361147,0.22,0.22,20.04,200.0,0.006749677,0.18194265
8270,361587,0.21,0.21,20.28,200.0,0.006745717,0.18192065000000002
8280,362044,0.2,0.2,20.28,200.0,0.006741604,0.1818978
8290,362466,0.19,0.19,20.01,200.0,0.006737806,0.1818767
8300,362905,0.18,0.18,20.01,200.0,0.006733855,0.18185475
8310,363329,0.19,0.19,19.65,200.0,0.006730039,0.18183355
8320,363810,0.2,0.2,19.64,200.0,0.006725709999999999,0.1818095
8330,364245,0.21,0.21,19.41,200.0,0.006721795,0.18178775
8340,364670,0.18,0.18,19.56,200.0,0.00671797,0.1817665
8350,365160,0.19,0.19,19.41,200.0,0.00671356,0.18174200000000001
8360,365584,0.15,0.15,19.41,200.0,0.006709744,0.18172080000000002
8370,366035,0.15,0.15,19.41,200.0,0.006705684999999999,0.18169825
8380,366470,0.17,0.17,19.27,200.0,0.006701769999999999,0.18167650000000002
8390,366921,0.16,0.16,19.27,200.0,0.006697711,0.18165395
8400,367277,0.16,0.16,19.27,200.0,0.006694507,0.18163615
8410,367743,0.16,0.16,19.32,200.0,0.006690313,0.18161285
8420,368221,0.14,0.14,19.3,200.0,0.0066860109999999995,0.18158895
8430,368678,0.11,0.11,19.3,200.0,0.006681898,0.1815661
8440,369165,0.11,0.11,19.27,200.0,0.006677515,0.18154175
8450,369628,0.09,0.09,19.19,200.0,0.006673347999999999,0.1815186
8460,370023,0.11,0.11,18.97,200.0,0.006669793,0.18149885000000002
8470,370483,0.11,0.11,19.29,200.0,0.006665653,0.18147585
8480,370919,0.12,0.12,19.62,200.0,0.006661729,0.18145405
8490,371378,0.15,0.15,19.65,200.0,0.006657598,0.1814311
8500,371813,0.16,0.16,19.85,200.0,0.006653683,0.18140935
8510,372240,0.17,0.17,20.07,200.0,0.00664984,0.181388
8520,372693,0.18,0.18,20.31,200.0,0.006645763,0.18136535
8530,373141,0.2,0.2,20.54,200.0,0.006641731,0.18134295
8540,373606,0.22,0.22,20.79,200.0,0.006637545999999999,0.1813197
8550,374043,0.23,0.23,20.95,200.0,0.006633613,0.18129785
8560,374503,0.23,0.23,20.96,200.0,0.006629473,0.18127485000000002
8570,374942,0.22,0.22,21.01,200.0,0.006625522,0.1812529
8580,375370,0.21,0.21,20.65,200.0,0.00662167,0.18123150000000002
8590,375830,0.2,0.2,20.5,200.0,0.00661753,0.1812085
8600,376262,0.21,0.21,20.61,200.0,0.0066136419999999994,0.1811869
8610,376744,0.21,0.21,20.46,200.0,0.006609304,0.1811628
8620,377143,0.19,0.19,20.46,200.0,0.006605712999999999,0.18114285
8630,377570,0.19,0.19,19.95,200.0,0.006601869999999999,0.1811215
8640,377997,0.18,0.18,20.25,200.0,0.006598026999999999,0.18110015000000002
8650,378429,0.16,0.16,20.25,200.0,0.006594139,0.18107855
8660,378838,0.15,0.15,20.2,200.0,0.0065904579999999996,0.1810581
8670,379311,0.14,0.14,20.2,200.0,0.006586201,0.18103445
8680,379766,0.15,0.15,20.3,200.0,0.006582106,0.1810117
8690,380200,0.16,0.16,20.25,200.0,0.006578199999999999,0.18099
8700,380676,0.15,0.15,19.93,200.0,0.006573915999999999,0.1809662
8710,381124,0.15,0.15,20.21,200.0,0.006569884,0.18094380000000002
8720,381564,0.16,0.16,20.21,200.0,0.006565924,0.1809218
8730,381980,0.18,0.18,20.33,200.0,0.00656218,0.180901
8740,382388,0.17,0.17,20.38,200.0,0.006558507999999999,0.1808806
8750,382812,0.2,0.2,20.42,200.0,0.006554692,0.1808594
8760,383249,0.2,0.2,20.63,200.0,0.006550759,0.18083755
8770,383704,0.21,0.21,20.69,200.0,0.006546664,0.1808148
8780,384176,0.19,0.19,20.57,200.0,0.006542416,0.1807912
8790,384592,0.18,0.18,21.02,200.0,0.006538672,0.1807704
8800,385046,0.19,0.19,21.27,200.0,0.006534586,0.1807477
8810,385464,0.17,0.17,21.47,200.0,0.006530824,0.18072680000000002
8820,385920,0.16,0.16,21.47,200.0,0.00652672,0.180704
8830,386338,0.12,0.12,21.47,200.0,0.006522958,0.1806831
8840,386801,0.13,0.13,21.57,200.0,0.0065187909999999995,0.18065995
8850,387228,0.11,0.11,21.27,200.0,0.006514948,0.1806386
8860,387660,0.11,0.11,21.67,200.0,0.00651106,0.180617
8870,388151,0.13,0.13,21.97,200.0,0.006506641,0.18059245000000002
8880,388600,0.13,0.13,21.99,200.0,0.0065026,0.18057
8890,389053,0.12,0.12,21.99,200.0,0.006498523,0.18054735
8900,389497,0.12,0.12,21.96,200.0,0.006494527,0.18052515
8910,389952,0.13,0.13,22.32,200.0,0.006490431999999999,0.1805024
8920,390399,0.14,0.14,22.34,200.0,0.006486409,0.18048005
8930,390854,0.15,0.15,22.58,200.0,0.0064823139999999994,0.18045730000000001
8940,391333,0.16,0.16,22.64,200.0,0.0064780029999999995,0.18043335
8950,391785,0.17,0.17,22.66,200.0,0.006473935,0.18041075
8960,392194,0.18,0.18,22.64,200.0,0.006470254,0.1803903
8970,392606,0.17,0.17,22.79,200.0,0.006466546,0.1803697
8980,393040,0.18,0.18,22.65,200.0,0.00646264,0.180348
8990,393519,0.19,0.19,22.71,200.0,0.006458329,0.18032405
9000,393944,0.19,0.19,22.53,200.0,0.006454504,0.1803028
9010,394378,0.17,0.17,22.53,200.0,0.006450598,0.1802811
9020,394820,0.17,0.17,22.71,200.0,0.00644662,0.180259
9030,395274,0.18,0.18,22.88,200.0,0.006442534,0.18023630000000002
9040,395754,0.22,0.22,22.75,200.0,0.006438213999999999,0.1802123
9050,396189,0.21,0.21,22.81,200.0,0.006434298999999999,0.18019055
9060,396633,0.2,0.2,22.65,200.0,0.006430303,0.18016835
9070,397115,0.21,0.21,22.6,200.0,0.006425965,0.18014425
9080,397562,0.23,0.23,22.95,200.0,0.006421942,0.1801219
9090,397993,0.23,0.23,23.22,200.0,0.006418063,0.18010035000000002
9100,398431,0.23,0.23,23.0,200.0,0.006414121,0.18007845
9110,398902,0.25,0.25,22.86,200.0,0.006409882,0.18005490000000002
9120,399357,0.25,0.25,22.81,200.0,0.006405787,0.18003215
9130,399805,0.23,0.23,22.81,200.0,0.006401754999999999,0.18000975
9140,400220,0.17,0.17,22.86,200.0,0.006398019999999999,0.179989
9150,400678,0.17,0.17,22.72,200.0,0.006393898,0.17996610000000002
9160,401126,0.19,0.19,22.55,200.0,0.006389866,0.1799437
9170,401564,0.19,0.19,22.3,200.0,0.006385923999999999,0.17992180000000002
9180,402044,0.15,0.15,22.3,200.0,0.006381603999999999,0.1798978
9190,402520,0.17,0.17,22.13,200.0,0.00637732,0.179874
9200,402941,0.16,0.16,22.09,200.0,0.006373531,0.17985295
9210,403395,0.16,0.16,22.23,200.0,0.006369445,0.17983025
9220,403828,0.16,0.16,22.12,200.0,0.0063655479999999995,0.1798086
9230,404276,0.17,0.17,22.44,200.0,0.006361515999999999,0.1797862
9240,404733,0.18,0.18,22.43,200.0,0.006357402999999999,0.17976335
9250,405202,0.2,0.2,22.51,200.0,0.006353182,0.1797399
9260,405653,0.18,0.18,22.2,200.0,0.006349123,0.17971735
9270,406114,0.18,0.18,22.58,200.0,0.006344974,0.1796943
9280,406537,0.2,0.2,22.71,200.0,0.006341167,0.17967315
9290,407011,0.16,0.16,22.71,200.0,0.006336901,0.17964945
9300,407449,0.15,0.15,22.71,200.0,0.006332958999999999,0.17962755
9310,407929,0.15,0.15,23.31,200.0,0.0063286390000000005,0.17960355
9320,408387,0.17,0.17,22.99,200.0,0.006324517,0.17958065
9330,408823,0.18,0.18,22.69,200.0,0.006320592999999999,0.17955885
9340,409256,0.18,0.18,22.94,200.0,0.006316696,0.1795372
9350,409670,0.16,0.16,22.54,200.0,0.006312969999999999,0.1795165
9360,410109,0.16,0.16,22.79,200.0,0.006309019,0.17949455
9370,410570,0.16,0.16,22.33,200.0,0.00630487,0.1794715
9380,411005,0.17,0.17,22.81,200.0,0.006300955,0.17944975000000002
9390,411468,0.19,0.19,22.53,200.0,0.006296787999999999,0.1794266
9400,411906,0.21,0.21,22.36,200.0,0.0062928459999999995,0.1794047
9410,412338,0.21,0.21,22.85,200.0,0.006288958,0.17938310000000002
9420,412797,0.21,0.21,22.91,200.0,0.006284827,0.17936015
9430,413275,0.2,0.2,22.92,200.0,0.006280525,0.17933625
9440,413720,0.18,0.18,22.92,200.0,0.00627652,0.179314
9450,414179,0.19,0.19,22.82,200.0,0.006272389,0.17929105
9460,414649,0.19,0.19,22.82,200.0,0.006268159,0.17926755
9470,415102,0.19,0.19,22.73,200.0,0.006264081999999999,0.1792449
9480,415531,0.17,0.17,22.48,200.0,0.006260221,0.17922345
9490,415952,0.2,0.2,21.93,200.0,0.006256431999999999,0.1792024
9500,416394,0.2,0.2,22.02,200.0,0.006252453999999999,0.17918030000000001
9510,416858,0.19,0.19,22.1,200.0,0.0062482779999999995,0.1791571
9520,417309,0.17,0.17,22.0,200.0,0.0062442190000000005,0.17913455
9530,417737,0.16,0.16,22.0,200.0,0.006240367,0.17911315
9540,418210,0.17,0.17,22.03,200.0,0.00623611,0.1790895
9550,418661,0.17,0.17,21.78,200.0,0.006232051,0.17906695
9560,419119,0.16,0.16,21.78,200.0,0.006227929,0.17904405
9570,419551,0.15,0.15,21.84,200.0,0.006224041,0.17902245
9580,419966,0.14,0.14,21.84,200.0,0.006220306,0.1790017
9590,420383,0.11,0.11,22.15,200.0,0.006216553,0.17898085
9600,420788,0.13,0.13,21.71,200.0,0.006212908,0.1789606
9610,421268,0.17,0.17,22.42,200.0,0.006208588,0.1789366
9620,421738,0.22,0.22,21.92,200.0,0.006204358,0.1789131
9630,422143,0.22,0.22,21.92,200.0,0.006200713,0.17889285
9640,422562,0.24,0.24,21.93,200.0,0.006196942,0.1788719
9650,423029,0.23,0.23,22.02,200.0,0.006192739,0.17884855
9660,423518,0.24,0.24,21.95,200.0,0.006188338,0.1788241
9670,423907,0.22,0.22,21.95,200.0,0.006184837,0.17880465
9680,424348,0.22,0.22,21.95,200.0,0.006180867999999999,0.1787826
9690,424793,0.21,0.21,22.15,200.0,0.0061768629999999995,0.17876035
9700,425252,0.17,0.17,22.15,200.0,0.006172732,0.1787374
9710,425682,0.14,0.14,22.27,200.0,0.006168862,0.1787159
9720,426137,0.09,0.09,22.43,200.0,0.006164767,0.17869315
9730,426579,0.1,0.1,22.33,200.0,0.006160789,0.17867105
9740,426988,0.11,0.11,22.27,200.0,0.006157108,0.1786506
9750,427443,0.13,0.13,22.35,200.0,0.006153013,0.17862785
9760,427862,0.13,0.13,22.32,200.0,0.006149241999999999,0.1786069
9770,428313,0.15,0.15,22.56,200.0,0.006145183,0.17858435
9780,428789,0.15,0.15,22.56,200.0,0.006140899,0.17856055
9790,429249,0.17,0.17,22.37,200.0,0.006136759,0.17853755
9800,429729,0.17,0.17,22.37,200.0,0.006132439,0.17851355
9810,430147,0.16,0.16,22.24,200.0,0.006128677,0.17849265
9820,430595,0.17,0.17,21.96,200.0,0.006124645,0.17847025
9830,431076,0.16,0.16,21.96,200.0,0.006120316,0.1784462
9840,431552,0.13,0.13,21.63,200.0,0.006116032,0.1784224
9850,431975,0.11,0.11,21.6,200.0,0.006112225,0.17840125
9860,432435,0.11,0.11,21.4,200.0,0.006108084999999999,0.17837825000000002
9870,432874,0.1,0.1,21.4,200.0,0.006104134,0.1783563
9880,433309,0.1,0.1,21.4,200.0,0.006100219,0.17833455
9890,433782,0.08,0.08,21.18,200.0,0.006095962,0.1783109
9900,434260,0.12,0.12,20.8,200.0,0.00609166,0.178287
9910,434718,0.12,0.12,20.72,200.0,0.006087538,0.1782641
9920,435180,0.12,0.12,20.61,200.0,0.006083379999999999,0.178241
9930,435630,0.13,0.13,20.26,200.0,0.00607933,0.1782185
9940,436100,0.17,0.17,20.79,200.0,0.0060751,0.178195
9950,436578,0.2,0.2,20.91,200.0,0.006070798,0.1781711
9960,437035,0.2,0.2,21.0,200.0,0.006066685,0.17814825
9970,437478,0.22,0.22,20.87,200.0,0.006062698,0.1781261
9980,437906,0.22,0.22,20.87,200.0,0.006058846,0.1781047
9990,438309,0.22,0.22,20.83,200.0,0.006055219,0.17808455
10000,438760,0.23,0.23,20.77,200.0,0.00605116,0.178062
10010,439218,0.24,0.24,20.74,200.0,0.006047037999999999,0.1780391
10020,439693,0.22,0.22,20.74,200.0,0.006042763,0.17801535000000002
10030,440141,0.25,0.25,20.18,200.0,0.0060387309999999994,0.17799295
10040,440641,0.25,0.25,19.84,200.0,0.006034230999999999,0.17796795
10050,441121,0.22,0.22,19.89,200.0,0.006029911,0.17794395000000002
10060,441576,0.25,0.25,19.82,200.0,0.006025816,0.1779212
10070,441998,0.25,0.25,19.77,200.0,0.006022018,0.1779001
10080,442397,0.26,0.26,19.83,200.0,0.006018427,0.17788015000000001
10090,442831,0.28,0.28,20.22,200.0,0.006014521,0.17785845
10100,443301,0.24,0.24,20.41,200.0,0.006010291,0.17783495
10110,443739,0.26,0.26,20.1,200.0,0.006006348999999999,0.17781305
10120,444172,0.26,0.26,20.1,200.0,0.006002451999999999,0.1777914
10130,444646,0.26,0.26,20.47,200.0,0.005998186,0.1777677
10140,445118,0.23,0.23,20.74,200.0,0.005993938,0.17774410000000002
10150,445510,0.27,0.27,21.0,200.0,0.00599041,0.1777245
10160,445959,0.25,0.25,20.66,200.0,0.005986369,0.17770205
10170,446391,0.25,0.25,20.91,200.0,0.0059824809999999996,0.17768045
10180,446866,0.25,0.25,20.77,200.0,0.005978206,0.1776567
10190,447332,0.24,0.24,21.12,200.0,0.005974012,0.1776334
10200,447804,0.27,0.26,21.37,200.0,0.005969764,0.1776098
10210,448252,0.23,0.22,21.37,200.0,0.005965732,0.1775874
10220,448737,0.26,0.25,21.04,200.0,0.0059613669999999995,0.17756315
10230,449140,0.24,0.23,20.97,200.0,0.0059577399999999996,0.177543
10240,449619,0.24,0.23,20.79,200.0,0.005953429,0.17751905
10250,450061,0.21,0.2,20.77,200.0,0.005949451,0.17749695000000001
10260,450534,0.23,0.22,20.35,200.0,0.005945194,0.1774733
10270,450974,0.2,0.19,20.35,200.0,0.005941234,0.1774513
10280,451409,0.2,0.19,20.42,200.0,0.005937319,0.17742955
10290,451865,0.19,0.18,20.09,200.0,0.0059332149999999995,0.17740675
10300,452335,0.18,0.18,20.53,200.0,0.0059289849999999995,0.17738325
10310,452809,0.19,0.19,20.33,200.0,0.005924718999999999,0.17735955
10320,453242,0.16,0.16,20.33,200.0,0.005920822,0.1773379
10330,453725,0.14,0.14,20.33,200.0,0.005916475,0.17731375
10340,454178,0.14,0.14,20.78,200.0,0.005912397999999999,0.1772911
10350,454621,0.15,0.15,20.8,200.0,0.005908411,0.17726895
10360,455008,0.12,0.12,21.03,200.0,0.005904927999999999,0.1772496
10370,455439,0.12,0.12,21.03,200.0,0.005901049,0.17722805
10380,455860,0.13,0.13,21.42,200.0,0.00589726,0.177207
10390,456257,0.12,0.12,21.42,200.0,0.005893687,0.17718715000000002
10400,456704,0.11,0.11,21.77,200.0,0.005889663999999999,0.1771648
10410,457153,0.12,0.12,21.88,200.0,0.0058856229999999995,0.17714235
10420,457625,0.15,0.15,22.25,200.0,0.0058813749999999995,0.17711875
10430,458080,0.17,0.17,22.26,200.0,0.0058772799999999995,0.177096
10440,458550,0.15,0.15,22.26,200.0,0.0058730499999999995,0.1770725
10450,458997,0.14,0.14,22.46,200.0,0.005869027,0.17705015000000002
10460,459465,0.15,0.15,22.15,200.0,0.005864815,0.17702675
10470,459929,0.17,0.17,21.94,200.0,0.005860639,0.17700355
10480,460364,0.18,0.18,21.4,200.0,0.005856724,0.1769818
10490,460852,0.19,0.19,21.52,200.0,0.005852332,0.17695740000000001
10500,461265,0.19,0.19,21.43,200.0,0.005848615,0.17693675
10510,461705,0.17,0.17,21.43,200.0,0.005844655,0.17691475
10520,462186,0.18,0.18,21.22,200.0,0.005840326,0.1768907
10530,462646,0.21,0.21,21.0,200.0,0.005836185999999999,0.17686770000000002
10540,463112,0.22,0.22,21.27,200.0,0.005831991999999999,0.1768444
10550,463558,0.2,0.2,21.27,200.0,0.005827977999999999,0.1768221
10560,463975,0.2,0.2,21.14,200.0,0.005824225,0.17680125
10570,464434,0.19,0.19,21.24,200.0,0.005820094,0.1767783
10580,464889,0.16,0.16,21.24,200.0,0.005815999,0.17675555
10590,465303,0.15,0.15,21.24,200.0,0.005812273,0.17673485
10600,465702,0.15,0.15,21.46,200.0,0.005808682,0.1767149
10610,466081,0.15,0.15,21.46,200.0,0.005805271,0.17669595
10620,466540,0.14,0.14,21.52,200.0,0.00580114,0.176673
10630,466969,0.1,0.1,21.44,200.0,0.005797279,0.17665155
10640,467417,0.13,0.13,21.84,200.0,0.005793247,0.17662915
10650,467848,0.16,0.16,21.28,200.0,0.005789368,0.1766076
10660,468311,0.17,0.17,21.47,200.0,0.005785201,0.17658445
10670,468773,0.19,0.19,21.29,200.0,0.005781043,0.17656135
10680,469240,0.23,0.23,21.28,200.0,0.00577684,0.176538
10690,469670,0.24,0.24,21.09,200.0,0.00577297,0.1765165
10700,470111,0.23,0.23,21.39,200.0,0.005769000999999999,0.17649445
10710,470578,0.25,0.25,21.35,200.0,0.005764798,0.1764711
10720,471050,0.25,0.25,21.19,200.0,0.00576055,0.1764475
10730,471505,0.26,0.26,21.19,200.0,0.005756455,0.17642475
10740,471954,0.23,0.23,21.3,200.0,0.005752414,0.1764023
10750,472406,0.22,0.22,21.53,200.0,0.005748346,0.1763797
10760,472814,0.2,0.2,21.28,200.0,0.005744674,0.1763593
10770,473267,0.18,0.18,21.32,200.0,0.005740597,0.17633665
10780,473720,0.16,0.16,21.34,200.0,0.00573652,0.176314
10790,474187,0.16,0.16,21.43,200.0,0.005732317,0.17629065
10800,474668,0.18,0.18,21.26,200.0,0.005727988,0.1762666
10810,475127,0.16,0.16,21.26,200.0,0.005723857,0.17624365
10820,475591,0.15,0.15,21.12,200.0,0.005719681,0.17622045
10830,476080,0.17,0.17,21.19,200.0,0.00571528,0.176196
10840,476556,0.19,0.19,21.32,200.0,0.005710996,0.1761722
10850,476995,0.19,0.19,21.01,200.0,0.005707045,0.17615025
10860,477459,0.2,0.2,21.15,200.0,0.005702868999999999,0.17612705
10870,477923,0.19,0.19,21.15,200.0,0.0056986929999999995,0.17610385
10880,478347,0.17,0.17,21.15,200.0,0.005694876999999999,0.17608265
10890,478830,0.16,0.16,21.15,200.0,0.00569053,0.1760585
10900,479289,0.13,0.13,21.15,200.0,0.005686398999999999,0.17603555
10910,479764,0.13,0.13,21.15,200.0,0.005682123999999999,0.1760118
10920,480204,0.15,0.15,21.17,200.0,0.0056781639999999994,0.1759898
10930,480639,0.15,0.15,21.13,200.0,0.005674249,0.17596805000000001
10940,481095,0.17,0.17,21.4,200.0,0.005670145,0.17594525
10950,481550,0.18,0.18,21.34,200.0,0.00566605,0.1759225
10960,482014,0.17,0.17,21.35,200.0,0.005661874,0.1758993
10970,482463,0.17,0.17,21.35,200.0,0.005657833,0.17587685
10980,482926,0.18,0.18,21.41,200.0,0.005653666,0.1758537
10990,483392,0.18,0.18,21.41,200.0,0.005649472,0.1758304
11000,483862,0.2,0.2,21.15,200.0,0.005645242,0.1758069
11010,484335,0.22,0.22,20.94,200.0,0.005640984999999999,0.17578325
11020,484764,0.18,0.18,20.94,200.0,0.005637124,0.1757618
11030,485212,0.16,0.16,20.59,200.0,0.005633092,0.1757394
11040,485647,0.14,0.14,20.43,200.0,0.005629177,0.17571765
11050,486090,0.13,0.13,20.4,200.0,0.0056251899999999995,0.1756955
11060,486532,0.13,0.13,20.58,200.0,0.0056212119999999996,0.1756734
11070,486964,0.15,0.15,20.74,200.0,0.005617324,0.1756518
11080,487428,0.14,0.14,20.74,200.0,0.005613148,0.1756286
11090,487864,0.14,0.14,20.74,200.0,0.0056092239999999995,0.1756068
11100,488328,0.13,0.13,20.84,200.0,0.005605048,0.1755836
11110,488752,0.13,0.13,21.41,200.0,0.005601231999999999,0.1755624
11120,489202,0.15,0.15,21.96,200.0,0.005597181999999999,0.1755399
11130,489684,0.14,0.14,22.04,200.0,0.005592844,0.1755158
11140,490154,0.14,0.14,22.04,200.0,0.0055886139999999996,0.1754923
11150,490568,0.12,0.12,22.04,200.0,0.005584888,0.1754716
11160,491040,0.14,0.14,21.75,200.0,0.0055806399999999996,0.175448
11170,491494,0.13,0.13,21.76,200.0,0.005576554,0.1754253
11180,491951,0.13,0.13,21.76,200.0,0.005572440999999999,0.17540245
11190,492370,0.16,0.16,22.37,200.0,0.0055686699999999995,0.1753815
11200,492815,0.15,0.15,22.37,200.0,0.005564665,0.17535925
11210,493264,0.16,0.16,22.54,200.0,0.005560624,0.17533680000000001
11220,493707,0.14,0.14,22.54,200.0,0.005556637,0.17531465000000002
11230,494146,0.15,0.15,22.36,200.0,0.005552686,0.1752927
11240,494622,0.12,0.12,22.36,200.0,0.005548402,0.1752689
11250,495097,0.12,0.12,22.36,200.0,0.005544126999999999,0.17524515000000002
11260,495533,0.12,0.12,22.6,200.0,0.005540203,0.17522335
11270,496005,0.13,0.13,22.67,200.0,0.0055359549999999995,0.17519975000000002
11280,496466,0.16,0.16,22.76,200.0,0.005531805999999999,0.1751767
11290,496897,0.14,0.14,23.02,200.0,0.005527927,0.17515515
11300,497323,0.14,0.14,23.02,200.0,0.005524093,0.17513385
11310,497761,0.12,0.12,22.96,200.0,0.005520150999999999,0.17511195000000002
11320,498252,0.13,0.13,23.28,200.0,0.005515732,0.1750874
11330,498688,0.11,0.11,23.28,200.0,0.005511807999999999,0.1750656
11340,499154,0.14,0.14,23.41,200.0,0.005507614,0.1750423
11350,499633,0.16,0.16,23.24,200.0,0.005503302999999999,0.17501835
11360,500090,0.14,0.14,23.22,200.0,0.005499189999999999,0.1749955
11370,500556,0.14,0.14,23.2,200.0,0.005494995999999999,0.1749722
11380,501024,0.12,0.12,23.1,200.0,0.005490783999999999,0.17494880000000002
11390,501476,0.11,0.11,23.1,200.0,0.005486715999999999,0.1749262
11400,501891,0.11,0.11,23.1,200.0,0.005482981,0.17490545000000002
11410,502378,0.1,0.1,23.1,200.0,0.0054785979999999995,0.1748811
11420,502805,0.09,0.09,23.1,200.0,0.005474755,0.17485975
11430,503264,0.12,0.12,22.89,200.0,0.0054706239999999995,0.17483680000000001
11440,503706,0.13,0.13,22.43,200.0,0.0054666459999999995,0.1748147
11450,504163,0.14,0.14,22.59,200.0,0.0054625329999999995,0.17479185
11460,504605,0.13,0.13,22.59,200.0,0.005458555,0.17476975
11470,505015,0.12,0.12,22.66,200.0,0.005454865,0.17474925
11480,505493,0.14,0.14,22.75,200.0,0.005450563,0.17472535
11490,505962,0.16,0.16,23.22,200.0,0.005446342,0.1747019
11500,506375,0.18,0.18,23.02,200.0,0.0054426249999999995,0.17468125
11510,506806,0.19,0.19,22.85,200.0,0.0054387459999999995,0.1746597
11520,507285,0.2,0.2,22.68,200.0,0.005434435,0.17463575
11530,507746,0.23,0.23,22.38,200.0,0.0054302859999999994,0.1746127
11540,508228,0.25,0.25,22.27,200.0,0.005425948,0.1745886
11550,508686,0.24,0.24,22.01,200.0,0.005421826,0.1745657
11560,509105,0.25,0.25,22.18,200.0,0.005418055,0.17454475
11570,509538,0.26,0.26,22.32,200.0,0.005414158,0.1745231
11580,509966,0.25,0.25,22.37,200.0,0.005410305999999999,0.1745017
11590,510448,0.27,0.27,22.28,200.0,0.005405968,0.1744776
11600,510879,0.27,0.27,22.12,200.0,0.005402089,0.17445605
11610,511324,0.29,0.29,22.23,200.0,0.005398084,0.1744338
11620,511773,0.29,0.29,22.1,200.0,0.005394042999999999,0.17441135
11630,512211,0.25,0.25,22.01,200.0,0.005390101,0.17438945
11640,512661,0.24,0.24,22.32,200.0,0.005386050999999999,0.17436695
11650,513116,0.26,0.26,22.88,200.0,0.005381955999999999,0.1743442
11660,513598,0.27,0.27,22.83,200.0,0.005377618,0.1743201
11670,514072,0.26,0.26,22.86,200.0,0.005373352,0.17429640000000002
11680,514526,0.26,0.26,23.01,200.0,0.005369265999999999,0.1742737
11690,514967,0.24,0.24,22.61,200.0,0.005365297,0.17425165
11700,515418,0.22,0.22,22.61,200.0,0.005361237999999999,0.1742291
11710,515858,0.21,0.21,22.12,200.0,0.005357277999999999,0.1742071
11720,516308,0.2,0.2,22.12,200.0,0.005353228,0.1741846
11730,516731,0.19,0.19,21.84,200.0,0.005349420999999999,0.17416345
11740,517188,0.18,0.18,22.62,200.0,0.005345308,0.1741406
11750,517658,0.17,0.17,22.72,200.0,0.005341078,0.1741171
11760,518139,0.16,0.16,22.83,200.0,0.005336748999999999,0.17409305
11770,518579,0.18,0.18,22.28,200.0,0.005332788999999999,0.17407105
11780,518997,0.17,0.17,22.14,200.0,0.005329026999999999,0.17405015000000001
11790,519475,0.17,0.17,22.27,200.0,0.005324725,0.17402625
11800,519963,0.18,0.18,22.19,200.0,0.005320333,0.17400185
11810,520433,0.18,0.18,22.18,200.0,0.005316102999999999,0.17397835
11820,520898,0.21,0.21,22.28,200.0,0.005311918,0.1739551
11830,521385,0.21,0.21,22.34,200.0,0.0053075349999999995,0.17393075
11840,521832,0.18,0.18,22.39,200.0,0.005303512,0.17390840000000002
11850,522286,0.17,0.17,22.42,200.0,0.0052994259999999994,0.1738857
11860,522737,0.18,0.18,21.99,200.0,0.005295367,0.17386315
11870,523178,0.16,0.16,21.69,200.0,0.005291397999999999,0.1738411
11880,523557,0.16,0.16,21.7,200.0,0.005287986999999999,0.17382215
11890,523980,0.19,0.19,22.03,200.0,0.005284179999999999,0.173801
11900,524439,0.19,0.19,22.36,200.0,0.005280048999999999,0.17377805000000002
11910,524888,0.18,0.18,22.59,200.0,0.0052760079999999996,0.1737556
11920,525352,0.15,0.15,22.59,200.0,0.005271831999999999,0.1737324
11930,525823,0.18,0.18,22.26,200.0,0.005267592999999999,0.17370885
11940,526247,0.18,0.18,22.38,200.0,0.005263777,0.17368765
11950,526706,0.21,0.21,22.55,200.0,0.005259646,0.1736647
11960,527201,0.21,0.21,22.56,200.0,0.005255190999999999,0.17363995
11970,527685,0.21,0.21,22.15,200.0,0.005250835,0.17361575
11980,528157,0.22,0.22,21.64,200.0,0.005246587,0.17359215
11990,528622,0.2,0.2,21.69,200.0,0.005242401999999999,0.1735689
12000,529092,0.2,0.2,21.85,200.0,0.005238171999999999,0.17354540000000002
12010,529527,0.23,0.23,22.21,200.0,0.005234257,0.17352365
12020,529962,0.24,0.24,22.22,200.0,0.005230341999999999,0.1735019
12030,530431,0.21,0.21,22.4,200.0,0.005226120999999999,0.17347845
12040,530867,0.2,0.2,22.4,200.0,0.005222197,0.17345665
12050,531343,0.21,0.21,22.58,200.0,0.005217912999999999,0.17343285
12060,531780,0.2,0.2,22.54,200.0,0.005213979999999999,0.173411
12070,532234,0.2,0.2,22.78,200.0,0.005209894,0.1733883
12080,532702,0.22,0.22,22.65,200.0,0.005205682,0.1733649
12090,533134,0.22,0.21,22.66,200.0,0.005201794,0.1733433
12100,533600,0.21,0.2,22.66,200.0,0.0051976,0.17332
12110,534041,0.18,0.17,22.78,200.0,0.005193631,0.17329795
12120,534453,0.17,0.16,22.78,200.0,0.005189923,0.17327735
12130,534939,0.2,0.19,22.7,200.0,0.005185548999999999,0.17325305
12140,535375,0.23,0.22,22.01,200.0,0.005181625,0.17323125
12150,535846,0.19,0.18,22.33,200.0,0.005177385999999999,0.1732077
12160,536282,0.21,0.2,22.16,200.0,0.005173461999999999,0.1731859
12170,536762,0.2,0.19,22.16,200.0,0.005169142,0.1731619
12180,537217,0.17,0.16,22.0,200.0,0.005165047,0.17313915000000002
12190,537690,0.16,0.16,22.24,200.0,0.005160789999999999,0.1731155
12200,538132,0.16,0.16,22.24,200.0,0.005156811999999999,0.1730934
12210,538581,0.15,0.15,22.24,200.0,0.005152771,0.17307095
12220,539025,0.15,0.15,22.24,200.0,0.0051487749999999995,0.17304875
12230,539429,0.13,0.13,21.87,200.0,0.005145138999999999,0.17302855
12240,539917,0.15,0.15,22.07,200.0,0.005140747,0.17300415
12250,540399,0.16,0.16,22.29,200.0,0.005136409,0.17298005
12260,540876,0.16,0.16,22.51,200.0,0.005132115999999999,0.1729562
12270,541335,0.18,0.18,22.11,200.0,0.005127985,0.17293325
12280,541835,0.18,0.18,22.06,200.0,0.005123485,0.17290825
12290,542310,0.19,0.19,21.59,200.0,0.00511921,0.1728845
12300,542751,0.19,0.19,21.59,200.0,0.0051152409999999995,0.17286245
12310,543197,0.2,0.2,21.57,200.0,0.0051112269999999994,0.17284015
12320,543637,0.23,0.23,21.45,200.0,0.0051072669999999995,0.17281815
12330,544095,0.22,0.22,21.7,200.0,0.005103145,0.17279525
12340,544505,0.18,0.18,21.89,200.0,0.005099454999999999,0.17277475
12350,544977,0.15,0.15,21.89,200.0,0.005095206999999999,0.17275115
12360,545435,0.12,0.12,21.89,200.0,0.0050910849999999995,0.17272825
12370,545888,0.11,0.11,21.68,200.0,0.005087008,0.17270560000000001
12380,546352,0.13,0.13,21.65,200.0,0.005082832,0.1726824
12390,546808,0.1,0.1,21.65,200.0,0.005078728,0.1726596
12400,547290,0.13,0.13,21.65,200.0,0.005074389999999999,0.1726355
12410,547757,0.13,0.13,21.79,200.0,0.0050701869999999994,0.17261215
12420,548205,0.13,0.13,20.97,200.0,0.005066154999999999,0.17258975
12430,548682,0.12,0.12,20.97,200.0,0.0050618619999999994,0.1725659
12440,549153,0.12,0.12,21.01,200.0,0.005057623,0.17254235
12450,549600,0.13,0.13,20.96,200.0,0.0050536,0.17252
12460,550034,0.13,0.13,20.96,200.0,0.0050496939999999995,0.1724983
12470,550445,0.12,0.12,20.96,200.0,0.005045995,0.17247775
12480,550931,0.09,0.09,20.96,200.0,0.0050416210000000005,0.17245345
12490,551372,0.11,0.11,20.78,200.0,0.005037652,0.1724314
12500,551813,0.09,0.09,20.76,200.0,0.005033683,0.17240935000000002
12510,552223,0.11,0.11,20.91,200.0,0.005029992999999999,0.17238885
12520,552678,0.1,0.1,20.8,200.0,0.005025898,0.1723661
12530,553119,0.13,0.13,20.57,200.0,0.005021929,0.17234405
12540,553603,0.13,0.13,20.44,200.0,0.005017573,0.17231985
12550,554072,0.13,0.13,20.6,200.0,0.0050133519999999996,0.17229640000000002
12560,554570,0.15,0.15,20.59,200.0,0.0050088699999999995,0.1722715
12570,555068,0.18,0.18,20.36,200.0,0.005004387999999999,0.1722466
12580,555525,0.2,0.2,20.42,200.0,0.005000274999999999,0.17222375
12590,555968,0.19,0.19,20.48,200.0,0.004996288,0.1722016
12600,556399,0.2,0.2,20.78,200.0,0.004992409,0.17218005
12610,556845,0.17,0.17,20.78,200.0,0.004988395,0.17215775
12620,557305,0.15,0.15,20.78,200.0,0.004984254999999999,0.17213475
12630,557762,0.13,0.13,20.7,200.0,0.004980142,0.1721119
12640,558168,0.14,0.14,21.16,200.0,0.004976487999999999,0.1720916
12650,558605,0.14,0.14,21.03,200.0,0.004972554999999999,0.17206975
12660,559050,0.15,0.15,20.58,200.0,0.0049685499999999995,0.1720475
12670,559513,0.13,0.13,20.78,200.0,0.004964382999999999,0.17202435
12680,559975,0.13,0.13,20.69,200.0,0.0049602249999999995,0.17200125
12690,560423,0.13,0.13,20.78,200.0,0.004956192999999999,0.17197885000000002
12700,560879,0.16,0.16,20.87,200.0,0.004952089,0.17195605
12710,561356,0.17,0.17,21.06,200.0,0.004947796,0.1719322
12720,561809,0.2,0.2,21.57,200.0,0.004943718999999999,0.17190955
12730,562264,0.2,0.2,21.86,200.0,0.004939624,0.1718868
12740,562707,0.19,0.19,21.81,200.0,0.004935637,0.17186465
12750,563123,0.19,0.19,21.95,200.0,0.004931892999999999,0.17184385
12760,563571,0.17,0.17,22.03,200.0,0.0049278609999999995,0.17182145
12770,563995,0.16,0.16,22.03,200.0,0.004924044999999999,0.17180025
12780,564480,0.17,0.17,21.63,200.0,0.00491968,0.171776
12790,564940,0.19,0.19,21.48,200.0,0.0049155399999999995,0.171753
12800,565382,0.15,0.15,21.94,200.0,0.0049115619999999995,0.1717309
12810,565869,0.15,0.15,22.13,200.0,0.004907179,0.17170655
12820,566333,0.16,0.16,21.75,200.0,0.0049030029999999995,0.17168335
12830,566783,0.16,0.16,21.84,200.0,0.004898952999999999,0.17166085
12840,567247,0.18,0.18,21.89,200.0,0.004894777,0.17163765
12850,567675,0.18,0.18,21.92,200.0,0.004890924999999999,0.17161625
12860,568104,0.2,0.2,21.7,200.0,0.004887063999999999,0.1715948
12870,568528,0.21,0.21,21.76,200.0,0.004883247999999999,0.1715736
12880,568996,0.2,0.2,21.39,200.0,0.004879036,0.1715502
12890,569467,0.21,0.21,21.25,200.0,0.004874797,0.17152665
12900,569909,0.23,0.23,21.41,200.0,0.004870818999999999,0.17150455
12910,570377,0.25,0.25,21.31,200.0,0.004866606999999999,0.17148115
12920,570837,0.22,0.22,21.35,200.0,0.004862467,0.17145815
12930,571293,0.21,0.21,21.35,200.0,0.004858362999999999,0.17143535
12940,571701,0.2,0.2,21.3,200.0,0.0048546909999999995,0.17141495
12950,572151,0.2,0.2,21.49,200.0,0.004850641,0.17139245
12960,572580,0.18,0.18,21.43,200.0,0.00484678,0.171371
12970,573007,0.18,0.18,21.46,200.0,0.004842936999999999,0.17134965
12980,573456,0.18,0.18,21.3,200.0,0.004838896,0.1713272
12990,573919,0.17,0.17,21.15,200.0,0.004834729,0.17130405
13000,574404,0.19,0.19,20.62,200.0,0.004830363999999999,0.1712798
13010,574827,0.16,0.16,20.62,200.0,0.0048265569999999995,0.17125865
13020,575301,0.16,0.16,20.74,200.0,0.004822291,0.17123495
13030,575743,0.17,0.17,20.51,200.0,0.004818312999999999,0.17121285
13040,576228,0.17,0.17,20.44,200.0,0.004813948,0.1711886
13050,576640,0.17,0.17,20.63,200.0,0.0048102399999999995,0.171168
13060,577100,0.17,0.17,20.62,200.0,0.0048061,0.171145
13070,577566,0.18,0.18,21.16,200.0,0.004801905999999999,0.1711217
13080,578024,0.16,0.16,21.16,200.0,0.004797783999999999,0.1710988
13090,578492,0.18,0.18,21.14,200.0,0.004793571999999999,0.1710754
13100,578898,0.15,0.15,20.82,200.0,0.004789918,0.17105510000000002
13110,579355,0.17,0.17,20.88,200.0,0.004785805,0.17103225
13120,579819,0.17,0.17,21.16,200.0,0.004781629,0.17100905
13130,580265,0.16,0.16,21.16,200.0,0.004777614999999999,0.17098675
13140,580738,0.18,0.18,20.86,200.0,0.004773358,0.1709631
13150,581174,0.19,0.19,21.27,200.0,0.0047694339999999995,0.17094130000000002
13160,581660,0.19,0.19,21.35,200.0,0.00476506,0.170917
13170,582115,0.2,0.2,21.03,200.0,0.004760964999999999,0.17089425
13180,582606,0.24,0.24,20.58,200.0,0.004756546,0.1708697
13190,583051,0.21,0.21,20.19,200.0,0.004752541,0.17084745
13200,583526,0.2,0.2,19.96,200.0,0.004748266,0.1708237
13210,583942,0.18,0.18,19.96,200.0,0.004744522,0.1708029
13220,584358,0.19,0.19,20.46,200.0,0.004740777999999999,0.1707821
13230,584848,0.2,0.2,20.37,200.0,0.0047363679999999995,0.1707576
13240,585286,0.18,0.18,20.11,200.0,0.004732426,0.1707357
13250,585735,0.18,0.18,20.04,200.0,0.004728385,0.17071325
13260,586153,0.18,0.18,20.02,200.0,0.004724622999999999,0.17069235
13270,586618,0.16,0.16,20.31,200.0,0.0047204379999999995,0.17066910000000002
13280,587108,0.16,0.16,19.72,200.0,0.004716028,0.1706446
13290,587598,0.15,0.15,19.77,200.0,0.004711618,0.1706201
13300,588074,0.16,0.16,19.43,200.0,0.004707334,0.1705963
13310,588556,0.18,0.18,19.16,200.0,0.004702996,0.1705722
13320,589007,0.2,0.2,19.66,200.0,0.004698937,0.17054965
13330,589473,0.2,0.2,19.91,200.0,0.0046947429999999995,0.17052635
13340,589935,0.2,0.2,20.17,200.0,0.004690585,0.17050325
13350,590381,0.19,0.19,19.74,200.0,0.004686570999999999,0.17048095
13360,590851,0.2,0.2,19.78,200.0,0.004682341,0.17045745
13370,591314,0.24,0.24,19.28,200.0,0.004678173999999999,0.1704343
13380,591716,0.21,0.21,19.51,200.0,0.004674555999999999,0.17041420000000002
13390,592131,0.2,0.2,19.51,200.0,0.004670821,0.17039345
13400,592564,0.2,0.2,19.35,200.0,0.004666923999999999,0.17037180000000002
13410,593004,0.21,0.21,19.53,200.0,0.0046629639999999995,0.1703498
13420,593414,0.19,0.19,19.21,200.0,0.004659274,0.17032930000000002
13430,593879,0.18,0.18,19.21,200.0,0.004655088999999999,0.17030605
13440,594338,0.18,0.18,19.44,200.0,0.004650957999999999,0.1702831
13450,594817,0.17,0.17,19.44,200.0,0.004646646999999999,0.17025915
13460,595278,0.16,0.16,19.36,200.0,0.004642498,0.1702361
13470,595740,0.14,0.14,19.11,200.0,0.0046383399999999995,0.170213
13480,596172,0.14,0.14,19.25,200.0,0.004634451999999999,0.1701914
13490,596587,0.14,0.14,19.25,200.0,0.0046307169999999995,0.17017065
13500,597011,0.13,0.13,18.88,200.0,0.004626901,0.17014945
13510,597427,0.11,0.11,18.97,200.0,0.004623156999999999,0.17012865
13520,597853,0.1,0.1,19.3,200.0,0.004619323,0.17010735
13530,598335,0.16,0.16,19.71,200.0,0.004614985,0.17008325000000002
13540,598766,0.15,0.15,19.76,200.0,0.004611105999999999,0.1700617
13550,599233,0.16,0.16,19.6,200.0,0.004606903,0.17003835
13560,599687,0.18,0.18,19.56,200.0,0.0046028169999999995,0.17001565000000002
13570,600110,0.18,0.18,19.4,200.0,0.004599009999999999,0.1699945
13580,600590,0.19,0.19,19.41,200.0,0.00459469,0.1699705
13590,601072,0.2,0.2,19.33,200.0,0.004590351999999999,0.1699464
13600,601478,0.2,0.2,19.71,200.0,0.004586698,0.1699261
13610,601890,0.2,0.2,19.74,200.0,0.0045829899999999995,0.1699055
13620,602364,0.19,0.19,19.74,200.0,0.004578723999999999,0.1698818
13630,602761,0.16,0.16,20.06,200.0,0.0045751509999999995,0.16986195
13640,603239,0.15,0.15,20.06,200.0,0.004570849,0.16983805000000002
13650,603670,0.15,0.15,20.23,200.0,0.004566969999999999,0.1698165
13660,604124,0.15,0.15,20.33,200.0,0.004562884,0.1697938
13670,604551,0.15,0.15,20.05,200.0,0.004559041,0.16977245
13680,605018,0.17,0.17,20.28,200.0,0.004554838,0.1697491
13690,605464,0.17,0.17,20.2,200.0,0.004550823999999999,0.1697268
13700,605910,0.2,0.2,20.42,200.0,0.00454681,0.1697045
13710,606350,0.2,0.2,20.34,200.0,0.00454285,0.1696825
13720,606837,0.22,0.22,20.85,200.0,0.004538467,0.16965815
13730,607297,0.21,0.21,20.67,200.0,0.0045343269999999995,0.16963515
13740,607746,0.23,0.23,20.59,200.0,0.004530286,0.1696127
13750,608229,0.23,0.23,20.78,200.0,0.004525939,0.16958855
13760,608691,0.22,0.22,20.99,200.0,0.004521781,0.16956545
13770,609178,0.19,0.19,20.99,200.0,0.004517398,0.1695411
13780,609618,0.18,0.18,20.85,200.0,0.004513438,0.1695191
13790,610077,0.21,0.21,21.11,200.0,0.004509307,0.16949615
13800,610489,0.2,0.2,21.09,200.0,0.004505599,0.16947555
13810,610968,0.22,0.22,21.24,200.0,0.004501288,0.1694516
13820,611424,0.22,0.22,21.0,200.0,0.0044971839999999996,0.1694288
13830,611889,0.21,0.21,20.98,200.0,0.004492998999999999,0.16940555
13840,612363,0.2,0.2,20.99,200.0,0.004488733,0.16938185
13850,612837,0.2,0.2,20.81,200.0,0.004484467,0.16935815
13860,613308,0.19,0.19,20.86,200.0,0.004480228,0.1693346
13870,613756,0.21,0.21,20.75,200.0,0.004476196,0.1693122
13880,614205,0.18,0.18,20.75,200.0,0.004472154999999999,0.16928975
13890,614701,0.14,0.14,20.75,200.0,0.004467690999999999,0.16926495
13900,615156,0.12,0.12,20.7,200.0,0.004463595999999999,0.1692422
13910,615647,0.1,0.1,20.65,200.0,0.004459176999999999,0.16921765
13920,616117,0.11,0.11,20.47,200.0,0.004454946999999999,0.16919415
13930,616536,0.11,0.11,20.18,200.0,0.004451175999999999,0.1691732
13940,617005,0.1,0.1,20.18,200.0,0.004446954999999999,0.16914975
13950,617461,0.09,0.09,20.18,200.0,0.004442850999999999,0.16912695
13960,617912,0.09,0.09,20.09,200.0,0.0044387919999999996,0.1691044
13970,618359,0.09,0.09,19.93,200.0,0.004434769,0.16908205
13980,618803,0.11,0.11,19.48,200.0,0.004430773,0.16905985
13990,619267,0.11,0.11,19.48,200.0,0.004426596999999999,0.16903665
14000,619700,0.12,0.12,19.9,200.0,0.004422699999999999,0.169015
14010,620174,0.14,0.14,20.12,200.0,0.004418434,0.1689913
14020,620642,0.12,0.12,20.16,200.0,0.004414221999999999,0.1689679
14030,621108,0.13,0.13,20.57,200.0,0.004410028,0.1689446
14040,621493,0.17,0.17,20.44,200.0,0.004406563,0.16892535
14050,621966,0.17,0.17,20.44,200.0,0.004402305999999999,0.1689017
14060,622414,0.17,0.17,20.46,200.0,0.004398274,0.1688793
14070,622846,0.15,0.15,20.46,200.0,0.004394385999999999,0.1688577
14080,623331,0.17,0.17,20.27,200.0,0.004390021,0.16883345
14090,623782,0.18,0.18,20.27,200.0,0.004385962,0.1688109
14100,624260,0.18,0.18,20.2,200.0,0.004381659999999999,0.168787
14110,624703,0.16,0.16,20.27,200.0,0.0043776729999999995,0.16876485
14120,625166,0.2,0.2,20.05,200.0,0.004373505999999999,0.1687417
14130,625620,0.21,0.21,19.7,200.0,0.00436942,0.168719
14140,626075,0.17,0.17,19.7,200.0,0.004365324999999999,0.16869625
14150,626542,0.19,0.19,19.54,200.0,0.004361121999999999,0.16867290000000001
14160,627018,0.19,0.19,19.71,200.0,0.004356838,0.1686491
14170,627494,0.19,0.19,19.71,200.0,0.004352554,0.1686253
14180,627977,0.17,0.17,20.31,200.0,0.004348207,0.16860115
14190,628447,0.16,0.16,20.31,200.0,0.004343977,0.16857765
14200,628899,0.15,0.15,19.92,200.0,0.0043399089999999994,0.16855504999999998
14210,629381,0.17,0.17,20.33,200.0,0.004335571,0.16853095
14220,629849,0.14,0.14,20.21,200.0,0.004331359,0.16850755
14230,630294,0.11,0.11,20.21,200.0,0.004327353999999999,0.1684853
14240,630753,0.11,0.11,20.21,200.0,0.004323222999999999,0.16846234999999998
14250,631192,0.13,0.13,20.47,200.0,0.004319272,0.1684404
14260,631637,0.13,0.13,20.24,200.0,0.004315266999999999,0.16841815
14270,632099,0.19,0.19,19.97,200.0,0.004311109,0.16839505
14280,632563,0.2,0.2,19.89,200.0,0.004306933,0.16837185
14290,633031,0.21,0.21,19.86,200.0,0.004302721,0.16834844999999998
14300,633473,0.22,0.22,19.75,200.0,0.004298743,0.16832635
14310,633948,0.19,0.19,19.75,200.0,0.004294468,0.1683026
14320,634359,0.19,0.19,19.61,200.0,0.004290769,0.16828205000000002
14330,634815,0.21,0.21,19.44,200.0,0.004286664999999999,0.16825925
14340,635283,0.25,0.25,19.0,200.0,0.0042824529999999994,0.16823585
14350,635731,0.23,0.23,18.71,200.0,0.004278420999999999,0.16821345
14360,636203,0.25,0.25,18.33,200.0,0.004274173,0.16818985
14370,636695,0.21,0.21,18.37,200.0,0.004269744999999999,0.16816525
14380,637155,0.21,0.21,18.11,200.0,0.004265605,0.16814225
14390,637590,0.2,0.2,18.11,200.0,0.004261689999999999,0.1681205
14400,638022,0.2,0.2,18.03,200.0,0.004257802,0.1680989
14410,638481,0.22,0.22,18.75,200.0,0.004253671,0.16807595
14420,638963,0.23,0.23,19.05,200.0,0.004249333,0.16805185
14430,639411,0.23,0.23,19.4,200.0,0.004245301,0.16802945
14440,639876,0.19,0.19,19.4,200.0,0.004241116,0.1680062
14450,640331,0.18,0.18,19.42,200.0,0.004237021,0.16798345
14460,640811,0.17,0.17,19.28,200.0,0.004232700999999999,0.16795945
14470,641277,0.17,0.17,19.21,200.0,0.004228506999999999,0.16793615
14480,641719,0.17,0.17,19.74,200.0,0.0042245289999999994,0.16791404999999998
14490,642187,0.2,0.2,19.98,200.0,0.004220317,0.16789065
14500,642611,0.2,0.2,19.62,200.0,0.004216500999999999,0.16786945
14510,642995,0.2,0.2,19.48,200.0,0.0042130449999999995,0.16785025
14520,643454,0.19,0.19,19.48,200.0,0.004208913999999999,0.1678273
14530,643897,0.2,0.2,19.69,200.0,0.004204926999999999,0.16780515000000001
14540,644372,0.21,0.21,20.13,200.0,0.004200652,0.1677814
14550,644830,0.22,0.22,20.46,200.0,0.0041965299999999995,0.1677585
14560,645282,0.2,0.2,20.46,200.0,0.004192461999999999,0.1677359
14570,645732,0.2,0.2,20.72,200.0,0.004188412,0.1677134
14580,646226,0.18,0.18,20.64,200.0,0.004183966,0.1676887
14590,646668,0.17,0.17,20.64,200.0,0.004179987999999999,0.1676666
14600,647124,0.16,0.16,20.52,200.0,0.0041758839999999995,0.1676438
14610,647544,0.14,0.14,20.52,200.0,0.004172103999999999,0.16762280000000002
14620,647979,0.12,0.12,20.52,200.0,0.004168189,0.16760105
14630,648457,0.1,0.1,20.54,200.0,0.004163887,0.16757715
14640,648882,0.09,0.09,20.54,200.0,0.004160062,0.1675559
14650,649330,0.09,0.09,20.6,200.0,0.00415603,0.1675335
14660,649794,0.1,0.1,20.58,200.0,0.004151854,0.1675103
14670,650227,0.08,0.08,20.58,200.0,0.004147957,0.16748865000000002
14680,650725,0.08,0.08,20.91,200.0,0.004143475,0.16746375
14690,651175,0.07,0.07,20.87,200.0,0.004139425,0.16744124999999999
14700,651637,0.08,0.08,20.97,200.0,0.004135266999999999,0.16741815
14710,652091,0.09,0.09,20.98,200.0,0.004131180999999999,0.16739545
14720,652551,0.1,0.1,21.21,200.0,0.004127041,0.16737245
14730,652997,0.09,0.09,21.21,200.0,0.004123026999999999,0.16735015
14740,653459,0.1,0.1,20.98,200.0,0.004118869,0.16732705
14750,653900,0.09,0.09,20.92,200.0,0.0041148999999999995,0.16730499999999998
14760,654351,0.1,0.1,21.02,200.0,0.004110841,0.16728245
14770,654809,0.12,0.12,21.16,200.0,0.004106719,0.16725955
14780,655269,0.12,0.12,21.33,200.0,0.004102578999999999,0.16723654999999998
14790,655735,0.15,0.15,21.41,200.0,0.0040983849999999995,0.16721325
14800,656193,0.13,0.13,21.41,200.0,0.004094262999999999,0.16719035
14810,656643,0.13,0.13,21.71,200.0,0.004090213,0.16716785
14820,657118,0.14,0.14,21.44,200.0,0.004085938,0.16714410000000002
14830,657586,0.15,0.15,21.59,200.0,0.004081725999999999,0.1671207
14840,658055,0.21,0.21,20.2,200.0,0.004077505,0.16709725
14850,658506,0.21,0.21,20.2,200.0,0.004073445999999999,0.1670747
14860,658955,0.21,0.21,20.22,200.0,0.004069405,0.16705225
14870,659379,0.19,0.19,20.22,200.0,0.004065588999999999,0.16703105000000001
14880,659817,0.21,0.21,20.13,200.0,0.004061647,0.16700915
14890,660235,0.18,0.18,20.19,200.0,0.004057885,0.16698825
14900,660697,0.21,0.21,20.25,200.0,0.004053727,0.16696515
14910,661137,0.21,0.21,20.38,200.0,0.004049767,0.16694314999999998
14920,661585,0.23,0.23,20.7,200.0,0.004045735,0.16692075
14930,662035,0.24,0.24,20.68,200.0,0.004041684999999999,0.16689825
14940,662471,0.18,0.18,20.44,200.0,0.004037760999999999,0.16687645
14950,662878,0.2,0.2,20.68,200.0,0.004034098,0.1668561
14960,663348,0.19,0.19,20.84,200.0,0.004029867999999999,0.1668326
14970,663798,0.2,0.2,20.88,200.0,0.004025818,0.16681010000000002
14980,664265,0.17,0.17,20.88,200.0,0.004021614999999999,0.16678674999999998
14990,664733,0.18,0.18,21.03,200.0,0.004017402999999999,0.16676335
15000,665164,0.16,0.16,21.06,200.0,0.004013524,0.1667418
15010,665623,0.18,0.18,21.12,200.0,0.004009393,0.16671885
15020,666047,0.18,0.18,21.46,200.0,0.004005577,0.16669765
15030,666517,0.17,0.17,21.51,200.0,0.004001346999999999,0.16667415
15040,666981,0.19,0.19,21.14,200.0,0.003997170999999999,0.16665095
15050,667426,0.18,0.18,21.07,200.0,0.003993166,0.16662870000000002
15060,667913,0.18,0.18,20.92,200.0,0.003988783,0.16660435
15070,668370,0.19,0.19,20.91,200.0,0.003984669999999999,0.1665815
15080,668824,0.2,0.2,20.52,200.0,0.003980584,0.1665588
15090,669314,0.19,0.19,20.41,200.0,0.003976174,0.1665343
15100,669735,0.2,0.2,20.23,200.0,0.003972385,0.16651325
15110,670212,0.2,0.2,20.17,200.0,0.0039680919999999995,0.1664894
15120,670635,0.19,0.19,20.03,200.0,0.003964285,0.16646824999999998
15130,671119,0.18,0.18,20.03,200.0,0.003959928999999999,0.16644405
15140,671569,0.19,0.19,19.84,200.0,0.003955879,0.16642155
15150,672016,0.18,0.18,19.87,200.0,0.003951856,0.1663992
15160,672456,0.2,0.2,20.39,200.0,0.003947895999999999,0.1663772
15170,672924,0.2,0.2,20.23,200.0,0.003943683999999999,0.1663538
15180,673369,0.22,0.22,20.0,200.0,0.003939679,0.16633155
15190,673806,0.22,0.22,19.98,200.0,0.0039357459999999995,0.1663097
15200,674262,0.21,0.21,19.56,200.0,0.003931641999999999,0.16628690000000002
15210,674712,0.19,0.19,19.23,200.0,0.003927592,0.1662644
15220,675167,0.17,0.17,19.42,200.0,0.003923497,0.16624165000000002
15230,675612,0.17,0.17,19.42,200.0,0.003919491999999999,0.16621940000000002
15240,676074,0.13,0.13,19.42,200.0,0.003915334,0.16619630000000002
15250,676532,0.13,0.13,19.51,200.0,0.003911211999999999,0.1661734
15260,676992,0.14,0.14,18.92,200.0,0.003907071999999999,0.1661504
15270,677471,0.13,0.13,19.19,200.0,0.0039027609999999994,0.16612644999999998
15280,677951,0.12,0.12,19.26,200.0,0.003898441,0.16610245
15290,678442,0.14,0.14,18.85,200.0,0.0038940219999999996,0.1660779
15300,678914,0.14,0.14,19.06,200.0,0.0038897739999999995,0.1660543
15310,679376,0.15,0.15,18.73,200.0,0.0038856159999999997,0.1660312
15320,679811,0.14,0.14,18.73,200.0,0.0038817009999999987,0.16600945
15330,680246,0.16,0.16,18.92,200.0,0.0038777859999999994,0.16598770000000002
15340,680701,0.19,0.19,18.63,200.0,0.0038736909999999994,0.16596495
15350,681147,0.21,0.21,18.63,200.0,0.003869677,0.16594265
15360,681610,0.17,0.17,18.63,200.0,0.003865509999999999,0.1659195
15370,682058,0.18,0.18,18.7,200.0,0.003861477999999999,0.1658971
15380,682483,0.18,0.18,18.73,200.0,0.003857653,0.16587585
15390,682926,0.17,0.17,18.83,200.0,0.0038536659999999995,0.1658537
15400,683381,0.16,0.16,18.83,200.0,0.0038495709999999995,0.16583095
15410,683851,0.16,0.16,18.75,200.0,0.0038453409999999995,0.16580745
15420,684317,0.19,0.19,19.28,200.0,0.0038411469999999996,0.16578415000000002
15430,684798,0.19,0.19,19.26,200.0,0.0038368179999999997,0.1657601
15440,685258,0.17,0.17,19.34,200.0,0.003832677999999999,0.1657371
15450,685738,0.16,0.16,19.75,200.0,0.0038283579999999996,0.1657131
15460,686172,0.18,0.18,20.14,200.0,0.003824451999999999,0.1656914
15470,686616,0.19,0.19,19.75,200.0,0.003820456,0.16566920000000002
15480,687049,0.18,0.18,19.82,200.0,0.003816558999999999,0.16564755
15490,687522,0.19,0.19,19.71,200.0,0.003812302,0.1656239
15500,687952,0.19,0.19,19.71,200.0,0.0038084319999999996,0.16560239999999998
15510,688421,0.17,0.17,19.71,200.0,0.003804211,0.16557895
15520,688902,0.15,0.15,19.89,200.0,0.0037998819999999992,0.1655549
15530,689349,0.16,0.16,19.57,200.0,0.0037958589999999995,0.16553255
15540,689794,0.15,0.15,19.57,200.0,0.003791853999999999,0.1655103
15550,690246,0.15,0.15,19.67,200.0,0.0037877859999999996,0.16548770000000002
15560,690708,0.13,0.13,19.67,200.0,0.003783628,0.16546460000000002
15570,691175,0.1,0.1,19.67,200.0,0.0037794249999999995,0.16544124999999998
15580,691611,0.1,0.1,19.59,200.0,0.0037755009999999997,0.16541945
15590,692064,0.07,0.07,19.59,200.0,0.003771424,0.1653968
15600,692512,0.09,0.09,19.29,200.0,0.0037673919999999996,0.1653744
15610,693012,0.11,0.11,19.75,200.0,0.0037628919999999995,0.1653494
15620,693457,0.1,0.1,19.75,200.0,0.003758887,0.16532715
15630,693927,0.07,0.07,19.75,200.0,0.003754657,0.16530365
15640,694375,0.08,0.08,19.92,200.0,0.0037506249999999996,0.16528125
15650,694840,0.06,0.06,19.92,200.0,0.0037464399999999993,0.16525800000000002
15660,695270,0.06,0.06,19.92,200.0,0.003742569999999999,0.1652365
15670,695736,0.08,0.08,20.4,200.0,0.003738375999999999,0.1652132
15680,696172,0.08,0.08,20.12,200.0,0.003734451999999999,0.1651914
15690,696663,0.09,0.09,19.97,200.0,0.003730032999999999,0.16516685
15700,697061,0.09,0.09,20.37,200.0,0.0037264509999999987,0.16514695000000001
15710,697507,0.09,0.09,20.24,200.0,0.0037224369999999994,0.16512464999999998
15720,697977,0.1,0.1,20.12,200.0,0.0037182069999999994,0.16510115
15730,698436,0.12,0.12,19.99,200.0,0.003714076,0.1650782
15740,698890,0.14,0.14,20.24,200.0,0.003709989999999999,0.1650555
15750,699329,0.17,0.17,20.2,200.0,0.0037060389999999995,0.16503355
15760,699814,0.18,0.18,19.98,200.0,0.0037016739999999994,0.1650093
15770,700267,0.19,0.19,20.36,200.0,0.0036975969999999995,0.16498665
15780,700704,0.18,0.18,20.36,200.0,0.0036936639999999993,0.1649648
15790,701170,0.17,0.17,20.36,200.0,0.0036894700000000002,0.16494150000000002
15800,701620,0.19,0.19,20.88,200.0,0.003685419999999999,0.16491899999999998
15810,702113,0.18,0.18,20.96,200.0,0.0036809829999999997,0.16489435
15820,702569,0.2,0.2,20.75,200.0,0.0036768789999999992,0.16487155
15830,702981,0.19,0.19,20.84,200.0,0.0036731709999999994,0.16485095
15840,703403,0.17,0.17,20.57,200.0,0.003669372999999999,0.16482985
15850,703874,0.14,0.14,20.57,200.0,0.0036651339999999996,0.16480630000000002
15860,704342,0.16,0.16,20.49,200.0,0.0036609219999999996,0.1647829
15870,704821,0.14,0.14,20.21,200.0,0.003656610999999999,0.16475895000000002
15880,705241,0.16,0.16,20.63,200.0,0.0036528309999999996,0.16473795
15890,705736,0.18,0.18,20.88,200.0,0.003648375999999999,0.1647132
15900,706142,0.14,0.14,20.88,200.0,0.0036447219999999987,0.1646929
15910,706595,0.15,0.15,20.44,200.0,0.0036406449999999996,0.16467025000000002
15920,707051,0.15,0.15,20.68,200.0,0.003636540999999999,0.16464745
15930,707517,0.17,0.17,20.34,200.0,0.003632347,0.16462415
15940,707975,0.19,0.19,20.33,200.0,0.0036282249999999997,0.16460125
15950,708469,0.21,0.21,20.12,200.0,0.0036237789999999997,0.16457655
15960,708965,0.19,0.19,19.9,200.0,0.0036193149999999997,0.16455175
15970,709407,0.19,0.19,19.91,200.0,0.0036153369999999997,0.16452965
15980,709869,0.2,0.2,20.3,200.0,0.003611179,0.16450655
15990,710319,0.18,0.18,20.3,200.0,0.003607128999999999,0.16448405
16000,710787,0.18,0.18,20.3,200.0,0.0036029169999999998,0.16446064999999999
16010,711279,0.16,0.16,20.3,200.0,0.003598489,0.16443605
16020,711729,0.13,0.13,20.3,200.0,0.0035944389999999996,0.16441355
16030,712176,0.1,0.1,20.3,200.0,0.003590415999999999,0.1643912
16040,712660,0.08,0.08,20.25,200.0,0.0035860599999999994,0.16436699999999999
16050,713105,0.09,0.09,20.36,200.0,0.003582055,0.16434474999999998
16060,713604,0.09,0.09,20.27,200.0,0.0035775639999999992,0.1643198
16070,714044,0.09,0.09,20.28,200.0,0.0035736039999999993,0.1642978
16080,714489,0.09,0.09,20.07,200.0,0.003569598999999999,0.16427555
16090,714971,0.13,0.13,19.59,200.0,0.0035652609999999993,0.16425145
16100,715452,0.15,0.15,19.29,200.0,0.0035609319999999993,0.1642274
16110,715925,0.16,0.16,19.04,200.0,0.0035566749999999987,0.16420374999999998
16120,716381,0.17,0.17,19.31,200.0,0.003552570999999999,0.16418095
16130,716845,0.17,0.17,19.31,200.0,0.003548395,0.16415775
16140,717320,0.18,0.18,19.01,200.0,0.0035441199999999996,0.164134
16150,717802,0.17,0.17,18.99,200.0,0.003539781999999999,0.1641099
16160,718283,0.17,0.17,18.9,200.0,0.003535452999999999,0.16408585
16170,718739,0.18,0.18,18.86,200.0,0.0035313489999999996,0.16406305
16180,719187,0.17,0.17,18.49,200.0,0.0035273169999999994,0.16404065
16190,719657,0.15,0.15,18.44,200.0,0.0035230869999999994,0.16401715
16200,720135,0.15,0.15,18.16,200.0,0.003518785,0.16399325
16210,720608,0.19,0.19,18.7,200.0,0.0035145279999999994,0.1639696
16220,721078,0.2,0.2,18.51,200.0,0.0035102979999999994,0.16394609999999998
16230,721515,0.22,0.22,18.47,200.0,0.003506364999999999,0.16392425
16240,721972,0.23,0.23,18.52,200.0,0.003502252,0.1639014
16250,722425,0.22,0.22,18.7,200.0,0.003498174999999999,0.16387875
16260,722925,0.23,0.23,19.06,200.0,0.003493674999999999,0.16385375
16270,723398,0.22,0.22,18.87,200.0,0.0034894179999999993,0.1638301
16280,723848,0.22,0.22,18.69,200.0,0.003485367999999999,0.1638076
16290,724264,0.21,0.21,18.28,200.0,0.003481623999999999,0.1637868
16300,724741,0.22,0.22,18.41,200.0,0.0034773309999999993,0.16376295
16310,725209,0.2,0.2,18.55,200.0,0.0034731189999999993,0.16373955
16320,725698,0.2,0.2,18.7,200.0,0.003468718,0.1637151
16330,726174,0.26,0.26,18.85,200.0,0.0034644339999999997,0.16369129999999998
16340,726638,0.24,0.24,19.09,200.0,0.003460257999999999,0.16366809999999998
16350,727079,0.25,0.25,19.02,200.0,0.0034562889999999995,0.16364605
16360,727560,0.23,0.23,19.02,200.0,0.0034519599999999996,0.163622
16370,727974,0.23,0.23,19.09,200.0,0.0034482339999999997,0.1636013
16380,728426,0.23,0.23,19.54,200.0,0.0034441659999999994,0.1635787
16390,728887,0.24,0.24,19.39,200.0,0.003440017,0.16355565
16400,729335,0.23,0.23,18.92,200.0,0.003435985,0.16353325
16410,729797,0.2,0.2,18.92,200.0,0.0034318269999999993,0.16351015
16420,730276,0.18,0.18,18.92,200.0,0.0034275159999999994,0.1634862
16430,730734,0.1,0.1,18.92,200.0,0.0034233939999999997,0.1634633
16440,731186,0.09,0.09,18.92,200.0,0.0034193259999999994,0.1634407
16450,731612,0.08,0.08,18.72,200.0,0.003415491999999999,0.1634194
16460,732072,0.11,0.11,18.62,200.0,0.0034113520000000003,0.1633964
16470,732512,0.12,0.12,18.88,200.0,0.0034073919999999987,0.1633744
16480,732916,0.1,0.1,18.88,200.0,0.003403755999999999,0.1633542
16490,733390,0.11,0.11,19.19,200.0,0.00339949,0.1633305
16500,733823,0.1,0.1,19.25,200.0,0.0033955929999999997,0.16330885
16510,734274,0.12,0.12,19.13,200.0,0.003391534,0.1632863
16520,734755,0.14,0.14,18.99,200.0,0.003387204999999999,0.16326225
16530,735229,0.17,0.17,18.87,200.0,0.003382938999999999,0.16323854999999998
16540,735697,0.19,0.19,18.65,200.0,0.003378726999999999,0.16321515
16550,736147,0.19,0.19,18.61,200.0,0.0033746769999999995,0.16319265
16560,736592,0.17,0.17,18.67,200.0,0.003370671999999999,0.1631704
16570,737048,0.16,0.16,18.82,200.0,0.0033665679999999995,0.1631476
16580,737500,0.17,0.17,18.93,200.0,0.003362499999999999,0.163125
16590,737918,0.17,0.17,19.24,200.0,0.003358738,0.1631041
16600,738357,0.17,0.17,19.22,200.0,0.003354786999999999,0.16308214999999998
16610,738809,0.17,0.17,19.48,200.0,0.0033507189999999994,0.16305955
16620,739275,0.17,0.17,19.55,200.0,0.0033465249999999995,0.16303625
16630,739713,0.17,0.17,19.69,200.0,0.0033425829999999997,0.16301435
16640,740179,0.16,0.16,19.75,200.0,0.003338388999999999,0.16299105
16650,740632,0.15,0.15,19.75,200.0,0.003334312,0.1629684
16660,741085,0.14,0.14,19.75,200.0,0.003330234999999999,0.16294575
16670,741491,0.15,0.15,20.0,200.0,0.0033265809999999995,0.16292545
16680,741944,0.14,0.14,20.0,200.0,0.0033225039999999987,0.1629028
16690,742402,0.14,0.14,19.86,200.0,0.003318381999999999,0.1628799
16700,742859,0.13,0.13,19.86,200.0,0.003314268999999999,0.16285705
16710,743310,0.12,0.12,20.01,200.0,0.003310209999999999,0.1628345
16720,743767,0.12,0.12,20.12,200.0,0.003306097,0.16281165
16730,744265,0.13,0.13,20.33,200.0,0.003301615,0.16278675
16740,744746,0.17,0.17,20.47,200.0,0.003297285999999999,0.16276269999999998
16750,745208,0.18,0.18,20.5,200.0,0.0032931279999999993,0.16273959999999998
16760,745669,0.22,0.22,20.7,200.0,0.003288978999999999,0.16271655
16770,746137,0.23,0.23,21.1,200.0,0.003284766999999999,0.16269315
16780,746585,0.26,0.26,21.55,200.0,0.003280734999999999,0.16267075
16790,747052,0.24,0.24,21.33,200.0,0.0032765319999999987,0.1626474
16800,747519,0.26,0.26,21.2,200.0,0.003272328999999999,0.16262405
16810,747991,0.26,0.26,21.24,200.0,0.003268081,0.16260045
16820,748450,0.25,0.25,21.26,200.0,0.00326395,0.16257749999999999
16830,748908,0.22,0.22,21.55,200.0,0.0032598279999999993,0.1625546
16840,749364,0.17,0.17,21.55,200.0,0.003255723999999999,0.1625318
16850,749798,0.18,0.18,21.85,200.0,0.003251818,0.1625101
16860,750225,0.14,0.14,21.85,200.0,0.0032479749999999993,0.16248875
16870,750718,0.12,0.12,21.77,200.0,0.003243538,0.1624641
16880,751144,0.09,0.09,21.77,200.0,0.0032397039999999995,0.1624428
16890,751600,0.09,0.09,21.79,200.0,0.003235599999999999,0.16242
16900,752052,0.07,0.07,21.79,200.0,0.0032315319999999988,0.1623974
16910,752516,0.07,0.07,21.72,200.0,0.003227356,0.1623742
16920,752989,0.08,0.08,22.31,200.0,0.0032230989999999992,0.16235054999999998
16930,753429,0.09,0.09,22.21,200.0,0.0032191389999999993,0.16232855
16940,753908,0.12,0.12,22.07,200.0,0.0032148279999999994,0.1623046
16950,754369,0.12,0.12,21.92,200.0,0.003210679,0.16228155
16960,754855,0.13,0.13,22.24,200.0,0.0032063049999999987,0.16225725
16970,755339,0.13,0.13,22.24,200.0,0.003201949,0.16223305
16980,755808,0.13,0.13,22.24,200.0,0.0031977279999999995,0.1622096
16990,756289,0.14,0.14,21.67,200.0,0.0031933989999999995,0.16218555
17000,756735,0.15,0.15,21.72,200.0,0.0031893849999999986,0.16216324999999998
17010,757179,0.16,0.16,21.81,200.0,0.0031853889999999994,0.16214105
17020,757642,0.16,0.16,21.94,200.0,0.003181221999999999,0.16211789999999998
17030,758128,0.15,0.15,21.74,200.0,0.0031768479999999995,0.1620936
17040,758611,0.13,0.13,21.49,200.0,0.0031725009999999994,0.16206945
17050,759067,0.13,0.13,21.57,200.0,0.003168396999999999,0.16204665
17060,759537,0.12,0.12,21.57,200.0,0.003164166999999999,0.16202315
17070,759966,0.12,0.12,21.49,200.0,0.003160305999999999,0.1620017
17080,760398,0.14,0.14,20.87,200.0,0.0031564179999999994,0.1619801
17090,760850,0.13,0.13,21.14,200.0,0.003152349999999999,0.1619575
17100,761332,0.13,0.13,21.51,200.0,0.0031480119999999995,0.1619334
17110,761783,0.11,0.11,21.51,200.0,0.0031439529999999997,0.16191085
17120,762256,0.12,0.12,21.8,200.0,0.003139695999999999,0.1618872
17130,762688,0.11,0.11,21.8,200.0,0.0031358079999999995,0.1618656
17140,763117,0.12,0.12,22.04,200.0,0.0031319469999999986,0.16184415
17150,763607,0.11,0.11,22.09,200.0,0.003127536999999999,0.16181964999999998
17160,764035,0.11,0.11,22.09,200.0,0.0031236849999999993,0.16179825
17170,764482,0.12,0.12,21.53,200.0,0.0031196619999999996,0.1617759
17180,764864,0.1,0.1,21.53,200.0,0.003116224,0.1617568
17190,765315,0.1,0.1,21.29,200.0,0.003112165,0.16173425
17200,765776,0.12,0.12,21.49,200.0,0.003108015999999999,0.1617112
17210,766251,0.13,0.13,21.73,200.0,0.0031037409999999993,0.16168745
17220,766718,0.12,0.12,21.77,200.0,0.003099537999999999,0.1616641
17230,767182,0.14,0.14,21.77,200.0,0.003095361999999999,0.1616409
17240,767661,0.14,0.14,21.85,200.0,0.003091050999999999,0.16161694999999998
17250,768071,0.16,0.16,22.0,200.0,0.0030873610000000003,0.16159645
17260,768536,0.17,0.17,21.84,200.0,0.003083175999999999,0.1615732
17270,769018,0.16,0.16,22.07,200.0,0.0030788379999999995,0.1615491
17280,769446,0.17,0.17,21.86,200.0,0.003074986,0.1615277
17290,769871,0.17,0.17,21.82,200.0,0.0030711609999999993,0.16150645
17300,770317,0.15,0.15,21.91,200.0,0.0030671469999999992,0.16148415
17310,770756,0.16,0.16,21.81,200.0,0.003063196,0.1614622
17320,771237,0.15,0.15,21.62,200.0,0.003058867,0.16143815
17330,771707,0.15,0.15,21.03,200.0,0.003054636999999999,0.16141465
17340,772195,0.14,0.14,21.35,200.0,0.003050245,0.16139025
17350,772659,0.13,0.13,21.24,200.0,0.0030460689999999993,0.16136705
17360,773118,0.13,0.13,21.03,200.0,0.0030419379999999992,0.1613441
17370,773575,0.13,0.13,21.01,200.0,0.003037824999999999,0.16132125
17380,773999,0.12,0.12,21.01,200.0,0.003034009,0.16130005
17390,774429,0.11,0.11,21.01,200.0,0.0030301389999999994,0.16127855
17400,774905,0.13,0.13,21.49,200.0,0.003025855,0.16125475
17410,775388,0.12,0.12,21.75,200.0,0.003021508,0.1612306
17420,775833,0.14,0.14,21.68,200.0,0.0030175029999999995,0.16120835
17430,776311,0.14,0.14,21.62,200.0,0.003013200999999999,0.16118445
17440,776764,0.15,0.15,21.78,200.0,0.0030091239999999993,0.1611618
17450,777245,0.15,0.15,21.57,200.0,0.0030047949999999993,0.16113775
17460,777719,0.19,0.19,21.27,200.0,0.003000528999999999,0.16111405
17470,778158,0.19,0.19,21.15,200.0,0.002996577999999999,0.1610921
17480,778616,0.2,0.2,21.12,200.0,0.0029924559999999992,0.1610692
17490,779090,0.2,0.2,21.12,200.0,0.00298819,0.1610455
17500,779560,0.18,0.18,21.15,200.0,0.002983959999999999,0.161022
17510,780000,0.17,0.17,21.15,200.0,0.002979999999999999,0.161
17520,780418,0.15,0.15,20.86,200.0,0.002976238,0.16097909999999999
17530,780874,0.14,0.14,20.68,200.0,0.0029721339999999995,0.1609563
17540,781326,0.13,0.13,20.32,200.0,0.002968066,0.1609337
17550,781826,0.13,0.13,20.17,200.0,0.002963565999999999,0.1609087
17560,782206,0.1,0.1,20.36,200.0,0.0029601459999999994,0.1608897
17570,782687,0.13,0.13,20.58,200.0,0.0029558169999999995,0.16086565
17580,783150,0.13,0.13,20.31,200.0,0.0029516499999999992,0.1608425
17590,783575,0.14,0.14,20.19,200.0,0.0029478249999999994,0.16082125
17600,783988,0.14,0.14,20.18,200.0,0.002944107999999999,0.1608006
17610,784464,0.15,0.15,19.87,200.0,0.002939823999999999,0.1607768
17620,784903,0.18,0.18,19.78,200.0,0.0029358729999999994,0.16075485
17630,785382,0.18,0.18,19.49,200.0,0.0029315619999999995,0.1607309
17640,785856,0.17,0.17,19.49,200.0,0.0029272959999999994,0.1607072
17650,786290,0.16,0.16,19.78,200.0,0.002923389999999999,0.16068549999999998
17660,786766,0.14,0.14,19.78,200.0,0.0029191059999999994,0.1606617
17670,787186,0.1,0.1,19.78,200.0,0.0029153259999999993,0.1606407
17680,787623,0.11,0.11,19.93,200.0,0.002911393,0.16061885
17690,788071,0.11,0.11,19.92,200.0,0.002907361,0.16059645
17700,788522,0.11,0.11,19.53,200.0,0.002903302,0.1605739
17710,788911,0.11,0.11,19.26,200.0,0.0028998009999999987,0.16055445
17720,789366,0.07,0.07,19.26,200.0,0.0028957059999999996,0.1605317
17730,789806,0.08,0.08,19.34,200.0,0.0028917459999999997,0.1605097
17740,790288,0.12,0.12,19.17,200.0,0.0028874079999999993,0.1604856
17750,790731,0.13,0.13,19.14,200.0,0.0028834209999999997,0.16046345
17760,791172,0.14,0.14,19.21,200.0,0.0028794519999999994,0.1604414
17770,791587,0.14,0.14,19.21,200.0,0.002875716999999999,0.16042065
17780,792009,0.16,0.16,19.27,200.0,0.0028719189999999997,0.16039955
17790,792468,0.16,0.16,19.21,200.0,0.0028677879999999996,0.1603766
17800,792925,0.17,0.17,18.89,200.0,0.0028636749999999996,0.16035375
17810,793368,0.16,0.16,18.89,200.0,0.002859688,0.1603316
17820,793814,0.17,0.17,19.31,200.0,0.002855673999999999,0.1603093
17830,794278,0.15,0.15,19.31,200.0,0.002851497999999999,0.1602861
17840,794712,0.11,0.11,19.31,200.0,0.0028475919999999995,0.1602644
17850,795194,0.12,0.12,18.87,200.0,0.002843254,0.1602403
17860,795680,0.13,0.13,18.76,200.0,0.0028388799999999985,0.160216
17870,796166,0.14,0.14,19.08,200.0,0.002834505999999999,0.1601917
17880,796613,0.11,0.11,18.89,200.0,0.002830482999999999,0.16016935
17890,797089,0.14,0.14,19.5,200.0,0.002826198999999999,0.16014555
17900,797573,0.13,0.13,19.18,200.0,0.0028218429999999992,0.16012135
17910,798028,0.13,0.13,19.18,200.0,0.002817748,0.1600986
17920,798515,0.14,0.14,19.33,200.0,0.002813365,0.16007425
17930,798970,0.16,0.16,19.32,200.0,0.00280927,0.1600515
17940,799429,0.17,0.17,19.34,200.0,0.002805139,0.16002855
17950,799912,0.15,0.15,19.37,200.0,0.002800792,0.1600044
17960,800371,0.14,0.14,19.56,200.0,0.002796660999999999,0.15998145
17970,800813,0.16,0.16,20.03,200.0,0.002792683,0.15995935
17980,801310,0.17,0.17,20.32,200.0,0.0027882099999999993,0.1599345
17990,801781,0.13,0.13,20.32,200.0,0.0027839709999999997,0.15991095
18000,802216,0.13,0.13,20.16,200.0,0.0027800559999999986,0.1598892
18010,802694,0.14,0.14,20.26,200.0,0.002775753999999999,0.1598653
18020,803154,0.15,0.15,20.23,200.0,0.0027716139999999986,0.1598423
18030,803619,0.13,0.13,20.23,200.0,0.002767428999999999,0.15981905
18040,804099,0.15,0.15,20.5,200.0,0.0027631089999999997,0.15979505
18050,804542,0.15,0.15,20.39,200.0,0.0027591219999999993,0.1597729
18060,805034,0.14,0.14,20.39,200.0,0.0027546939999999994,0.1597483
18070,805504,0.12,0.12,20.08,200.0,0.0027504639999999993,0.1597248
18080,805970,0.11,0.11,20.17,200.0,0.0027462699999999994,0.1597015
18090,806441,0.15,0.15,20.41,200.0,0.002742031,0.15967795
18100,806920,0.16,0.16,20.03,200.0,0.00273772,0.159654
18110,807412,0.16,0.16,20.01,200.0,0.002733291999999999,0.1596294
18120,807866,0.14,0.14,20.04,200.0,0.0027292059999999996,0.1596067
18130,808341,0.17,0.17,20.05,200.0,0.002724931,0.15958295
18140,808780,0.15,0.15,20.09,200.0,0.0027209799999999987,0.159561
18150,809206,0.15,0.15,19.8,200.0,0.0027171459999999993,0.1595397
18160,809661,0.19,0.19,19.76,200.0,0.0027130509999999993,0.15951695
18170,810146,0.19,0.19,19.79,200.0,0.002708685999999999,0.1594927
18180,810556,0.19,0.19,19.72,200.0,0.0027049959999999986,0.1594722
18190,811024,0.16,0.16,19.77,200.0,0.0027007839999999995,0.1594488
18200,811500,0.16,0.16,19.76,200.0,0.0026964999999999992,0.15942499999999998
18210,811981,0.15,0.15,19.76,200.0,0.002692171,0.15940094999999999
18220,812426,0.18,0.18,19.73,200.0,0.0026881659999999996,0.15937869999999998
18230,812893,0.16,0.16,19.56,200.0,0.0026839629999999993,0.15935535
18240,813342,0.15,0.15,19.56,200.0,0.0026799219999999995,0.1593329
18250,813788,0.15,0.15,19.49,200.0,0.0026759079999999994,0.1593106
18260,814282,0.12,0.12,19.52,200.0,0.0026714619999999994,0.1592859
18270,814782,0.12,0.12,19.49,200.0,0.0026669619999999993,0.15926089999999998
18280,815261,0.12,0.12,19.32,200.0,0.0026626509999999994,0.15923695
18290,815705,0.13,0.13,19.26,200.0,0.0026586549999999994,0.15921475
18300,816125,0.13,0.13,19.44,200.0,0.0026548749999999992,0.15919375
18310,816565,0.13,0.13,19.44,200.0,0.0026509149999999993,0.15917175
18320,816999,0.11,0.11,19.25,200.0,0.0026470089999999988,0.15915005
18330,817494,0.13,0.13,19.03,200.0,0.002642553999999999,0.1591253
18340,817949,0.14,0.14,18.94,200.0,0.0026384589999999992,0.15910255
18350,818437,0.14,0.14,18.63,200.0,0.0026340669999999995,0.15907815
18360,818879,0.16,0.16,18.31,200.0,0.0026300889999999995,0.15905605
18370,819359,0.18,0.18,18.07,200.0,0.002625769,0.15903205
18380,819770,0.19,0.19,18.5,200.0,0.0026220699999999998,0.1590115
18390,820196,0.19,0.19,18.61,200.0,0.0026182359999999986,0.1589902
18400,820615,0.18,0.18,18.61,200.0,0.002614465,0.15896925
18410,821096,0.18,0.18,18.61,200.0,0.002610135999999999,0.1589452
18420,821562,0.18,0.18,19.03,200.0,0.002605941999999999,0.1589219
18430,822006,0.19,0.19,19.08,200.0,0.002601945999999999,0.1588997
18440,822467,0.22,0.22,19.24,200.0,0.0025977969999999998,0.15887665
18450,822925,0.24,0.24,19.38,200.0,0.0025936749999999993,0.15885375
18460,823375,0.21,0.21,19.38,200.0,0.002589625,0.15883125
18470,823841,0.19,0.19,19.29,200.0,0.002585430999999999,0.15880795
18480,824328,0.19,0.19,19.07,200.0,0.002581048,0.1587836
18490,824813,0.18,0.18,19.09,200.0,0.002576682999999999,0.15875935
18500,825282,0.2,0.2,19.31,200.0,0.0025724619999999993,0.15873589999999999
18510,825725,0.21,0.21,19.56,200.0,0.002568474999999999,0.15871375
18520,826174,0.2,0.2,19.71,200.0,0.002564434,0.1586913
18530,826635,0.19,0.19,19.22,200.0,0.002560284999999999,0.15866825
18540,827088,0.16,0.16,19.18,200.0,0.002556207999999999,0.1586456
18550,827544,0.14,0.14,19.26,200.0,0.0025521039999999995,0.1586228
18560,828006,0.14,0.14,19.26,200.0,0.002547945999999999,0.1585997
18570,828481,0.15,0.15,19.01,200.0,0.002543670999999999,0.15857595
18580,828941,0.13,0.13,19.01,200.0,0.0025395309999999994,0.15855295
18590,829375,0.15,0.15,19.06,200.0,0.0025356249999999997,0.15853125
18600,829839,0.13,0.13,18.85,200.0,0.002531448999999999,0.15850805
18610,830314,0.13,0.13,18.39,200.0,0.0025271739999999992,0.1584843
18620,830808,0.15,0.15,18.34,200.0,0.0025227279999999993,0.1584596
18630,831266,0.13,0.13,17.92,200.0,0.0025186059999999996,0.15843669999999999
18640,831735,0.13,0.13,17.73,200.0,0.002514384999999999,0.15841325
18650,832163,0.12,0.12,17.73,200.0,0.0025105329999999997,0.15839185
18660,832600,0.14,0.14,17.44,200.0,0.0025065999999999995,0.15837
18670,833043,0.13,0.13,17.47,200.0,0.002502613,0.15834785
18680,833492,0.15,0.15,17.59,200.0,0.0024985719999999993,0.1583254
18690,833943,0.13,0.13,17.55,200.0,0.0024945129999999994,0.15830285
18700,834407,0.13,0.13,17.45,200.0,0.0024903369999999996,0.15827965
18710,834848,0.15,0.15,17.82,200.0,0.0024863679999999992,0.1582576
18720,835309,0.13,0.13,18.0,200.0,0.002482219,0.15823455
18730,835757,0.16,0.16,18.03,200.0,0.0024781869999999998,0.15821215
18740,836235,0.17,0.17,17.99,200.0,0.0024738849999999995,0.15818825
18750,836695,0.19,0.19,18.3,200.0,0.0024697449999999998,0.15816525
18760,837147,0.2,0.2,18.3,200.0,0.0024656769999999995,0.15814265
18770,837611,0.21,0.21,18.79,200.0,0.0024615009999999996,0.15811945
18780,838032,0.21,0.21,18.71,200.0,0.002457711999999999,0.1580984
18790,838518,0.26,0.26,18.56,200.0,0.0024533379999999994,0.1580741
18800,838992,0.26,0.26,18.88,200.0,0.002449072,0.1580504
18810,839448,0.27,0.27,18.73,200.0,0.0024449679999999996,0.1580276
18820,839879,0.26,0.26,18.73,200.0,0.0024410889999999987,0.15800605
18830,840358,0.23,0.23,18.83,200.0,0.002436777999999999,0.1579821
18840,840791,0.26,0.26,18.88,200.0,0.0024328809999999996,0.15796045
18850,841275,0.26,0.26,18.82,200.0,0.002428524999999999,0.15793625
18860,841748,0.24,0.24,18.57,200.0,0.0024242679999999985,0.1579126
18870,842195,0.23,0.23,18.82,200.0,0.002420244999999999,0.15789025
18880,842649,0.24,0.24,18.78,200.0,0.0024161589999999993,0.15786755
18890,843113,0.2,0.2,18.74,200.0,0.0024119829999999995,0.15784435
18900,843581,0.22,0.22,18.71,200.0,0.0024077709999999995,0.15782095
18910,844038,0.18,0.18,18.71,200.0,0.0024036579999999995,0.1577981
18920,844495,0.2,0.2,19.01,200.0,0.0023995449999999995,0.15777525
18930,844896,0.19,0.19,19.01,200.0,0.0023959359999999996,0.15775519999999998
18940,845359,0.18,0.18,18.71,200.0,0.0023917689999999993,0.15773205
18950,845793,0.17,0.17,18.69,200.0,0.0023878629999999988,0.15771035
18960,846226,0.19,0.19,18.65,200.0,0.0023839659999999986,0.1576887
18970,846665,0.2,0.2,18.3,200.0,0.002380014999999999,0.15766675
18980,847107,0.18,0.18,18.22,200.0,0.0023760369999999992,0.15764465
18990,847564,0.18,0.18,18.72,200.0,0.002371923999999999,0.1576218
19000,848039,0.19,0.19,18.27,200.0,0.0023676489999999994,0.15759805
19010,848492,0.21,0.21,18.33,200.0,0.0023635719999999987,0.1575754
19020,848928,0.2,0.2,18.36,200.0,0.002359647999999999,0.1575536
19030,849398,0.2,0.2,18.36,200.0,0.0023554179999999997,0.1575301
19040,849840,0.17,0.17,18.49,200.0,0.002351439999999999,0.15750799999999998
19050,850274,0.16,0.16,18.49,200.0,0.002347533999999999,0.1574863
19060,850735,0.13,0.13,18.49,200.0,0.002343384999999999,0.15746325
19070,851213,0.14,0.14,18.53,200.0,0.0023390829999999996,0.15743935
19080,851687,0.13,0.13,18.53,200.0,0.0023348169999999994,0.15741565
19090,852126,0.14,0.14,18.59,200.0,0.002330865999999999,0.1573937
19100,852609,0.13,0.13,18.23,200.0,0.002326519,0.15736955
19110,853087,0.15,0.15,18.5,200.0,0.002322216999999999,0.15734565
19120,853536,0.14,0.14,18.5,200.0,0.002318176,0.1573232
19130,853990,0.14,0.14,18.5,200.0,0.0023140899999999987,0.1573005
19140,854442,0.14,0.14,18.44,200.0,0.0023100219999999992,0.1572779
19150,854913,0.16,0.16,18.18,200.0,0.0023057829999999988,0.15725435
19160,855342,0.18,0.18,18.22,200.0,0.0023019219999999988,0.1572329
19170,855798,0.16,0.16,18.21,200.0,0.002297818,0.1572101
19180,856241,0.17,0.17,18.19,200.0,0.0022938309999999988,0.15718795
19190,856716,0.15,0.15,18.24,200.0,0.002289555999999999,0.1571642
19200,857202,0.13,0.13,18.65,200.0,0.0022851819999999993,0.1571399
19210,857665,0.12,0.12,18.8,200.0,0.002281014999999999,0.15711675
19220,858161,0.15,0.15,19.42,200.0,0.002276551,0.15709195
19230,858621,0.15,0.15,19.42,200.0,0.0022724109999999994,0.15706894999999998
19240,859097,0.14,0.14,19.42,200.0,0.002268126999999999,0.15704515
19250,859527,0.13,0.13,19.67,200.0,0.0022642569999999987,0.15702365
19260,860006,0.12,0.12,19.65,200.0,0.002259945999999999,0.1569997
19270,860490,0.13,0.13,19.34,200.0,0.002255589999999999,0.1569755
19280,860958,0.13,0.13,19.56,200.0,0.002251377999999999,0.15695209999999998
19290,861399,0.13,0.13,19.4,200.0,0.002247408999999999,0.15693005
19300,861852,0.13,0.13,19.43,200.0,0.002243332,0.1569074
19310,862339,0.11,0.11,19.08,200.0,0.0022389489999999996,0.15688305
19320,862770,0.1,0.1,18.99,200.0,0.0022350699999999987,0.1568615
19330,863220,0.1,0.1,18.99,200.0,0.0022310199999999994,0.156839
19340,863636,0.12,0.12,18.8,200.0,0.0022272759999999994,0.1568182
19350,864071,0.12,0.12,18.82,200.0,0.0022233609999999992,0.15679645
19360,864527,0.14,0.14,18.32,200.0,0.002219256999999999,0.15677365
19370,864992,0.12,0.12,18.32,200.0,0.0022150719999999994,0.1567504
19380,865459,0.11,0.11,18.32,200.0,0.002210869,0.15672705
19390,865936,0.11,0.11,18.65,200.0,0.002206575999999999,0.1567032
19400,866405,0.11,0.11,18.39,200.0,0.0022023549999999996,0.15667975
19410,866887,0.1,0.1,18.39,200.0,0.002198017,0.15665565
19420,867361,0.11,0.11,19.0,200.0,0.002193750999999999,0.15663195
19430,867805,0.13,0.13,18.43,200.0,0.002189754999999999,0.15660975
19440,868244,0.14,0.14,18.74,200.0,0.0021858039999999995,0.1565878
19450,868723,0.14,0.14,18.77,200.0,0.0021814929999999996,0.15656385
19460,869177,0.15,0.15,18.39,200.0,0.0021774069999999993,0.15654115
19470,869640,0.16,0.16,18.5,200.0,0.00217324,0.156518
19480,870109,0.17,0.17,18.52,200.0,0.0021690189999999995,0.15649455
19490,870581,0.16,0.16,18.52,200.0,0.0021647709999999994,0.15647095
19500,871041,0.16,0.16,18.66,200.0,0.0021606309999999997,0.15644795
19510,871521,0.17,0.17,18.74,200.0,0.0021563109999999993,0.15642395
19520,871982,0.16,0.16,18.81,200.0,0.002152161999999999,0.1564009
19530,872451,0.14,0.14,18.81,200.0,0.0021479409999999987,0.15637745
19540,872911,0.13,0.13,18.81,200.0,0.002143800999999999,0.15635445
19550,873340,0.12,0.12,18.81,200.0,0.00213994,0.156333
19560,873811,0.1,0.1,19.03,200.0,0.0021357009999999985,0.15630945
19570,874302,0.12,0.12,18.79,200.0,0.0021312819999999982,0.1562849
19580,874734,0.16,0.15,19.44,200.0,0.0021273939999999995,0.1562633
19590,875194,0.17,0.16,19.29,200.0,0.0021232539999999998,0.1562403
19600,875625,0.2,0.19,19.8,200.0,0.0021193749999999997,0.15621875
19610,876100,0.2,0.19,19.59,200.0,0.0021151,0.156195
19620,876572,0.2,0.19,19.85,200.0,0.002110852,0.1561714
19630,877011,0.21,0.2,19.98,200.0,0.0021069009999999996,0.15614945
19640,877511,0.21,0.2,19.88,200.0,0.0021024009999999985,0.15612445
19650,877964,0.22,0.21,20.26,200.0,0.0020983240000000004,0.1561018
19660,878397,0.22,0.21,20.54,200.0,0.0020944269999999994,0.15608015
19670,878885,0.22,0.21,20.43,200.0,0.0020900349999999988,0.15605575
19680,879307,0.17,0.17,20.43,200.0,0.0020862369999999995,0.15603465
19690,879788,0.17,0.17,20.26,200.0,0.0020819079999999986,0.1560106
19700,880242,0.14,0.14,20.24,200.0,0.002077822,0.1559879
19710,880690,0.14,0.14,20.45,200.0,0.002073789999999999,0.1559655
19720,881175,0.12,0.12,20.45,200.0,0.0020694249999999997,0.15594125
19730,881643,0.11,0.11,20.45,200.0,0.0020652129999999998,0.15591785
19740,882109,0.11,0.11,20.83,200.0,0.002061018999999999,0.15589455
19750,882589,0.12,0.12,20.75,200.0,0.0020566990000000004,0.15587055
19760,883052,0.12,0.12,20.5,200.0,0.0020525319999999993,0.1558474
19770,883469,0.11,0.11,20.25,200.0,0.0020487790000000006,0.15582655
19780,883897,0.16,0.16,20.16,200.0,0.0020449269999999985,0.15580515
19790,884339,0.16,0.16,20.13,200.0,0.0020409490000000002,0.15578305
19800,884812,0.19,0.19,19.68,200.0,0.0020366919999999997,0.1557594
19810,885268,0.18,0.18,19.68,200.0,0.0020325879999999984,0.1557366
19820,885741,0.18,0.18,19.68,200.0,0.0020283309999999995,0.15571295
19830,886238,0.2,0.2,19.9,200.0,0.002023858,0.1556881
19840,886720,0.2,0.2,19.92,200.0,0.0020195200000000003,0.155664
19850,887159,0.21,0.21,20.52,200.0,0.0020155689999999983,0.15564205
19860,887632,0.22,0.22,20.29,200.0,0.0020113119999999995,0.1556184
19870,888096,0.21,0.21,20.32,200.0,0.0020071359999999996,0.1555952
19880,888565,0.17,0.17,20.07,200.0,0.002002914999999999,0.15557175
19890,889017,0.17,0.17,20.14,200.0,0.0019988469999999998,0.15554915
19900,889482,0.14,0.14,20.01,200.0,0.0019946619999999995,0.1555259
19910,889912,0.15,0.15,19.82,200.0,0.001990791999999998,0.1555044
19920,890374,0.17,0.17,19.74,200.0,0.0019866339999999993,0.1554813
19930,890815,0.17,0.17,19.35,200.0,0.0019826649999999998,0.15545925
19940,891194,0.16,0.16,19.35,200.0,0.0019792539999999997,0.1554403
19950,891661,0.16,0.16,19.41,200.0,0.0019750509999999985,0.15541695
19960,892136,0.17,0.17,19.69,200.0,0.0019707759999999987,0.1553932
19970,892612,0.17,0.17,19.79,200.0,0.0019664920000000002,0.1553694
19980,893080,0.2,0.2,19.28,200.0,0.0019622799999999985,0.15534599999999998
19990,893521,0.21,0.21,19.31,200.0,0.001958310999999999,0.15532395
20000,893960,0.21,0.21,19.12,200.0,0.0019543599999999987,0.155302
20010,894460,0.22,0.22,19.06,200.0,0.0019498599999999994,0.155277
20020,894889,0.21,0.21,19.2,200.0,0.0019459989999999986,0.15525555
20030,895357,0.19,0.19,19.2,200.0,0.0019417870000000004,0.15523215
20040,895844,0.18,0.18,19.2,200.0,0.0019374040000000002,0.1552078
20050,896315,0.16,0.16,19.01,200.0,0.0019331649999999988,0.15518425
20060,896757,0.14,0.14,19.31,200.0,0.0019291869999999989,0.15516215
20070,897190,0.13,0.13,19.31,200.0,0.0019252899999999996,0.1551405
20080,897656,0.09,0.09,19.31,200.0,0.0019210959999999989,0.1551172
20090,898105,0.08,0.08,18.97,200.0,0.001917054999999999,0.15509475
20100,898574,0.08,0.08,19.25,200.0,0.0019128339999999987,0.1550713
20110,899036,0.08,0.08,19.38,200.0,0.0019086759999999998,0.1550482
20120,899500,0.08,0.08,19.35,200.0,0.0019045,0.155025
20130,899957,0.09,0.09,19.44,200.0,0.001900387,0.15500215
20140,900418,0.12,0.12,19.03,200.0,0.001896237999999998,0.15497909999999998
20150,900881,0.14,0.14,19.17,200.0,0.0018920709999999986,0.15495595
20160,901350,0.13,0.13,19.28,200.0,0.00188785,0.1549325
20170,901793,0.15,0.15,19.36,200.0,0.0018838629999999995,0.15491035
20180,902266,0.15,0.15,19.36,200.0,0.001879605999999999,0.1548867
20190,902706,0.14,0.14,19.36,200.0,0.001875646,0.1548647
20200,903172,0.15,0.15,19.19,200.0,0.0018714519999999991,0.1548414
20210,903589,0.14,0.14,19.06,200.0,0.0018676989999999987,0.15482055
20220,904049,0.14,0.14,19.0,200.0,0.001863558999999999,0.15479755
20230,904514,0.16,0.16,19.37,200.0,0.0018593739999999987,0.1547743
20240,905007,0.15,0.15,19.24,200.0,0.0018549369999999992,0.15474965
20250,905484,0.15,0.15,19.16,200.0,0.0018506440000000002,0.1547258
20260,905960,0.17,0.17,18.92,200.0,0.00184636,0.154702
20270,906440,0.18,0.18,18.75,200.0,0.0018420399999999996,0.15467799999999998
20280,906898,0.23,0.23,18.3,200.0,0.0018379179999999991,0.1546551
20290,907377,0.25,0.25,18.43,200.0,0.0018336069999999993,0.15463115
20300,907802,0.25,0.25,18.88,200.0,0.0018297819999999985,0.1546099
20310,908239,0.26,0.26,18.72,200.0,0.0018258489999999992,0.15458805
20320,908677,0.26,0.26,18.44,200.0,0.0018219069999999993,0.15456615
20330,909136,0.25,0.25,18.44,200.0,0.0018177759999999984,0.1545432
20340,909576,0.24,0.24,18.5,200.0,0.0018138159999999993,0.1545212
20350,910034,0.23,0.23,18.66,200.0,0.0018096939999999988,0.1544983
20360,910514,0.22,0.22,18.8,200.0,0.0018053739999999985,0.1544743
20370,910950,0.23,0.23,19.02,200.0,0.0018014499999999996,0.1544525
20380,911449,0.21,0.21,19.23,200.0,0.001796958999999999,0.15442755
20390,911869,0.19,0.19,19.23,200.0,0.001793178999999999,0.15440655
20400,912344,0.17,0.17,19.23,200.0,0.0017889039999999991,0.1543828
20410,912829,0.16,0.16,19.24,200.0,0.001784539,0.15435854999999998
20420,913327,0.18,0.18,18.95,200.0,0.0017800569999999998,0.15433365
20430,913810,0.18,0.18,19.23,200.0,0.0017757099999999998,0.1543095
20440,914275,0.18,0.18,19.16,200.0,0.0017715249999999995,0.15428625
20450,914763,0.18,0.18,18.83,200.0,0.0017671329999999989,0.15426185
20460,915221,0.18,0.18,18.93,200.0,0.001763011,0.15423894999999999
20470,915689,0.15,0.15,18.9,200.0,0.0017587990000000001,0.15421555
20480,916160,0.15,0.15,18.6,200.0,0.0017545599999999988,0.154192
20490,916622,0.16,0.16,18.92,200.0,0.0017504019999999981,0.1541689
20500,917104,0.17,0.17,18.72,200.0,0.0017460639999999986,0.1541448
20510,917551,0.16,0.16,18.72,200.0,0.0017420409999999997,0.15412245
20520,918016,0.13,0.13,18.72,200.0,0.0017378559999999994,0.1540992
20530,918463,0.13,0.13,18.59,200.0,0.0017338329999999989,0.15407685
20540,918963,0.13,0.13,18.88,200.0,0.0017293329999999996,0.15405185
20550,919431,0.11,0.11,18.88,200.0,0.0017251209999999996,0.15402844999999998
20560,919897,0.11,0.11,18.99,200.0,0.0017209269999999988,0.15400515
20570,920384,0.12,0.12,18.77,200.0,0.0017165439999999987,0.1539808
20580,920801,0.09,0.09,18.77,200.0,0.001712791,0.15395995
20590,921258,0.09,0.09,19.0,200.0,0.0017086779999999982,0.1539371
20600,921702,0.11,0.11,18.58,200.0,0.001704681999999999,0.1539149
20610,922170,0.15,0.15,19.14,200.0,0.001700469999999999,0.1538915
20620,922640,0.16,0.16,19.16,200.0,0.00169624,0.153868
20630,923114,0.17,0.17,19.47,200.0,0.0016919739999999989,0.1538443
20640,923591,0.17,0.17,19.25,200.0,0.0016876809999999982,0.15382045
20650,924060,0.19,0.19,19.21,200.0,0.0016834599999999995,0.153797
20660,924514,0.19,0.19,19.54,200.0,0.001679373999999999,0.1537743
20670,925000,0.21,0.21,19.87,200.0,0.0016749999999999994,0.15375
20680,925457,0.23,0.23,19.84,200.0,0.0016708869999999994,0.15372715
20690,925920,0.24,0.24,20.06,200.0,0.00166672,0.153704
20700,926374,0.22,0.22,20.09,200.0,0.0016626339999999996,0.1536813
20710,926823,0.18,0.18,20.09,200.0,0.0016585929999999999,0.15365885
20720,927274,0.17,0.17,20.09,200.0,0.0016545339999999992,0.1536363
20730,927771,0.16,0.16,19.88,200.0,0.0016500609999999995,0.15361144999999998
20740,928231,0.16,0.16,19.79,200.0,0.001645920999999998,0.15358845
20750,928692,0.18,0.18,19.72,200.0,0.0016417719999999997,0.1535654
20760,929126,0.18,0.18,19.71,200.0,0.001637866,0.1535437
20770,929610,0.15,0.15,19.43,200.0,0.0016335099999999995,0.1535195
20780,930089,0.13,0.13,19.43,200.0,0.0016291989999999996,0.15349554999999998
20790,930524,0.13,0.13,19.86,200.0,0.0016252839999999994,0.1534738
20800,930953,0.14,0.14,19.95,200.0,0.0016214229999999986,0.15345235
20810,931439,0.14,0.14,19.95,200.0,0.0016170489999999989,0.15342804999999998
20820,931889,0.15,0.15,19.94,200.0,0.0016129990000000004,0.15340555
20830,932358,0.13,0.13,19.94,200.0,0.0016087779999999982,0.1533821
20840,932822,0.16,0.16,19.63,200.0,0.0016046019999999984,0.1533589
20850,933246,0.13,0.13,19.53,200.0,0.0016007859999999999,0.1533377
20860,933688,0.13,0.13,19.61,200.0,0.001596808,0.1533156
20870,934149,0.12,0.12,19.61,200.0,0.0015926589999999997,0.15329255
20880,934613,0.14,0.14,19.56,200.0,0.0015884829999999982,0.15326935
20890,935055,0.14,0.14,19.32,200.0,0.001584505,0.15324725
20900,935511,0.15,0.15,19.06,200.0,0.0015804009999999986,0.15322445
20910,935962,0.17,0.17,18.61,200.0,0.0015763419999999997,0.1532019
20920,936405,0.17,0.17,18.61,200.0,0.0015723549999999992,0.15317975
20930,936851,0.2,0.2,18.11,200.0,0.0015683409999999991,0.15315745
20940,937303,0.16,0.16,18.11,200.0,0.0015642729999999997,0.15313485
20950,937710,0.16,0.16,17.75,200.0,0.0015606099999999987,0.1531145
20960,938191,0.17,0.17,17.47,200.0,0.0015562809999999996,0.15309045
20970,938641,0.21,0.21,17.35,200.0,0.0015522309999999994,0.15306795
20980,939098,0.2,0.2,17.43,200.0,0.0015481179999999994,0.1530451
20990,939558,0.2,0.2,17.79,200.0,0.0015439779999999997,0.1530221
21000,940037,0.17,0.17,17.79,200.0,0.0015396669999999998,0.15299815
21010,940522,0.16,0.16,17.76,200.0,0.0015353019999999988,0.1529739
21020,940999,0.16,0.16,17.94,200.0,0.001531008999999998,0.15295005
21030,941445,0.14,0.14,17.76,200.0,0.0015269949999999997,0.15292775
21040,941919,0.14,0.14,17.76,200.0,0.0015227290000000004,0.15290405
21050,942406,0.16,0.16,17.64,200.0,0.0015183460000000003,0.1528797
21060,942819,0.15,0.15,17.66,200.0,0.001514629,0.15285905
21070,943305,0.12,0.12,17.68,200.0,0.0015102550000000003,0.15283475
21080,943787,0.11,0.11,17.68,200.0,0.001505916999999999,0.15281065
21090,944236,0.12,0.12,17.57,200.0,0.0015018759999999992,0.15278819999999999
21100,944704,0.12,0.12,17.57,200.0,0.0014976639999999992,0.1527648
21110,945138,0.12,0.12,17.7,200.0,0.0014937579999999995,0.1527431
21120,945616,0.15,0.15,17.57,200.0,0.0014894559999999984,0.1527192
21130,946094,0.17,0.17,17.35,200.0,0.001485153999999999,0.1526953
21140,946560,0.18,0.18,17.54,200.0,0.00148096,0.152672
21150,946993,0.16,0.16,17.48,200.0,0.001477062999999999,0.15265035
21160,947383,0.16,0.16,17.4,200.0,0.001473552999999999,0.15263084999999998
21170,947816,0.15,0.15,17.4,200.0,0.0014696559999999997,0.1526092
21180,948280,0.17,0.17,17.17,200.0,0.00146548,0.152586
21190,948757,0.17,0.17,17.19,200.0,0.0014611869999999992,0.15256215
21200,949242,0.19,0.19,16.88,200.0,0.0014568219999999982,0.1525379
21210,949702,0.2,0.2,16.97,200.0,0.0014526819999999985,0.1525149
21220,950186,0.21,0.21,16.76,200.0,0.0014483259999999998,0.1524907
21230,950613,0.19,0.19,16.68,200.0,0.0014444829999999981,0.15246935
21240,951066,0.21,0.21,16.51,200.0,0.001440406,0.1524467
21250,951536,0.2,0.2,16.51,200.0,0.001436175999999999,0.15242319999999998
21260,952006,0.19,0.19,16.3,200.0,0.0014319459999999982,0.1523997
21270,952494,0.19,0.19,16.3,200.0,0.0014275539999999993,0.1523753
21280,952959,0.19,0.19,16.32,200.0,0.001423368999999999,0.15235205
21290,953412,0.17,0.17,16.4,200.0,0.001419291999999999,0.1523294
21300,953905,0.16,0.16,16.57,200.0,0.0014148549999999996,0.15230475
21310,954376,0.16,0.16,16.66,200.0,0.001410616,0.1522812
21320,954821,0.12,0.12,16.56,200.0,0.0014066109999999986,0.15225895
21330,955308,0.12,0.12,16.2,200.0,0.0014022279999999984,0.1522346
21340,955769,0.12,0.12,15.73,200.0,0.001398079,0.15221155
21350,956227,0.15,0.15,15.44,200.0,0.0013939569999999995,0.15218864999999998
21360,956696,0.19,0.19,15.32,200.0,0.001389735999999999,0.1521652
21370,957196,0.2,0.2,15.66,200.0,0.001385235999999998,0.1521402
21380,957671,0.19,0.19,15.67,200.0,0.0013809609999999983,0.15211645
21390,958092,0.18,0.18,15.67,200.0,0.0013771719999999994,0.1520954
21400,958559,0.17,0.17,15.67,200.0,0.0013729689999999982,0.15207205
21410,959042,0.16,0.16,15.99,200.0,0.001368622,0.1520479
21420,959526,0.18,0.18,16.03,200.0,0.0013642659999999994,0.15202369999999998
21430,959971,0.17,0.17,16.03,200.0,0.0013602609999999998,0.15200144999999998
21440,960413,0.18,0.18,16.02,200.0,0.0013562829999999998,0.15197935
21450,960883,0.15,0.15,16.02,200.0,0.001352052999999999,0.15195585
21460,961347,0.11,0.11,15.72,200.0,0.001347876999999999,0.15193265
21470,961828,0.11,0.11,15.43,200.0,0.0013435479999999982,0.1519086
21480,962256,0.12,0.12,15.38,200.0,0.0013396959999999996,0.1518872
21490,962703,0.14,0.14,15.48,200.0,0.001335672999999999,0.15186485
21500,963176,0.16,0.16,15.51,200.0,0.0013314159999999985,0.1518412
21510,963639,0.16,0.16,15.37,200.0,0.001327248999999999,0.15181804999999998
21520,964107,0.13,0.13,15.37,200.0,0.0013230369999999991,0.15179464999999998
21530,964574,0.13,0.13,15.37,200.0,0.0013188339999999996,0.1517713
21540,965016,0.09,0.09,15.37,200.0,0.0013148559999999997,0.1517492
21550,965496,0.1,0.1,15.45,200.0,0.0013105359999999993,0.1517252
21560,965935,0.11,0.11,15.89,200.0,0.001306584999999999,0.15170325
21570,966402,0.12,0.12,15.83,200.0,0.0013023819999999995,0.15167989999999998
21580,966846,0.11,0.11,16.04,200.0,0.0012983859999999986,0.1516577
21590,967305,0.1,0.1,16.07,200.0,0.0012942549999999994,0.15163474999999998
21600,967771,0.08,0.08,16.07,200.0,0.0012900609999999986,0.15161144999999998
21610,968240,0.09,0.09,16.06,200.0,0.00128584,0.151588
21620,968700,0.09,0.09,16.06,200.0,0.0012816999999999985,0.151565
21630,969148,0.1,0.1,16.08,200.0,0.0012776679999999992,0.1515426
21640,969581,0.14,0.14,16.06,200.0,0.0012737709999999982,0.15152095
21650,970046,0.13,0.13,16.06,200.0,0.0012695859999999996,0.1514977
21660,970495,0.14,0.14,16.37,200.0,0.0012655449999999999,0.15147525
21670,970951,0.12,0.12,16.37,200.0,0.0012614409999999986,0.15145245
21680,971391,0.12,0.12,16.29,200.0,0.0012574809999999995,0.15143045
21690,971875,0.12,0.12,16.06,200.0,0.001253124999999999,0.15140625
21700,972366,0.15,0.15,16.4,200.0,0.0012487060000000005,0.1513817
21710,972851,0.14,0.14,16.03,200.0,0.0012443409999999995,0.15135745
21720,973332,0.14,0.14,16.03,200.0,0.0012400119999999987,0.1513334
21730,973804,0.16,0.16,15.93,200.0,0.0012357639999999986,0.1513098
21740,974269,0.15,0.15,15.64,200.0,0.0012315789999999983,0.15128655
21750,974727,0.17,0.17,15.64,200.0,0.0012274569999999995,0.15126365
21760,975181,0.19,0.19,15.37,200.0,0.0012233709999999991,0.15124094999999999
21770,975627,0.21,0.21,15.51,200.0,0.001219356999999999,0.15121865
21780,976093,0.22,0.22,15.82,200.0,0.001215163,0.15119535
21790,976527,0.24,0.24,15.71,200.0,0.0012112569999999986,0.15117365
21800,976990,0.22,0.22,15.67,200.0,0.0012070899999999992,0.1511505
21810,977452,0.23,0.23,15.98,200.0,0.0012029319999999986,0.1511274
21820,977921,0.25,0.25,16.38,200.0,0.0011987109999999981,0.15110395
21830,978399,0.24,0.24,16.64,200.0,0.0011944089999999987,0.15108005
21840,978876,0.23,0.23,16.87,200.0,0.0011901159999999997,0.1510562
21850,979309,0.21,0.21,16.87,200.0,0.0011862189999999988,0.15103455
21860,979774,0.16,0.16,16.87,200.0,0.0011820339999999985,0.1510113
21870,980224,0.14,0.14,16.87,200.0,0.001177984,0.15098879999999998
21880,980683,0.13,0.13,16.93,200.0,0.001173852999999999,0.15096585
21890,981131,0.11,0.11,16.64,200.0,0.0011698209999999997,0.15094344999999998
21900,981624,0.14,0.14,16.97,200.0,0.0011653839999999985,0.1509188
21910,982085,0.17,0.17,17.51,200.0,0.001161235,0.15089575
21920,982513,0.16,0.16,17.62,200.0,0.0011573829999999997,0.15087435
21930,982976,0.15,0.15,17.45,200.0,0.0011532160000000003,0.1508512
21940,983416,0.14,0.14,17.61,200.0,0.0011492559999999995,0.1508292
21950,983839,0.17,0.17,17.38,200.0,0.0011454489999999998,0.15080805
21960,984315,0.2,0.2,16.78,200.0,0.0011411649999999995,0.15078425
21970,984779,0.21,0.21,16.79,200.0,0.0011369889999999997,0.15076105
21980,985210,0.21,0.21,16.94,200.0,0.0011331099999999997,0.1507395
21990,985668,0.21,0.21,16.97,200.0,0.0011289879999999992,0.15071659999999998
22000,986115,0.19,0.19,17.18,200.0,0.0011249650000000003,0.15069425
22010,986559,0.15,0.15,17.0,200.0,0.0011209689999999994,0.15067205
22020,987018,0.16,0.16,16.84,200.0,0.0011168380000000002,0.15064909999999998
22030,987468,0.18,0.18,16.93,200.0,0.0011127879999999982,0.1506266
22040,987948,0.2,0.2,17.09,200.0,0.0011084679999999979,0.15060259999999998
22050,988396,0.2,0.2,16.64,200.0,0.0011044359999999986,0.1505802
22060,988863,0.19,0.19,16.72,200.0,0.001100232999999999,0.15055685
22070,989339,0.18,0.18,16.72,200.0,0.0010959489999999988,0.15053305
22080,989817,0.18,0.18,16.7,200.0,0.0010916469999999994,0.15050914999999998
22090,990280,0.2,0.2,16.84,200.0,0.0010874799999999983,0.150486
22100,990744,0.2,0.2,16.57,200.0,0.0010833040000000002,0.1504628
22110,991190,0.2,0.2,16.69,200.0,0.0010792899999999984,0.15044049999999998
22120,991673,0.19,0.19,16.78,200.0,0.0010749429999999983,0.15041634999999998
22130,992138,0.16,0.16,16.78,200.0,0.0010707579999999998,0.1503931
22140,992608,0.15,0.15,16.67,200.0,0.0010665279999999989,0.1503696
22150,993057,0.14,0.14,16.55,200.0,0.0010624869999999991,0.15034714999999998
22160,993533,0.14,0.14,16.82,200.0,0.0010582029999999989,0.15032335
22170,993980,0.14,0.14,16.82,200.0,0.00105418,0.150301
22180,994449,0.14,0.14,16.95,200.0,0.0010499589999999996,0.15027754999999998
22190,994883,0.12,0.12,16.92,200.0,0.001046053,0.15025585
22200,995321,0.13,0.13,16.76,200.0,0.0010421109999999983,0.15023395
22210,995787,0.13,0.13,16.57,200.0,0.0010379169999999993,0.15021065
22220,996266,0.12,0.12,16.57,200.0,0.0010336059999999994,0.1501867
22230,996712,0.13,0.13,16.89,200.0,0.0010295919999999993,0.15016439999999998
22240,997165,0.14,0.14,17.1,200.0,0.0010255149999999994,0.15014175
22250,997605,0.13,0.13,17.24,200.0,0.0010215549999999986,0.15011975
22260,998068,0.15,0.15,17.36,200.0,0.0010173879999999993,0.1500966
22270,998490,0.17,0.17,17.26,200.0,0.00101359,0.1500755
22280,998956,0.18,0.18,17.42,200.0,0.0010093959999999992,0.1500522
22290,999429,0.18,0.18,17.65,200.0,0.0010051389999999986,0.15002854999999998
22300,999913,0.15,0.15,17.65,200.0,0.0010007829999999981,0.15000435
